# Resource object code (Python 3)
# Created by: object code
# Created by: The Resource Compiler for Qt version 6.9.3
# WARNING! All changes made in this file will be lost!

from PySide6 import QtCore

qt_resource_data = b"\
\x00\x03\x1bd\
\x00\
\x00\x01\x00\x08\x00\x10\x10\x00\x00\x00\x00 \x00\xf5\x03\x00\
\x00\x86\x00\x00\x00\x18\x18\x00\x00\x00\x00 \x00\xd3\x07\x00\
\x00{\x04\x00\x00  \x00\x00\x00\x00 \x00\xdc\x0c\x00\
\x00N\x0c\x00\x0000\x00\x00\x00\x00 \x00\x89\x19\x00\
\x00*\x19\x00\x00@@\x00\x00\x00\x00 \x00@*\x00\
\x00\xb32\x00\x00``\x00\x00\x00\x00 \x00\x86U\x00\
\x00\xf3\x5c\x00\x00\x80\x80\x00\x00\x00\x00 \x00\xd8\x8c\x00\
\x00y\xb2\x00\x00\x00\x00\x00\x00\x00\x00 \x00\x13\xdc\x01\
\x00Q?\x01\x00\x89PNG\x0d\x0a\x1a\x0a\x00\x00\x00\
\x0dIHDR\x00\x00\x00\x10\x00\x00\x00\x10\x08\x06\x00\
\x00\x00\x1f\xf3\xffa\x00\x00\x03\xbcIDATx\x9c\
-\xd4mlSe\x00\x05\xe0\xf3\xbe\xf7\xb6\xbd\xbd\xed\
\xd6v\x1d[\xb7\x0e\x06\xfb*\xc2\x1c\x12\x1c#\x99!\
\x81\xcd\xa0\x0e\xa7B ~\x82\xc9\xd0%\x9a\x89\x12\x1d\
\xf1WE#Y\xe2\x22$DH0F\x86bBf\
\x04#\x89\x0e\x22\xe2\x22\x1bj\xb697\xb6\xeeC\xe9\
\xbau-k;\xb6\xf5c\xbd\xf7\xf6\xbd\xaf\x19x~\
\x9f\x1f\xe7\xcfs\x08\x1e\x84\x00\xe0\x00\xc5\xd1\xe6\xd76\
E\x1f\x7f\xe6\xcd\x81u5\xf5)U+\xdc\xb6\x8a\xa2\
\xdc\x22\xcc\xf4\x91\x9c\xae\x1d\xedGn\xb6\xb4\x9f\xf8f\
\xa5\xce\xb9N\x08!\x9cp/(\xf9\x88\xea\xfd\xcf\xda\
\xeb\xbb\xea_zn\x952w`\xcf\xf6\xb4\xb5\xe9\xb7\
:\xac\xb1/C\xa8\xdc\x8d\x1f\x17$4Nt\xe1\xf5\
\x0d\x93\x90\x87\xc7/,\xb5^\xf9\xd8\x93\x80\x8f{\xbd\
\x84x\xb9\x97>O\x8eY\x0a\xbe\xb5\x06\x22\x91\x5c\xfb\
\xc4\x98\x8c5\xa5`6C\x9a\x16\x95\x18Iso\x03\
\xce\x16\x1d\xe4\xafL\x9c\xd7\xcf7\x05\xf8U_\x99x\
8\xde\xf8\xf3\xe8\x0b5\xbb\xf6wv\xde\x9f\x0e[\xdb\
Wm\xfb\x86.\x1e}\x92\xf7+N\x8f\xd5\x98e\xd1\
\x09Q\x19>\xfdk\x1b\xfaK\xb7\xe3p\xf6/p\x8b\
\x8b\xc8\x8e\x04a,\xb4\xaa'7~h\x9c\xcb\xf7|\
r\xbd\xaa\xb8\x95\x18:.o\xd6\xfa\xa2\x7f\xbc\x1a\xbe\
@\xdf\xdb\xd1O,6\x1b\xc9\xa8\x14lIC\xda\xe5\
\xc6\xf7?8\xb0g\xcb\x04\xf2<Nd\xac\x12\xd8\xf4\
4\xef\x18|X\xff\xbc\xae\x0d\xbb\x1f\xb1l\xa5\xb9w\
\xe3\xefT\xd5\x14\x8b\xdd\xeeF><c#iE\x85\
\x92\xe0h\x1d\xaaG\xfbi+\x86\xa9\x0b\xe3wLP\
\x15\x05z<\x85y\x9fB\x06\x842\xcc\xdcS\x85\xdf\
\xc7\x96Z\xa8\xe4\xcc\xae\x8b\xf8\x02\xbc\xc15B\xab+\
\xa2x\xff\xf2V\xa4E\x1d\x87j\xc7\xd0r0\x84w\
\xc5\xef\xb0\xa1\x22\x06\x8de\xa0$U\xc8\xf9\x0co9\
\xafP>2\xc5\xc3\xb1\xc4N\xd1?\x19\xc9[\xd7}\
\x8d\xd8KF\xf1t\xcf^\xdc.\xd8\x89\xf8\x80\x13{\
\x1d\xbd\xf8\x93\xe7b$T\x827\xa6\x07Q\xbb%\x09\
Ec\x98\x0aj\xf8\xb5\xdfN\xf4\xf2\x0c\x96\x17\x13.\
B\xdf>\x99\xd6\xa7\xe7LYY2\xa8Y\x84%4\
\x85T\x9e\x1b,\x09h\x09\x1dOY\x07q\xc0\xd2\x8d\
\xeb\xeaz\xf8g%\x1c\x7f\xb1\x0f\xbe\x113\x8eD\x9a\
\x10\xaa},-\x12\x91\x84H\x92\xae\xedx\xe83\xbe\
\xb1$B\xe6\x82\x12\x0c\x84\xc1]Aq\xb5\xb7\x04\xf2\
l\x10V\x17\x07\x1f%\xd8\x5c\xcd\x10\xf33\xccgd\
=hYMhb!@IF\xbb\xc5Mf0\x91\
\xeb\xa1!\x0a\xc1\xa0\x83\x0b\x14\xf1i\x05\xcbB\x06Z\
\x99\x03\xc5\x05\x09HK\x0bX\x1d\xfd\x07w\xe6\xed\x08\
\x85\x0c\x9c\x81\x11]\xd5~\xa2bh\xea\x14,F\x10\
\xc9Df\xfd\x12t\xa3\x089\x8f u\x0f`LG\
&\xc1\x10\x9a0\xa0\xca\x1dEiE\x06eeI^\
Y\x18\xa5\xd9JTa6\xe7\x19\xaa^<\xd5\x83\xc0\
\xfcYn\x90h\xd8\x98\xa5\x85bf\x18M\x0c<\xc3\
\xc0\x19\xc08G\xa1G\xc5\xa6\xca\x18\xcc\xf3\x11\xeeJ\
D\xb5K\x93U\xba*9\x8f\xd3\xe6'|\x84s/\
%d\xc9t\xa3\xfd\x8b\xf1b9Y\x94V\x98\xae3\
 7\x1f\xa4s\xa0\x9c8\xcd)\xb0\xb1\x14w;\x92\
\xba\xe6\x90\x04w\x1eAX7\xa4\xeaZO;8\xdf\
\xa7\x89\xc0\xb1\x15\x5c\xcb\xa6\xb0\xd0\xe3\xa3\x96\xf5\xb7\xe6\
\x8a\xaa\xb8N\xb1\xd6\x11\xc3\xbfA3\xee\x8a\x02n*\
\x8f\x92\x99\xdb9\xc2\x07\xb5\xd7\xd2\x0b\x7f\xa7\xcf\xd1\xc0\
\xe2\x0d\xafw\x7f\x86\x90\x07\x8cW$\x93\x97\xe1\x92\xbf\
F8\x8d]g\x1a`\x8d\x1fB|\xb1Z\x90\x98\x93\
I2C\x8e\xcd\x0f\xb3\xdc\x85K\xa3_\xc2\x7fb\xf0\
\x7f\xfd\xf7/\xe0?\xeft\xb8\x90\xb4$\x94\xe2\x00\x00\
\x00\x00IEND\xaeB`\x82\x89PNG\x0d\x0a\
\x1a\x0a\x00\x00\x00\x0dIHDR\x00\x00\x00\x18\x00\x00\
\x00\x18\x08\x06\x00\x00\x00\xe0w=\xf8\x00\x00\x07\x9aI\
DATx\x9ceVkl\x93\xe7\x15~\xde\xf7\xfb\
\xec\xf8\x12_rs.\x04pb\x92\x0c\x92\xa6)\x8c\
RBi\x04\x88\x02\xa3b pZF\x011\xb5b\
\xb4\xac\x1b]QaL\x0dt\xf4\xa2\xd2\xad\xdbz\xe3\
2v\xa1-t\x18\xb5\x81R\x1a((\x04F$J\
\x02Ip\xc2%q\x9c\x0b\xce\xc5q\x1c\xc7\x89\xed\xcf\
\xfe\xbe\xef}\xa7Pi\xa3\xda\xf9q\xa4\xf3\xfc8G\
:G\xe7y\x1e\x82\x07\x82s\x10\xc0I5\xc4\xa5*\
\x13\xc01n_\xbe\x10k\xf3\x12\x83K\xa32+\x92\
8\xb1&\xa22\xf2\xad\xfa`\x8eY\xdb\x1a\x01\xab\x09\
\x9b\xad\xae\xb9\xc4\xa0\xac\xa4\xb1>\xaeVQB\xf6\xb0\
\x07{\x92\x07\x8b\xefK>1)\xfd'\xdb\xf6\xeex\
\xd5~q\xd3\xe5\x8cU\xa9\xafk\x16#\xc1\x19\x10\x8b\
a\xfd\xbc)(J\x22p\x8f\xca`z#\xa4\xd6\xf6\
\xc0[m{\xa4\xb6\xb7\xaf\xadp\x8e\xf6\xdd8\xce\x8f\
\x0b\x95\xa4R\xfd\xc1\x80\xe3N\x08\x95'\xa8z\xf2!\
\xfd\xc2\xfcy\xc6\xed\x1f\x15o)\xb2t\x0c\xe4\xbd\xf9\
\xcc5\x90,\xbd\xba\xed\xc0lb\xcfL\x10\x07\x0d\x93\
\xda\xc2\xadh\xce\x9a\xcc/\x5c\xf5\xf0}M\x87\xf8\xe3\
3\x89\xf0\xe8\x22\x0b\xba\xae\xf8\x83c\xe7n\xde\xe0\x9f\
\xb4\xad\xa9\xe6<\xbc\x9b\x10N\x00N8@\x5c\xdcI\
\x9d\xc4%\xb4\xff\xc1z\xb5`SF\x99\xf7h\x18\xa0\
:5\xacI\xa3\x02\x05\xd1\x8d\x85`+K\x85\xb9b\
\x12\xbe\xd9>\x84\xe5\x85\xfb\xc0'e\xa2\xf0\xe2\xd78\
=\xe7\x12/X=\x93\xfb\xeb\xdb\xe9\x96\xcb\x0fCX\
\xfb\xf4f\xd7\xd4\x9c\x83\x15\xb5\xb5b\xdd\x82\x05\x8aX\
\xe9tR\x17q\xa9s\x96l\xfd\xe9\xd1tW\x99\xe7\
C\xaf|\xea\xf4d\x91\xa6\x9a\x04\x0b\x0b\xa3\xac\x02\x10\
K-\xb8~\xc4\x87\xce\xaf\x08N\xf8g\x82\xe7+\xf8\
y\xf3?\xd0\xa2\xcb\x86\xaf+BBoV\x93\x14\x8b\
\x85]\x13V2[Lw`{\xaf\xf7\xde\xbe\xc9y\
g\x9c\x9c\x0b\x04UU\xd4X\xbe*]\xba\xe9i\xce\
?\xfd\xb5m\x96\xd7\x8d=\xbbz\xa9\xde\x96\x8c\xc4(\
G\x5c&\xe0\xe3\x12N\x9d\xcc\xc4\xdf\xb2Vc\xf0\xc7\
3\xf0\xa4\xe7\x0av\x19\xabQ\xba\xd2\x8c\xbf\xbc\x18\xc1\
\x8aWtPG\xa2\xe8\x18\x9e\xc2\xde(\xd9Ft\xd3\
f\x04\xe7O\xd3\x97`\xdfG\xfe\xfb7\xd0\x1d\xf8\xea\
c\xc9\x17\xfd\xc5\xc2\xeeo\x95_N\xbf$N\x8a\x0d\
\x83r\x0d\xb4\xc9\x028\x13\xa03\x12d?\x9c\x0cM\
\xba\x15\x1f\xbe\x08<\xbd\xf4\x0e\xa4\x02;\xb4Z\x0aK\
\xb6\x19rt\x1c#\xc3\x09L6\x0c\xe2\xe8\xb9Be\
\xe7\xca\xcf\xc4\x8a\x94\xf1\xbf\xba\x8a\x0b\x9f\xa78s\xd3\
\xa1v\xf5m4w{\xb9\xd8\xe5\x13\x1c\xb1\xbb\x10s\
)fm3C\x8es\x14\xaf5\xc1\xe3\xa38r\x88\
\xe1\xe2\xfe.\xd4\xe4\x97b\xcb\xc5% \xb7z\x10\xba\
\x1b\x81\xdeF1\xdc\x1eA\x12B\xf8\xe3\xbb\x99x5\
Q)\x04\xbd\xed\xbcsHZ\xb7!\x14rP}c\
\xd3\xfa\xb2i9\xfa9\x1b\x9f`m;_#\x8f}\
\xf9\x0az\x1b\x80p{\x10\xd5\xff4\x83y\x07q\xd8\
\xfb(\xb6\xaa;\xe0n0B/)x\xa4(\x86\xb1\
  \xd08\xc0\x14\xa8\xe1\x18\x02M1,[:\x86\
\xf2\xfc\x08Q$\xc2\xfaF\x12\xfa\xee\xfe\xe0Z\xea\xc8\
\xb5,\x0b$\xeb\xf9\x85\xb3\xb7\x89\xe2\x1e\xc4;\x1bZ\
\xb0\xe2\xe5!\xbc\xffg\x1bZ\xf3\x0b\xa1\x99\xc40\xcb\
6\x84\x9f\xe9\xeb\xf0\xcc\xafF\xe0\xf4\x9f\xc7\xa6\xe9\xb5\
\xd0\xe4i \x88\x0a\xa4\xf11\x10\x0d\x03M\xd2 \xcb\
\x11\xc2\xa6[\x1f\x80t\xf4\x93\x91\xd08\x0f\x8dD\x9f\
\x14\xc3\xaaZ\xd0s\xbe\x85\x94\xbb/\xe3\xad\xd9gQ\
X\x1c\xc5\x1b;\x1c\xd8my\x0e%)^\xf4\x9d?\
\x83\x9d\xcf5\x02\xb1\x06(\xba$\x90\xd0\x08\x82^\x01\
\xc6\x5c\x0e\xce8\x8cY\x22\xa8@@i\x02z\xbd\x0c\
\x8fl\x03\xc9\xb4\x12\xa5\xcfO\xc2\xd9\xc6\x22\xd1?8\
j\x22\x81\x11H\x1a\x90\x83\xddsP\xdf^\x04\xafl\
\x82&O\x80\xdb4\x0b\xcbO\xadC\xc917\xa8I\
\x87\xfeX2Z\xcc\x05x\xa1\xb3\x1e\x0f\xf5\xfa\xb0t\
\xaf\x09\xa1\xeb\xf7\x905\x8f\xe0\x86KA\xdb~\x11\x8d\
\x01\x13\x98=F\xa8\x81\x22>\x1a\xb1\x10\xba\xe3@\x1c\
\xfd~-\x1b\x8d\x02\xda4\xe0\x91b\xa0\xe5\x16\xe0\x1b\
\x06,F \xdf\x0eD\x190\x1c\x04r\xf5p\xa0\x0f\
K\x02\xb5xi~3\x18\xe1\xd8\xf9^\x11\x9e]\xdc\
\x895/Ihm\xb5\xe0N\x83\x80wZ\x17\xe3\xbb\
\xb9\xcb\x91\x92c\x88\x89\x10\x05?a,\x97\x0aZ\xfe\
kz\x92\xd8\xa3\x9f\xc3o7A\x9b=\x0e\x91\x00\x14\
\x0c\xba\x02\x13\x84t\x195\xf56l\xd2\xd5\xc0l\xe3\
8y$\x15\x07\xc7\xe6\xc3S:\x17\x97jo\xa3\xad\
\xb9\x06k\xd6\x0c\xc1\xd3\x99\x89>c\x06'\xd1(\x91\
T]@\x04%\x9d\x10\x85\x5c\x16\x88pG^/y\
au\x17\x9a\xcf\x024\x81\x89\xee \x84\x80\xaa\xc0\x8c\
\x0d\x22\xfa=\xb3\xe1\xe5SP>\xa3\x1f\x8b\x96sX\
\xab\x1bQXr\x05\x86UZD\x06d\x98M\x12\xbc\
\xa2\x1d\xbdY%L\x83\x04M\xc8\xac\x85\xf2\xa1@=\
I\xb5\x00\x0a\xe31\x83\x1e\x9d\x8d\x02\xeeu\xe8!f\
\xeb \xeb\x0d\x10s\x8d\x08q\x13\x82\xed*\x06B\x80\
a\x9a\x88\xa9Ya\xa4\xc5\x83h\xed\xd6\xa1\xd1\xad\xc1\
@\xcb\x18\x86|*\x1a\xef\xa6\xc0\xea\xef\x03\xe9\xf7\x11\
&\x8a\x84I\xf1\xd3\x94_\xbb\xf9\x19\x94\xb8\x8cT\x0b\
\x15T\x19Z\x03G\xdd\xa5L\x5c=k@\xee,\x15\
\xd7\xbf\xa0h?\xcf!j\xbf\xe7\xde\x84\x04\xd0\x18p\
\xfd\x82\x11\xddj:\x02\xc99\xb8\xe2\x9e\x82\xef\xeeN\
F dA\x22\xc3\xc2\x09g\x84\xcb\xf1 \x93\xc6\xbf\
\x10\xd1\xf0\xa9\x1bv[5rK\x9cT+*\xf2\x18\
\x17K\xa7\x0e\xe3\xb152\x08\x05\x9e\xd8\xca\xe0\xadc\
\x90\xc7't\x84#I\xa7\xa2\xa7]\x8b4;\xc3.\
C\x1d,\xc5Zd:\x09D\x13G\x7f;C\x85\xcf\
\xa3~r\xeb)\xd1\xaf\xd3\x1d$\xdb\x9f\xf5SpN\
R<\xee\xdf\xa2\xc7'1\xbdA\xe0\x1a\xc2\xf77\x97\
\xe2_\x1f\xa7a\xbc\x87\xa1\xa7\x09\xe8<\xa7\x80R\x80\
M0\xbc\xaaBc\x05&\x95\x01,C\x8b\xbeN\x8a\
\xd6o\x14\xf4\xb89N\xbd\x9b\xcc\x96}\xbeV\x0cf\
\xa7\xf4\xa6P\xed\xdb\xbc\xaa\x8aRTV\xd2\xe0\x8ds\
\x1d\xb8\x13\xdc\xca\xc2\x12O\x12\x19{~]'\x9f_\
)\xc1`#H\xcdQa_$L\xe8\x1c\x18\x03\x18\
(\xac\xc9\x09\xf4\x5cM\xdc\xe7!c\x81\x16\xc3\xa3z\
(\xa3`\xce\xcd\xa3\xca\x82\xa7\xa41%6e}x\
G\xe5(\xda\x8a\x09\x85\xcb\xa5\x9e\xaf\x85\x88\x8e\xf7\x0e\
\x97\x18\xbd\xdfj\xad\x22\x1c\xb1~\xd5\x1c\x18V\xef\xd4\
0\x8c\xb4\xca\x80\xca\x91d#P\x14\x02\x83N\xc6\xdd\
\x90\x15G\x8e\xe6\xc3\x12\x89\xe1\xd2\x07\x22\xb7=.(\
CA#\xed\x1fI\xd3\xbe\xe6\xf82\x8c\xf7W\xd4)\
\x9c\x13\xb8*\x99\xf8?\xc5\x07\x116\xc7\xd5\x89\xc7\x88\
\xa6\x19\xa12\x0d\xa86\x02E\xe1*\x17A\xa8\x9f\x13\
\xc8\x8c\x90\x918d\xaa\xf2\xb6\x0c;\xdfx,\x0dv\
\xc3\x18\xfd\xcd\x8fn\x88\x9f\xfe;\xa3w\xa0US_\
\x96!\xb6\xa2j\x17\xdd\xbd\xfb\xbe\x12\xb0\xfb\xb9\x0a\xa0\
{\x00vx\xbav\x998\xa4\xe4\xee\x0d-\xbb\xed\x9f\
o\xff\xbdJ\x84\x0a$d\xf0x\x1cOH\xb7\xd0\x94\
\xe2\x80\x85KHN\x12\xd0`/\x07\x98\x0c\x12\x19\x1f\
x\xdd\xfd\xf7\x13\xb6\x8e\xee?m\x8e\xc3\xf3C\x13\xf1\
\x7f\xae\xe2\x01T\x14\x80\xdf\x1dZ\x8c\xe1\xf0j\xc4\xa5\
rH|*\x04\xa2GR\x92\x0amR\x80R\xa5I\
C\xf8\x99xnj5^\xde\xd0?\xb1\x82\xe3\xc7!\
8\x9d\xe0\x84\xe0\xbf\xd6\xe5?\xfaJ\x85\x9c\xd8\x02\x0b\
\xf9\x00\x00\x00\x00IEND\xaeB`\x82\x89PN\
G\x0d\x0a\x1a\x0a\x00\x00\x00\x0dIHDR\x00\x00\x00\
 \x00\x00\x00 \x08\x06\x00\x00\x00szz\xf4\x00\x00\
\x0c\xa3IDATx\x9c}\x97yp\x95U\x9a\xc6\
\x7f\xe7[\xee\x92{\x93\x9b=\x81\x04\xb2\x11\x13\x10\x02\
\xc4\x06T@QD\x11\x10\x19\xc6\xa0\xb6\x14j\x8b\xda\
\xda:\x82\xb6\x16\xd0\x22b;\xdd\xcd\xb4\xddn#S\
n\x83=6\xb4\x12F\xa7\x05\x17\x14Y4\x80\xa0\x02\
\xc3\x16\x02\x09\xe1f#\xfb\xcd\xdd\xb7\xef\xfb\xce\xd4\x8d\
muw\xb55\xe7\xafS\xa7\xea\xbc\xef\xf3.\xe7=\
\xcf#\xf8\x81%A\x88\xd4f\xcf\x1e\x95k\xae1\xbe\
;\x94\x9eUD\xe7f\xf8bsc\xa6\x9cl&\x8c\
b\xc3\xc2\x1dG\xc8\xb8%\x83.\xbb\xe6\xb5k\xca7\
~\xc3\xd8i\xf5\x9f\xdc\xb5q\xfc5!@ \x84\x5c\
'\xa5\xf24H1l\xfa\xef\x97\xf8A\xe7*RX\
\xa0H\xd8\xf4\xd8\xd2\xfcp(\xfa\xe0\x99i\x0b\x975\
\x8f\x99Q\xe6\xb5\xdb\x19\x0a\x86\xe8\xd5\x9d\x98\x89\x04\xa5\
\x18,.\xcb\xa18\xc3\x89\xa5\xa9\xf8\x8c$\xed\xaa\xda\
\x9c\xdexb\xc7\xbd/\xdc\x7f\xc9\xf8\xd6\xe3\x8b\xc4Q\
\x91\xc4\xfa\x07\xdf?\x0c\x00!X%e\xd6o\xf8m\
\x82\xf3?_:b\xdb\xf6\xf5\xbb:\x1f.\xa8\xfe\xe9\
\x08v\xfe\xc1i\xfd\xb3\xfbQ\x19\xad\xa8\x14\xe3\xce}\
+\xba]Y\xe2\xde\xa5W15M\xca5\x87\xbad\
w0.\xab\x93!\xc5\x95\xd0\xc5\x9c\x0b\x9f\xb1jN\
#o/?\xf9\xbb\xb6\x13G\x9f\x9fS=2\xf6Q\
c\xa7o\xbdH\x85\xf6\x03\x00$(\x02\xac\x8d\xd8\xaa\
\xaez\xc4\xb9\xafy\xb08\xb6\xbb\xf2\xa6\x12\xad\xf1\x02\
7\xba\x8e\x19\xd7\xbd^\xa3\xd2tQ\xbc\xfar\x01\xbd\
\x8e\x1c\xee\xad9CO0\x93\xe7\xa2u$\x17\xde@\
\x83\xb7\x8f\xcev?\x9b>X\xc3\xec\x05\x0e\xcb12\
\xc3\xca\x9eQ\xa4\xf4\xed\xedW\xf4\xbe\x81\xe8\x89\xe7\x1b\
\xf6\x5cs\xca??U\x8e\xbf\x05!\xbe\xdfl\xdd\x8a\
\xfa\xca+W\x8b5\xea\xe1\xcd\xd7o\xce_b\x9a:\
j[\xd0\xc2\xee\x11QG\x960\xa4\x8dpXA\xf3\
\x87Hs'\xd0\xaa.\xc1\x96\x9d\xcb\xf9\x17\x8frE\
\xff\x0az\xa7\xd6\xa0H\x93\x8a\xaf\x1a\xf8Ed;\xcb\
\x9e\xaaBd\xe7@W\xb7\xb1\xe1\xb9>m[\xed\xdd\
\xad\x153\xca\xae}\xb7l\xec\x85\xbf\x05\xa1\x0d;\x07\
u\xc9m\x98oZ\xfb&\xd6\xfc!s\x09\x85\x98\x1f\
\xdc\xd0-\x0e\x1d\xcbT\x14=\x8e\x96\xe8\xc0\x19\x8aP\
Y\x93\xa0pn!-\x9b\xba\xa8{\xdf\xc1\xc0\xae3\
4\xed\xec%\xaf6\x88\xcf\x88\xe3\xf1\xf6pn\xc2\x1c\
\xbe:\xd0\xc4\x9d}\xedx[\x86\x18\xa5Y\xda^_\
\x99y\xb1jR\xd9T\x95O\xe7\x9e=;\xfdi\xe8\
_\xbfn\x9d\xc2\xfa\xf5V*\x03\xa2\xaen\xab\xb2m\
\xdb\xadf\xc6\xba-;~\xdb\xf8\xe4\xbc\xa9%\xe7\xad\
\xae#i\xaasA\x05\xd2p\x92\x91%\xc9\xce\x91\x94\
Ls\xa0\x14\xbah\xde\xd8\xcc\xf6?Y\xbc\xe3\xba\x9a\
\xd3\x95\x97\x11\xbar&\xd3\x1b>\xe6\x8d\x82\xb7\xf8\xc0\
\xb8\x82\x8a\xc0\x05\x5c\x89^\x12\xe7\xba\xa9^T\xce\xa1\
\xaej\xee\xacx\xd8\x98<!_\x9b\x9c\xa7\xeez\xb3\
\xb4\xf8\xfa:P\xea\x85\xb0\x04[\xb7\xaa,Ybj\
\xef\xec[a\xb4\xfb\x9eO\xfbp\x97\x99\xd9\x16P\x97\
\x8f:\xc6\x8a_t\x12\x8e\xa6\x13\x1f\xb4\x08\xf9,\x02\
]\x06f(FG\xb3\x93w\xcdy\x5c\xb8|\x22\xcd\
#\xc6p[\xcb.\x9cM]\xdcU\xb6\x9f\xa9\x1bF\
\xb3\xf9\xf6\x01\xdaZ4V7ds\xf2}\x1f\xbe]\
\x83$\xae\x9a\xc9r\xdb\xb2d\xe9\xf4Z}\xb4+\xb9\
\xea\xbfJFm\xa8\x93R\x15H)\x9c;\x0e\x8e\xb4\
\x9a/\x9e1z\xfdi\x15\xb1\x1eqW|\x87\xc8\xea\
\xeb\xa7,\xd6\x89p\xdap\xa6\x094\x97\x06B\xc1\x95\
\xef\xc0^\xec\xa2\xe2r\x07\xc16\x1bk\x7fU\xccC\
\xe5\xdb\xa9^;\x86\xbe\x1e\x0f\xae\x12\x17\xe6\x80DW\
L\xactI\xf8b\x04{\xaeBF\xcc\xcb\x86?^\
+\x9f\x9e\xbd\xd6\xba\xb1@\xc4\xb5\xe2\x9c\xb1\xf5YY\
\xedZjP\x18\x9bw?f\x85bn\xb3\xe5\x82\x91\
u\xf4\x90\xf6\xe0\xa3\xfb\xf1\xdcb'4\x98\x8b\xbb(\
\x93P\x87I, \xc9\xad\xcd\xa2kO\x1fV\xcf\x00\
\xfdM6<\xa5&\xe3K\x13<\xe1\xbd\x99'\x9e\xde\
I\xd2\xdeO\xb8-\xc1\xa4G\xca\xc9\xab\xc9\xa2a\xe5\
\xb7\xe4\xcd\xcc`\xa0\xd5\xe0\xebc.\xbe\xcc\xb7\x89\xf8\
\xa4\x01\xd9\x96\x9e\x976\xda\x1fy\x94\xec\xec\x15\x22\xfd\
tGN\xb0\xfe\xf3\xc6\xe2\xb6\x8e\xdc\xcc\xd1\xb9\xf4\xf4\
G\xc4\xcd{_'_\xf8\xa9)\xf6S\xf7^\x0e\xbb\
\xef\x0b1\xd8,\xa9\xdb\x91\xc3\xf3\xb3\xa3l\x09^F\
\xbe\xddO\xad\xdf\xcb\x8e\x997\xf1\xbf%\xf3x\xe3\xc4\
Jn\x7fV%\x12\xcb\xc4\x95\xe7DQ%\xfe\x8e\x00\
\x8eBI\xef\xfb\xed\xdc\xbc\xf3'\x9c~\xe86t_\
\xaf\xd4\xa5\xca\xd4\xda\xe2^W\xb6m\xac\x16\xdcq`\
\xfe8\xb7-\xafb\xd9\x1c+h\xb7+\xaai\xf0\xc6\
\xf8K\x18\xf7\xec\x1b\xdc\xfd\xb3\xdd(\xc1\x10\xfbO\xe6\
QZ\xa3\x22\xa2\xfd\xf8\xaa\xc7\xf2\xed\x94\x95\x5cz\xfc\
S\xd6h\xc79wq\x80;b\xff\x8e\x82\xca\xa1\xd5\
\xad\x04\x93\x82+\xd6]\x8a3[\xe5\x9bugP\x1c\
\x0a\x99ctv\xdc\xb6\x8d\x9f\xee\xb3\xf3\xe9\xcc\x05\x22\
\xd9v\xd1\xea\xf7'\x0a\xe2\x99\xce\x1b\xb416k^\
\xfa\xa5\xe5r\xdf\x89\x0ei\xb4^D\xaf\x9d@\xedy\
//\xfe\xf8\x0b\xc6\xdc-\xf8z}\x98\xb7#\x0b\xd8\
Px\x08KUI\xeb\xea\xa3\xf2\xeb\xc3\xcc\x1f8\xc8\
\xb8\xe5!\xc6\xad>\xc1\xe2\xf9m\x94\xfd\xdc\x83\xaf\xbd\
\x08i\xea8s$\xa6a2\xe5\x99R\x10IP-\
\xdc\x19\x83<\xb0\xef?\xf9\xec@%\xb2<K\x0e\x0e\
Fdz\x81c\xaef\xcfvMn:\xd7%\x02\x07\
N)\xee\xa4\xc1\xa2\xf6\xdf\xb3\xf6\xbaO\xa9\x98\x13\xe7\
\xc0\x1a\x8dU\xfb\xae\xa3e\xe2D\xb4\xee\xcfP<p\
\xff\x860wu\xbd\x80k\x94\x8b\x8cI\xa3\x18\xbf\xb9\
\x8f\xcf_\xb5S\xbcw\x08\xe9\xb3\xc0\x82\xcb\x9f\x1dM\
\x22\xa9p\xe4\x97^\x14K\xe2(\xd1I\xcf\x89\xf3\xf1\
\xf9\xf1pe\x0e\xa2\xa3W\x04m\xba\x88\x84\xdd\x93\xb5\
\x81\xb8Y\x18hj\x83^\xbfx\xac\xb3\x9e\xa5\x8b\xbc\
t\x5c\xd0\xd9\xf4O\x05\xbc+\xae\xa2y\xe1\x8d\x08\x9b\
\x83\x8d\x9fL%\xfb\xa1?Sz\x83\x0b\xbbS%|\
!J\xdb\xde\x04\xc7Of1c\xa6\xc9\x9c\xf5\x1e\xfa\
\xbb\x1ch\xba\x8a\xa7$\x1d\x91\xa61\xe3\xb9\x12\x92\x91\
\x00\x19\xc5*\xb6d\x1f\x1f6\xc7@\xd8P\xf2\xdc\x22\
\xd1;@$VP$l/\xd6\xc7\xcd\x03\xc7mV\
\xd2\xa4\xd4\xdfEv0\xc8\x85\xa2q\x0c\xa4~/M\
\xa2\xa7\xd9\xb0\x8aF`:\xd3\x18\xb9\xef\x00E-\xa7\
\xd1]:I\xdd\xc6\xa0\xee\xa1\xb5\xb4\x8aY\x83\xc7\xb8\
\xc6\xf7\x0d\xee\x9eA\x96l\xce%k\xa4\x8d\xe6Oz\
)\x9c\x9d\xc1\x97k\xfb9\x7f\xd4A\x984>\xca\xbe\
\x92\xc3\xb3nB\xab\xca\x85\xee!F]Q\x19\xd3\xcc\
hR\xa6>J\x91\xe7\xa15\x18\xa2ut\x09\xcc\x9a\
\x02\xe1 \x1cm\x22\x196\xa0\xa5\x1d\xf2\xb3\xe8\x9a?\
\x9b\xae\xd0th\xeb\x05O\x1a\xb8\x1c\x100h\x8c\x84\
\xf8QA\x07\xcb\x9fM\x92W\x18\xe5\xcd\xc7b4\xec\
\xcb\xe7\xd7\x99^\x16o\xc9\xe2\xc2\x1e\x8dc\x075\xdc\
1/\xf6\xa6=4xn@O\xd3\x09Gb\x86&\
\xa55D\x9a\xb3\x80pD*\x19nQct\x92\xde\
\xd0\xc3Y\xdb(L_\x10u\xc0\x8f\xa2*(-\xed\
\xa8\xc7\x9b`\xd4H\x8ac\xbdtx!C\xb3x\x22\
s;\x13g\xfb\xc8+\x8cs\xec3\x17\x1f\x7f\x98\xc5\
\xa6\xe2\x05\x04o-'\xfc\xaf\xef\xb0\xb2\xf9$\x97\xdf\
\x9fFim\x90\xc6\x17\xbd\x1c\xec\xf7 \xfda\xa9\xb8\
=\x22\x920\xfc\x9aT\xd5VT\xad@\x0d\x05\xa4\x81\
K\xdc\x129\xc8\xcae\xa7\xe8\x8e\xd9\xd1m*B\x95\
\xa8\x8a\x8aj\xd3\xb0\x92IR\xc4\x22#\xd7N\xcb7\
.\x9e|\xa7\x16\xdf`\x94#\xa7,\xbe\xee(A\xcb\
\xd2x\xaf\xfcZ\x5cY\x19\xe4\xb7\xb6r\xb8p*O\
\xbddc\xd1\x96c\xb83M\x9e\x0c,\xe5\xe2\x1ds\
Q\x06}\xd2\xb4<B\x1aV\xab\xa6\x04\x82MVN\
\xe64\xd9\xd1)Q\x14\xda}\x1a\xce\xb1\x0a\x81\xc3\xd0\
u(\x81\x88I\x84\x22\xb0\x8c\xd4$VH\xd5\xabb\
\xb6\xce\x84\x1b\xfbQ\xdf5\xe8/*\xe1\xce\x15\xa7\x98\
\xd6?\xc4\xd8\x19\x06\xf3Vl\xc1\xa5\x19\xd4<\xad\x91\
\x1c\x84\xa8]Es\xda\xc8\xb0\xc7hx\xae\x87\xb7\x12\
\x12!,)\x15A\xc20\x0fj\xb2\xb9u?\xd5U\
w\x92f\x17\x84-\x84ME&-.|()\xbe\
L\xc7\xe9\x84\xa8_\xa0\xda\x049cT\xa2!\x18<\
\x95$12AW\xbf\xa4\xba\x18\xdc\xce8\xcd[%\
\x15\xd5*\xc7[\xb21\xd35\x0aZ\xfb\x88\x04\x04*\
1,)\x18\xd0-*\x07\x9a\xa0\xb3\x17\x99\xa5)\x98\
Id<\xfe\x91f}y\xe0c\x91\x9d\x1d\x10E\x05\
\x19\x9c\xed\x95B\x11B\xb1A\xd4pr\xf6\xb8\xa0t\
R\x94\xaa\xeb\x05\xb1\x90\xe0\xc4G&\xaa\x94x\xcat\
\xc4\xf0+QAW\x88\x0e\x80'G\xe5\xf3\x17T^\
\xf2]\x85\x19\xd5\xd9\xf6@;BM\xd1,\x81\x02L\
P\xba\xd83\xaa\x06YjX\x8a\xea\x14\x96i4\xd2\
\x11=\xa0\xd1\xb9\xaf\x83\xd6\x89\xef1e\xf2]\xa4\x87\
M\x82\xa6\x86\x09\x96\xa6\xd0\xb0\xbf\x90\x03\x1f\x85YQ\
\xd8\x8d\xafG\xa3\xed\x90\x0b-\x1a\x03C\xa0N\x91H\
S\x82\xb4P40#\x16\xe95n\x1e\xd8\xb3\x87\xdb\
\xd6J\x0c\x87\x86\x11\xb20\x93\x12W\x8eI\xc9\xb8\x08\
\xdb\xdf\x8a\xf2\xe3\xc3eV\xac\xa2X\x13\x89\xc4[r\
\xfd\xd2D\x8a\x11\x09\xd9\xda\xfe;2\xd3\x97QZ!\
\xe4\x80.Q\x10jO\x98{\x16\x9fa\xd2}\x10\x8e\
\xea\xe4O\x94\x5czs\x88\x9eS\xd0\xf1M\xca\xf0\xf0\
M0-t7\x1c\xf8\xd0\xc3}\xf7\x84\x88_\x16\xa3\
\xe3\x88\x03\x87\xcd\xa2\xe4J\x85\xf4Q\x82\xaf\xdfN\x12\
i\x93T\x84\xbcV\xbe\x16S\xbc\xd2\xea\x19=8\xf4\
\x9aWJ\xa1QW\xa7P_\x7fRd\xb9^\xc1=\
\xe2a<n\x838\x9a7s$/\xbfS\xcc\x15\xdb\
[\xf9\xc9\xe3}Dc\x12i\xb7s\xf4\xa5\x08\x95\xd7\
\x0fS\x83\x14\x95@\xc1\x1an\xcc\xb4B\x01\x8a\x8a\xa7\
Z\xa3\xf3\xa4\xc4i\x17$\xfb\xe3\x14\xcd\xd5h\xff\x5c\
\xb0\xf1\x5c%\x8d\xb9\xa3\xad\xae['h\x84\x83\x8f{\
_\x5c9\xc4\xf4\x225\xe5\xdcb\xdd:eV\xb8g\
5\xe7Z\xce\xc8p\x5c\xb3L\xac\xb2\x82\x00\x95\x93\x0d\
\xac\xc2t<\x85\x0a\x0e\xd5\xc2\x08\x19\xe4\x95+h\x0a\
X\xa9\xb1/A\xd5%\x890\x5c\xbep\x88\xbcj\x83\
>\xaf\xca\xb5\xeb`\xd44\x135C\xc1\x0aX\xd4\xcc\
7\xb9\xf7\xb1\x0e\xf3\xec\xd4\xd9ZR\x15\xf5\xe27\x0f\
\xbe\xfd=\x13S\xbec\xe4\xb0\xfb\xf8ga\xc2\x05\xb7\
8c\xfe^\x13A\x06\x01\xf9o\xcb\xbfb\xdd/\xcf\
 m&\x9e10r\x9c\xc1\xa5w\x82\xbdD\xc5\x88\
\xa4\xa4\x8e\x18\xeep\x9b\x03\xbe\xdd\xa6\xf3\xc2\x5c;\xe9\
\xd9\x92\xb0\xdfb\xc3#\xa3\x89\xab\xce\xe1*\x1d\xf9s\
\x86q\xdd\x1d~\xf1\x0c\x9bZ\xe9Xx\x8f\x95J]\
]\xdd_Y1\xeb\xd7[\x1b\xefC\xbf\xff\xb5U\xa7\
\xa6LS\xdf\xc5\xae=\xe4Rd|\xf7\x1b6\xdd\x9e\
&T\x99L\xa9\x06\x86\x9b-\x9e\x10\x8c[(\x18\xee\
\xbf\xd4\x5c\x00t!\xf8D\x99H\x95\x12`\xd9\xd4\x13\
\xfc\xcf2\x9d\xda\x9bb\x94LK\xcaH@\x97\xadC\
9\x1aZ\x80Y#O\x9b<\x97\x17\xe4\xcd\x94d\xfb\
.p\xed{]p\xc9\x88\xd4\xc1:E\xd1\x9eu(\
B\x88\xd2\x058\xca#&\xaaaZB\x22-e\xf8\
\x05\x0e\xa7\xdeQ\xa2\xa1\x84\xc1f\x1a8\x95\xe4\xf0\xb4\
\xd4tA\x87\xea\xe6\xf1g\xc6r<^h\xbd\x5c\xb4\
\xd7*\xbdZ\xd1\xbe\xfa\xbdK4F=\x0d_\xae\x11\
c:\x1a\x1d\x7f\x82\x88\xa8_\x92\xea\xa0\xd4[\xe3\xaf\
\x00\xfaN\xa7\x00\xac\xb7\xa2]\xfa\xe1/~%n?\
\xf1\xdf\xe6\xeb_\x8e\x98\x5c~1\xbf\xe8f\xa2\x09D\
0\x08V\xd24\x15M\xd4\xba\xba\xc5\x9c\xa2v\xe1\xf5\
d\xf3\xc5\xf9\x08U\xab[d\xa3\xa3@\x9e-\xaa\x91\
x\x02*\xe33\x94\xa7\x8e\xa4+k\x1e\xf8$|\xfa\
`rc}\xf7\xb7O\xe8\x7f\x94Y[H\xfaRZ\
hI\xfdw\xce\x7fX\x1b\x02\xab\xa1\xe0\xd7\xd0\x83f\
\x83\x7fyy\x11\xb1\xf0#\xc4\x13\xd3IZ:\x89\x04\
\xf8\x86p\x0e\xf8\x89\x16\xe5\xa6\xea\x80j)\x98\xe5#\
QT\x81\x88D\x906\xdb\x09\xcbHn\x9e\xfa\x1f\xaf\
n>Ls\xc7\xf7\x82W\x1a\x08\xf1\x97\xd4\xff\xbf\x00\
P\xa1n1\xea\xd6z\xa4:\xccq\xc0\xfd\xb3\x0d?\
\x8aY\xcc\xb3L9\xddDVIM\xcd\x15R\xd1\xd1\
4Kj\xca\x90H\x1a\xadR\xd5\xf6\xa3k;\x09\x1c\
\xdb\xc7k\xaf%Sv\xb6.FME\xfc\x17\xc9\xff\
\x0f\x12\xf9\xff\x00\x98\x14\xe6T9\x14\x10\x99\x00\x00\x00\
\x00IEND\xaeB`\x82\x89PNG\x0d\x0a\x1a\
\x0a\x00\x00\x00\x0dIHDR\x00\x00\x000\x00\x00\x00\
0\x08\x06\x00\x00\x00W\x02\xf9\x87\x00\x00\x19PID\
ATx\x9c\xa5\x9a\x09\x94\x1dU\xb5\xf7\x7f\xe7T\xd5\
\x1d\xbbo\xcfsw:\x9dN\xc8\xd0\x09\x99G\x02!\
@\x08\x10\x83\x08&\xc8 8\x00\x22\x8a\x80>\x9e\x82\
>B\x04ET\x04Ey+>e\x10!!A\x04\
\x12 \x11\xc8@\x18\x92\x10B\xe6\xce\xd0\x99zJ\x0f\
\xe9\xf1\xce\xb7\xaa\xce\xf9V\xdd\x86\xef\xd3\xf5\xa9\xcf\xf7\
}\xb5\xd6]}W\xdfU\xa7\xce>\xfb\xbf\xf7\xfe\xef\
\xff.\xc1\xff\xf4\xd2Z,;\xff|\xe3\xc1-[\x1c\
\xf7\x93\x7f\x9d\xbbc_\xcd\xe4\xba\xf2s\x8bMs\xb6\
_\xca\xf1\x06z\x98\xa9U\xa1!\xa4\x0f\x04R\x8aT\
\xd2U=\x83J\x9fH\xa2w'2\xee{\xc7\xda[\
>X?eJ\xb7w\xbf\xf0\x96\x15\xc2[\x1b\x0d\xd9\
o\xff\xeav\xbc{\xff\xf5k\xf5j\x83\xa5K\x87\xf6\
\xad\xb5\xbf0\xca\xe2\x852\xf9\xc5\x9adb\xae\x81Y\
\x18\xb5\x05\xbd\xf1\x0c\x03\xa9\x0c1\xdb%\xe9\xb8(\xed\
\xedFP\x11\xf2Q\x9f\x1f\xa4$\xc7\x8fP\x0e\xbd\xb6\
\xdd\xe1\x98\xf2\x9dT:\xbdjEe\xd9+\x8dB\x8c\
\xea\xc8\x0d\x8d\x9a\x1fK\xae[\xa6\xb5\x5c\x0e\xea\xff\xdb\
\x80e \xcf\x07\xd9\x0dz\xcd\xea\xd5\xbc\xb8t\xa9{\
\xf3\x8a\x15\xd6\xb4\xd7^\xfbj:\xd7\xb8\xa3c\xd2\xdc\
1\xd1\x9a\xc9\xbc\x9e[\xce\xc9DJ9I[c\x99\
\x02\x9f!\xb0L\xb0]!\xa5\xe0\xfa\xe1y\xfa\xa2\xca\
\x5c\x02R\xe8\xee\x94\xa3m\xe5JGH\xd1c\xf8H\
\x9a\x82n\xe4\xc7\xd7\xfe\xf0K\xfe\x91\xbe\xae\xfa\xcd\x8f\
n-\xbbe\x19\xd1\x8f\xd6M5\xa29\x1f\xe9\xf3\xb7\
\xe0\xfe3\x8f\xfck\x1e0\x04\xb8\x9a\xc8\x9b\xdb/I\
U\xd7\xfc\xf8\xf1\xdb\xae\x99|\xfd\xcd\x071\xeb\xca\xdc\
\x96\xf7L^~w\x84|h\xe17D_Y!\xca\
4\x11\x19\xf0\xc7S\xa4\x8a\xf2\xf8\xf6\x88 \x9f\x1bS\
\xca\x07-\x83<\xd1\xd8C\xbf\xab\x90\xae\x22\x92\x1b\xd6\
#|B\xf5\x0a!\xca\x1bO\xc8'b\x8f2l~\
\x05/_\xbc\xee\xb1\xcf\xf7\xf7\xdcE*\xf9/m\xcd\
\xfcG'\x7f?\xe8\xb5X\x93\xfdAym\x7fR\xed\
\xb8\xf5\x8f\xef\x9c\x1b\x17\xf9\xdfT\xbb\x9aY\xd7^\xe0\
\xce\xd9.\xc4\xf8kF\x18\xf53\xe0\xae\x11\x8d\xec\x7f\
\xf6\xcf<}\xf9\xcd\x14\xb6\x9e\xe4\xce\xbd\xcf1=\xb7\
\x8f_\x18\xe7s\xf8\x9b_\xa21\xad0\x82&e\x11\
\x1f'[\x07\xb2\x87q\xce\xd6\xd7\xc5\x98\xbeSF\xc8\
1(;\xf0\xa1*z\xa8\x12ct\x01\x85S+\xef\
|\xf2d\xc9\xe8\xfaL{c0\xd7L\x9cn\x8b=\
\xf9\xd9\xce\x81\x13\xff(6\xfe\xae\x07\x96i\xe4r\x89\
Z;\xd5j\x5c\xf0X\xc5\x98=\xbfq8\x90\xa8\xc3\
QZ[=\xbdZ\xa5\x1d\xd9p\x9e`\xda\x7fL@\
\xa74\xfd\xa7\xce\xf0\xde\x03\xfd\xc4K\xab(\xe8?\xcd\
\xf4k\x02\x14\x7ff\x1c\x9d\xbf?\xc5co\xd7\xb2\xee\
\xd6\xbb\x19U\x1a\xe2`_\x92#\x03i\xc2)\x9bg\
\x1f\xbe\x91Kn\x0a\x12X4\x11'\xa9\x11U\xc5H\
\x09\xc9\xf6\xa8\x0e\x09Sh;\xc5\x9e;\xd6\xc3\xc6\xd6\
\xb9/k\xfdA\x83\x10b)\xb8\xff\xad\x01\xab\xc1X\
j\xe0\xaep\xb9b\xf6\xfdy/M\xb8'b\x93\xce\
5\xc8(\x90!\x03\x7f.H\x0b\xcc\x10\xd8\x9f,!\
\x0c\x90\xee\xd0G\xd8\xe8D\x007\x9e\x83,\x8f\x90z\
f\x1f\xdf^;\x9e\x15W~\x0d\x84\x83\xf4\x19h\xc7\
%\xbf\xf1\x08_^\xff_\x5cw\xb5`\xfc-\xd31\
m\x8dV\x12#lpz\xf7\x09\xe7O?9\xa1~\
3\xf1\xab\xf1\xd3\x8b.X:0\xa3\xfe\xady\x9b6\
\x99[\xe6\xcfw\xfe\xa9\x01Y7\xe9e\xe2\xc9\xe0\xf2\
\xaa\xbay\xa1=\xb3\xff3?\xdf\xb4\xc24\xefO\x8a\
\xd3\xbb\xa2\x04\xd2\x1a\xe5x\xa8\x93\xd8)\x85\x8d\x81\xe3\
\x08R\x03\x0e\xda4q\xe3\x19dX2\xf3k\x13)\
\x19_\x032M\xbc\xe5$\x1bn\xe8\xe3\xda[\x9e\xc1\
\x09\x1bH\x9f\x85\xad\x15\x22\x95B\xf7\xa7\xb9\xef7\xf7\
\xf2\xef+j\x08\xcf\x19\x03\x19\x17\x95qx\xe5\xb3\xaf\
qm\xc5\x0d\xba\xfc\x8e%bA]Af\xf7\xf1S\
\x97\x7f8s\xd2\x86%Z\x1bk\x84p\xffa\x0c\xdc\
\x0f\x06r\xb9\xe3hf\xd7\x5cb\x16\xf8K\xb5\xab2\
)c\xff\xcf\xbaxwc.]\x81\x0aD\xc6\xc1\xd0\
 \xb5\x22\x974\x15t2f\xbe\x8f\x86{Gp\xe8\
g]\xb4\xaej\xc6wo\x9a\x81c\x07\xd9\xff\xc4\x09\
:\xde\x8a\xb3\xa9\xe8\x02l\xe1\xa2\x5c\xf0\xb5\xc7\xc8\xe9\
O\xd0W[\x0a!\x83\xc9\x0d\x06\xe1\x19Et\xee<\
L\xdf\x89>\xc6,\x99\xcb\x8c\x8b*\x19\xdb\x19\x14\x87\
\x0f\xb5\xaa\x01\x0b\xdf\xd4\xfa\xda\x97\xcc\xf7v\xcc]#\
\xc4\xc7KV\xaf6\xd6|\x9a\xca\xff\xc6\x00\xad\x05\xf7\
\xdf\xaf\x0ag^\x1a\xf9\xe1\xb6\xc6\xef[O\xdd\xadr\
'\x0f\x8a\xee\x93\x92T\x93\xcb\xdc/\xe6\xd2\x1e\x13\x98\
\xc2\x22'\x07\xc2AE~\xbe\xa4|\xc2\x18\x86/\xcc\
\xc54a\xd8\x9f\xc6\xb0\xe5\xcb)\x0e|\x7f\x17\x07w\
\xe7\xf0gk.\x07\xa6\x9dM\xdb\xd8\xd1 \x5c\x86\x1d\
o\xe7\xf1\x9d?e\xd8\x04\xc9\xca\xf7\xa7\xf1Q_\x15\
\xd3\xa7G9\xfe\x97\x83l\xbd\xe5#LS\xd3\xd1\x18\
g\xce\xbcB\xce{\xbd\x93\x8f\xeb\xeb\xe4\xea\xf7\xf7\xbb\
\xd7^0!4nD\xdd\x8b\x07\xfek\xfd\xf4qK\
\x16\xf6\xb3l\x99d\xf9r\xf5\xb7\x10Z\xad\x0d\x96\x0a\
\xd7\x5c\xbd\xe59'-\xaf\x9d\xf8\xf3G\xdc\xab[7\
\x19i\xd7Om\x8d\xe2\xc6\xb7\x0dd\xa8\x14\xcc X\
\x92l\xc4a\x0c-1\xe0\xa0l\x90y)v\xfc\xb8\
\x93\xfb_\x98\xc5\xe6s\xe7\x92\x9c8\x06L\x01V\x08\
\x1cIak\x1bO\xbcx'\x97\xae\xca#\x12\x8a\xb0\
\xf7\xfb\xad\xec\xe8\x0f\xb2\xe5T\x0d7\x95\xeeg\xce\x9a\
\xb3\xd9\xfbX+\xdd\xc7\xa3D\xdbJye\xf1ml\
\x9c6\x873\xc7:\x9c\x1b\x16M7\x07S\x03\x7f^\
S_{\xe5_CI\xfcu\x85\xf5=\xb7\xf1*e\
\xf8_\xd4\xafnt\x5c\xdb6e,\x86\x0aG\xb8l\
\xefv~0\xf7m\x8a\xae,\x22qR\x93\xeeW\xd9\
O\xa2\xdb&\xd9o\x93\x19T8\x09\x07\x91r8\xdd\
R\xc5\x9b\x0b\xaecf\xe6\x08\xefT\xced\xf3\xf4\xf3\
\xb8\xe1\x8d\xe7\x99\x11?Hs\xa8\x94\xfcmM\x9c;\
\xfd\x14s^\x98G\xea\xc0)~uU\x82\x94\x8ap\
\xd3\xdd\xadT\xde\xd8@\xb4;\xc6\xfaE\xbb\x19\xbf\xa4\
\x9c\xe1u&\xcf\xbf9\x9d{o\xfc.\x81\xb6N\xe7\
\xd2\xcb\xe7\x98\xcd\xadm7l\x980\xea\xd9O\x8d\x10\
\x9f@GP\xb3 l\x98\xc9\x03\xe2\xa3C\xd5Bh\
-k+\xe5\xfc\x1do3\xa2\xa5\x11;-\x98z\xf0\
\x03\x8c\x90\x8b\xcf\x92X\x96\xc04\x052\x00V\x8e\x0f\
+,1\x03\x16\xbe\x1c\x83p}\x88\xaa\xd1.\x15\xe7\
\x94\xd2\xb8\x22\xc1]\x9dWr\xc5\xd6\xe7\xb9\xf6\xa7\xdd\
Df\x0f\xc7\x19\x0cc\x07r\x08V\xe4\x82V\x0c\xee\
\xebG\xba.9\x93\x22`\xf9\xc9\xf4$pS6\xc1\
aF\xd6\xdb}Ol\xe3V\xfb\x01\xd64\xccRs\
\xdc\x0c\xd5\x13j\xba\xb6\xed80\xf6\xd4\x15\xe7\x0f\x0c\
\xc5\xc0\xe6\xcd\x06\xcb\x97;\xf2\x99s\xbfe&\xec\x1a\
#?\xe8\xa4\x83>\xb3\xf8\xfd=|3\xfe\x0c\x0b\x1e\
\xcf\x90\xe8\xf5\xa1\x0b#\x04ss\x10\xbe\x00\xc2\xd4\xf8\
\x22>\x08\xf9!\xa1@H\xc81?\x81\x94\x06%!\
n0vy\x90\xdbn{\x91\x17\xf2'1\xfe\xd9\xb5\
\x0c\xafw\xb1O\xf7\xa1T\x0f\xf6\x07\x0a\xe5J\xea/\
\xaa\xc3_\x94\xc3\xa9\x8d\x87\xe99\xd6\x9fe\x22\x04\x14\
*\xe1\x90W\x22I\x1f\xee\x22|h3\xbe\x8b.\x93\
\x87\xb6\xefs\x86O\x18Q>n\xfc\x88\xbbN\x09\xb1\
l\xde&/\xf7\xcd\x9f\xef\x16|wE\xde |K\
\xc7\xa2:q\xf0\xb8\xa4w\x90h:CS\x9b\xc5T\
\xc7\xa5h\xa2I\xaa\xdb&\x95H\x91\xe3\x17\x08|\x1c\
\xfbK?\x03-\x19F/,\x22X\x10`\xcf\xb3'\
\x88\x1e\xe8'\x1c2\xf0\x95Z\x84+-\xf2\x1b\x0c*\
\xc5\x00\xefO\xfc\x22\x03\xc7\xe0\xfa\xcf\xae\xc3\x1a\xee'\
\xd5\xe6`xy?\x0ce\xe3\x0b\xf1\x15\xfah\xde\xd0\
M\xfb\xa6\x18\xc5s\xf3)?/\x87\x0f\x1f:\xc3\xf6\
T5\xca\xaa\xe1\xf5\xc53P\x1f\x1c$^R \x0f\
}\xdc\xa4\xab\xcf\xae\xbem\xc4\xea7\x7f\xb1e\xbe\x18\
\xf0\x8eM\xc7\xc6\x8f\xbc\x8a\x84S\x9ay\xe3]\xb7\xa8\
(\xc7\x08\x8f\xad\xa1;\xa3x\xb1{\x069\xd7o$\
\xa7Z\xd1r\xc4`\xf4\xbc8\x8b~Q\x9e\xa5\xbe\xbb\
\x1f=\xc3\xe9\xf7\x5cF\xec\x0a\x10\x0eIN=\xdb\xc7\
s\x07\xc6A\xaeEQ\xac\x97\x80e\x93\xe3wh\xce\
\x9fL\xcb5\xb5\x9cl\x18\xc35/\xed`\xe9\xea \
\xb2\xa8\x0e\x94\xc7\xb45\xee\x80\xc2\xedu8\xf7'S\
!\xe41\x05/6\xe3\x94$\x07yl\xddb\xf6]\
6\x0f\xa30\x8c\xe8\xecG\x9d\x89\xcaC\xe0VL\x1e\
Y\x5c3\xae\xees\xc7\xe1i\xd3#\x18N\x22u}\
`W\xa3\x9e\xb7x:\x85\x93G\xd3\xa1\x05\x05)\x9b\
C\xd3F\xf3\xe0\xef\x8b\x91\xdd6\xe7$Nr\xe5\xcc\
\xbd\xe0\x13\xa4\x9a\x07i\xee.\xc4\x1c\xe7\xc7/\xd2(\
\xdb\xc6\x8a\xf8\xd9\xb0\xf0\x0a\xa25\x85Y\x08]\xb9s\
=\x0b\xd2\x07\xf9\xfd\xa8\x0b\xf1%\x14\x81h/\xebb\
\x93\x19y\xf7zr\x17$\x88\xb7\xbb\xd9\xaa\xdbp\xe5\
X\xac\x80b\xd7\x8aC\xf4\x1dM\x22\xbdj\x1ar\x88\
o\x8fr{\xe6u~\xdbR\xcb\xce\xa2\x89\xc8\xda2\
8\xd5E<\x96\xa6\xa7\xbdO\x07\x0a\xac/\x00OK\
\xdf\xda\x1d#\xfc\xad\x1d3\x17\xce\xae\x17\xce\x9c\x89\xf2\
\x884\x19\x10\x02\xc74\xc8\x1fQA\xdb\x9d7\x10\xcb\
/a\xf1\xd8\xa3\x94_\x9a\x83v\x1dN\xad\xedcs\
\xe2,\x06#~\x0ce#\x5cM\x12\x03s\xe40d\
q\x01%\xf1\x0c7\xe5n\xe3\xea;N\xb1\xf8\xe3\x0f\
yt\xef/X'~\xc8\x15\xa3\x8fpz\x97\xc5\xbe\
\xfb:9\xfa\xcb.ZV\x9fA\x93AX0\xf0Q\
\x8c\x81\xf5\x09\xe2\xdb2$\xb6C\xd9E\xd5\xdc\xb8*\
\xca\x8a\xa6{\x99\xf4\xe2_P\x83\x09Dy\x01(-\
[\x9a\xdaE\xda\xd1\xb3\x0b\xd7\xbeUe\xa6\xf7\x1c\x9b\
?\xb7\xbe4\xd4V]\xacN4\x9f\x91\xfe\xe3\xa7\xc9\
\x0c\xc4\xa9h\xa8\xe1\xcc\xf0*\xaa\xf7\xb7\xf2\xbd3k\
9\xff\xd7\x0e\x81\x88\x8f\xfe\xb6\x04\x9b\x9e\x0a\xb2u\xfc\
L\x16DW!\x822K\x11\xd3\x83\x1a\x1a\xdbQ\x17\
O\xa1\xec\xe4~\xf2\x8a\x06\xb0\xcbC\xf8\x06bD\x92\
m\xcc\xf9\x91\xc7\x99\xfc G\x80\xb6\xc0\x08\x80k\xe2\
\xf6itR1\xff\xf7S\xc1\xef\xc1\xc7#X\x1e\xe5\
IA\xcaf\xca\x8f]\xae\xbb\xeeev\xef\x1a\x8e\x1e\
U\x0c\x85\xb9\xa2\xa7\xb3O\xd5R\x1b)\xae\xa9\x9ek\
V\x069\xcf(\xce\xa7\xb13\xaa3\xdb\x1a\xc9\xf4%\
\xc0\xb2\xe8\x16\x9d\xcc\xd9\xdd\xc4\xcdo=\xc0g~\x15\
\xa3x\xaaE\x7f\x87b\xd3\xed\x03\xfc.\xe7\xb3\xf4\x95\
\x96\x10\x89\xa7\xc0tP\xcae\xf89\x16\x0fl^\x81\
z1L\xbe\x99f\xd85\x11\xf2j\x5c\xc6\xd5\xb6\xf3\
\xfe\xc1\xe1T\xfe\xfb>\x8a\xe6(\xecn\x1b7\xe5\x19\
,\x08\xe4[\x8c\xba\xa4\x84\x81A\xcd\xc9\xc7;Hu\
fP\xb6\xce~\xa4%\xf1U\x99\xf8\x92q|\xb1\x01\
d^\x00\xf7X;\xb2\xba\x8cd\xd2\xd6\x99\xb8M8\
h\xcd1\x0bC\xd6\xd8c)\x9b\xcc\x81S\xc2\xee\x19\
\x84\xa0\x9f\xaa\x9e>>\xf3\xd1\xab|q\xeav\xa6\xbd\
\xe8UX\x8b\xa6\xf5i6\xff$\xcd\x1fR\x17\xb3\xfb\
\x82\xb9\xc8\x94\xa2\xab/H:\xdeKNA\x86Y\xdf\
\x890\xe3\x9b.\xd2M\x22C~4%\xc8\x02\xcd\x9c\
\xcfu2x_\x9c3\x8d>\x9a7\xc6 \xae0%\
\x08%\xa8\xbe\x5c\x92S\x1d&\xa4LZ_\xed#\xb6\
\xdd\xc6\x1f\xf0\x1c$\xc8\x9f\xe2\xa3hn\x90\x9d_I\
\xf0\xf4\xf4KPc\xaa\xf0\x1d\xb2\xb1;{!\xe0\x17\
\x03=\x83\x18U\x91\x09\xa6-EeoO\x14\xb7\xad\
K\xe8t\x9a\xd1G\x0f\xf3@|\x153~\xe0\x10\xac\
39\xfa\x9aK\xe3\x1b\x8a\x0f>(\xe6\xb5\x86\x8b9\
r\xf9y\x98\x96\x85\xd7\xd1\xbf\xbao\x0ac\xbf\xb1\x86\
\x09\xcb\x15\xf9\x15\x16V\xd0D\x1a\x06:\x05*\x91a\
\xf0`\x82\xc3\x1bRX\xb6f\xc6\xb7\xfd\xd4|\xa6\x16\
b\x16\xf84\xb8\x1e\xf9\xd7\xa8\x8c\xc0\xd0\x9aY\xdf\x1b\
\x8ex\xd0\x01\xbf\xd7\x89y\xa0\xf4\xa8N\x86\xc2\x15~\
V\xfd\xfc\x0c\x1f'3\xa8\xbar\x8c#m8\xf1\x84\
\xc8D\x13\x04\xdc\xdc\x1a\xb3\xd3%\xdf\xe9\x8f\xa2\x07\xa2\
\x82d\x86\x01\xd3\xa21\x9a\xcf\xe9\x87\x93\xb4\xf7F8\
\xe6\x94s(P\xca\xe1\xe9\xa3\xb0K\x8a0\x13I\xdc\
\x88\x85\x08Xl\xbd\xf42x1\xca\xec\xcfm\xa3\xa2\
<F(Gek\x9aN\xda\x0c\xca\x1cN\xb7Y\xec\
,\x99E\xdb\xec\xb3\x98\xf4\xf0\x93`\xa7\xe8;\xa6\xe8\
\xea\x92\xe4W\x9bL\xbe\xba\x02\x5c?)7\x8d_h\
v=\xddE\xd7\xf6A\x22\xe5\x92P\xd8 \x98\xaf1\
\x0e\xc7)\xebkE\xee=\x86\x1c?\x0c\xb7\xac\x00\x9a\
\xdaH\xc6\x13\xf8\x1d\xb7@\xc8\xc7\xff\x940\xbb\xfa\x82\
\x99m\xfb\x90\xa1\x00\xaa\xa6\x1c_\xe3q\x22\x8e\xc3\xe0\
\x84\xd1dJ\x0b\xa1\xab\x07\x9a;\x90B\xa2=._\
\x90\x0b\x95\xa5\xe8p\x18\xad4f\xd3\x09\xf2\x0e\x1f\xc7\
\xb4m()B\xbb.qa\x90\xaa\xad\xc4Mg\x10\
\xd2\xe4\x92]\x1b\xa9\xef8J\xbaG2A\x9dd\xc1\
\xb3%\x8c\xf9|%\x9d\x1fw\xb1\xe1\x07\xed\x5c\xfeD\
\x05:m\xb2cE\x94C+34\xf5\xe5\x13\x95!\
\xe2\xb9\xb9\xac\xbd\xe4\x0a\xd2E%\xf8\xf2\xfd\xb8\xe3\xea\
q\xf7\x1d\xa3\xa8\xb6\x84\x82i\xf5\x09S(\x8dN\xdb\
\xe0:0\xb2\x06\xd9\xdeEF\xb9\x9c\xf1\x9b\x18~\x89\
\xe5\x01\xb6\xaa\x14\x15M\xa0{\x07\x91\x96\x89\xee\x8d\x22\
\x07bP^\x84(-\xc6\x1dUGOU94\x9f\
\x86D\x12FT\x83aB<\x09u5\xe8\xf6~\xde\
\x18s\x11\x93t1_\x19\xb5\x9d\xab\xef+\xa7tA\
\x1e}\x07\xbaX\x7f\xcf\x00;\xdf\xaf!\xff\xbe\xd3|\
fE!\x0b\x7fl1\xe7v?M\x1fh\xf6\xbco\
\xb3\xfb\xb8\xe0\x92\xce]4\xea14\xd9e\x18\xd1\x18\
nnP+\xdb\x16\x09\xc7\xcd\x98\xda\xd5I\xa5TP\
\xe4\x84\xb4\xd6Z\xe83\xbdHS\xa2\xd2\x0e\xaem\xe1\
\x06B\xe0\xdaC\x9bJ\x1d\xcbvc\xf8\xfd(\xad\xa1\
\xab\x1f26TU@~\x1eD\x22\xd0\xd2\x09\xadg\
0\xca\x0b\xf0\x05}T\xbd\xb7\x93\x06\xa3\x87\x8bS\xef\
r\xf1\x97\xbb\x18\xf9\x05\x83D\xc6d\xf7/[\xd8\xfe\
\xab$\x7f4.\xe0\xc3\xabf\xc2\xda\xe7\xf1\x7f\xfd8\
s~T@nI\x80\xc9\x8b5\x93\x17\xf6\x83\xd3A\
\xb2e?/\xdf\xbe\x99[\x86\xddI\xbcg\x00\xe1\xf3\
\xa1\x84 \x96\xb6\xe3\xa6V\xaa\x9d@\xa0Px\xaa\x98\
\xe3\x22\xa5D\x8d\x1a\xc1\xb8\xd3\xc7Y\xb0\x7f\x15\xfb\x0f\
\xd6\xd0j\x15\x93\xc8\xc9E\xb6tb$\x92H\xe1\xd1\
6\x85\xf0\xcax&\x8d4\xf7By\x09\xa6a\xd0\x90\
j\xa6\xb7\xdfa\x83\x9e\xc5\xf5\x07\xd6s\xf3\xa4w\xa8\
\xba\x5c\x10(\x93\xc4z\x0c\xdeZ\xae8\xb2\xd9\xe2p\
{\x11\xeb\xcf\xba\x8c#\x13&@ \xc8\x93\x8b\xaf\xa1\
\xe7\xed\xb5\xf4\x1c\xdb\xcf\xcc\xef\xa4\xa8\x9e\x1d\xc6\x17\x96\
\xec}U\xb2\xf7\x0f6\xaf\xa8I\xa4\xcb\xf3\x10=\xfd\
\xe8\x8a\x92\xac\xfe\x94N\xd9]&\xae{\x84\x9c\xf0x\
m\xbbJ\xc4\x93\x86\xc8\x09A\x7f\x8c\xd9M\xfb\xb8\xe7\
\x86-\xe8Z\x1f\x1d{\x1d\x5ce`\x8c\xf5\xa8\x93\xd7\
\xdc{\xba\x95\xc4\xf0\x99Y\x02\xaa\x95\x8b\xe9S\x18\xd2\
\xa2\xa0\xded\xe0\x98\xc5\xa3\xbf\xebbGA\x1d\xef\xee\
*\xc0\xda\x14#\xdaeqJ\x97\xd2\xaf\xc3D\xf3\xf3\
x{\xd6t\xd2#j\xb3i\x95\xa8&a\x14\xb0\xf2\
\x82\xab\xf9x\xff\x18\xe6\xdd\xb4\x93)u-\x14\xd4\xc2\
\xc6\xf7kX;j\x1em\x17\xcf@\xe4\xe4\x22Z;\
 \x9d\xd6NI\x1eN*\xd3d\xd2\xdb\xdb\xa4\xcb*\
!/\x8cn\xefD\xe6\xe5B<F{\xb7C_B\
2\xf2B\x83\xa2Y\x02\xd3O\x96Fk)\x10\xc2\xf0\
dL\xb4R\x9e\xa8\x89r\xc0M\x83\xb0\x04:-)\
\x98\x1f\xe4\xf6\xce\xfd,\xde7\x8f\xbd\x83\x0d|c\xe9\
NZ\xfb#\xe8S\x9a\x85\xd3\xfb8kt+\x7f~\
~\x90\x0f\xf7\x8c\xe1\xa2\x9c=^\xc1E8\x02\xa1\x15\
\x89B\x033WS\x10\x08R1\x1cB\xc7\x03\xb4\xd5\
\xd5c\x14DP\xb6\xca>_f2\xd8\xa6\x97\xae3\
\x1f\x9a\xe6\xa9\x96}NQ1\x14\x15\x08\xed\x05\xaa\x17\
\x9c\x81\x00\xb1@\x98LJ!\x95f\xeb\x93\x9a]/\
\xb9\x98i\x85\xf6\x1e\xf6\x89\x86\xa1\x95\xc8V~\x0fJ\
\xfe\x02\x89\xee\xcfp\xd1#!F\x5c\xe8r\xba5\x85\
\xd3\xd6I\xc0Mq\xd6e\x19\xa6M\x8b\xb3\xa87\x86\
\xe9\x97\x88BIN\xf8\x045_\xd8\xcf\xa2M\x11\x8a\
\x1b\x04\xc4=\xef\xbad\x1f\xe0)\x81^\x7fQh0\
fM\x13\xc7\x1e|\x87WjJ1r|\xa8\xac\xd2\
\x8a\xe1\xda\x19\xa5\xfa\x93\xef\x9a\xf6\xc7\xbb?\x94UU\
i]Z\xe8\x17\xed\x9d:\xab\x93h\x9d\xcd\xe7^\xa3\
.-A\xfc\x98\xa6~b\x80\xaa\xb3\x0d\xce|dc\
\x05$\xc2\xd0\x18\x96w\xea&\xe1r\x83\xcay\x16\x9b\
\xbf\x1e%\xd5ag=\x91:#\xe8\x94\x01:t\x18\
\xbb\x07\x06;\x14+?\x9fd\xf6\xed~\xc6_\x1d`\
\xff+\x8a=\xfe:F\xadn#\xf05\x8bT\x8f\x83\
\x90\x1aW\xa9l\x8c\x097\x8d\xf0\x0b\xf0e\x98\x18;\
\xc2+]\xfdh_\xbe'>(BA\xa92\xf6q\
\x8e\xb4\xec29\xbc\xa1IO\x9a|\x80)\x93&\x13\
\xc9\xd1\xf4\xf4\x89\xec\x0a\x1e\xad\xcd\xf6\xec\xda\xa3F$\
\x8f$\x99\xba\xc2\x0f\x19\xaf\xe3\xd2YE\xcek\xec\x85\
_g\x0b\x14\x91\x14\x13\xee2p\x93\xce\xd0\xef\x82l\
U\x16RbZ\xa0\x5c\x0dG4Eu\x06\xc7V\xc7\
y\xfb\xa5r~}\xd1\x15\x9c~\xfdM\x86\xbdv\x06\
\xa54\xd2\x0b/\xef\x84=\x17\x0b\x89\x92\x92tJ\xb0\
\xb9\xfal<\xd5@\xc7R^\xfc)\x15\x0e\x0b\x9d\xca\
l\xe0\xf1;\xd2Y\xbf\x89\xe6\xd3k\xf4\xf0\x11S\xa8\
*s\x19\x18\x94\x9e\x01\xd9\x0c\xe3-\xe4h\x8c\x1c\x83\
\xf7\xde+!}\xf5\x19\xfc\xd2&\xe3Z\x5c\xba\x5c\x12\
\xebpX\xffS\x0f\xbf\x9a\x9c|\xc5\xc0\x19\xc19_\
QxA\xa1\x87\xb4\xfe!Z 5N\x5cS2\xd3\
B\x06%\x7f\xba\xd7\xcfsS/\xa40\x96fS\xc1\
t\xfc\xe9\xb4\x97\x9c\xb3\x9b\xf7\xfe\xbaR\x12t\x1d\xa6\
\xdbM\x18~Ec\xf1H\xd0.\xa4<\xaf\xf8\xa4v\
\x1dA\xff\xe0\xf3\xff[\x17R\xcd'\xff(\x0e\x97\xfc\
\x87\x9e2!(J\x0b5\xdd\xfd\xc2\x83\x90g\x80w\
2\x1eW9\x5cRG\xdb\x9b\xc5\xf4',\xce1\x8f\
\xb0\xe8\xc14*\xa9\xd9\xbb\xa9\x90\xb2\x0a\x93\x8a\xdc^\
\x8e\x1f\x890\xef\xd6~\xf0bC\xebl\xad\x10\xda\xcd\
z#\x9bq\xa3\x0a+dR=O\xf2\xd9w>\xe0\
\xea\xc5m\xe4U\xfbq\x92.R\x0c\xc1v\xc8l\x85\
?\xac\xa9\x9a\xa5\xf1\xe3P~O\x86\x9fD\x96\xa0\x83\
\x8eKa\xa9\xd4\xb1\xe8n\x96\x9f\xda\xe6\xe9C&K\
V\x1b\xacY\xda\xaa\x87\xd5\xae\x14\xed\xdd_\xd5\xe5\xa5\
\x0e\xb62=:\xe0Y\xe0\xc1(\x13u\xb8\xcay\x8f\
)\x8fE\xe8:\xae).\xd3\x98\x06\xe4\xd5\x99\xdc\xf9\
B\x94\xf2\x06\x10\x11\x93\x95\xe7uc'M\x8fj~\
2v\x19:\x04\xad<)U\xd0\xb3\x17\x8e\xaeKs\
\xcdo\x0d2c\x0f\x91?&\x87\xa9\xdf\x95Y\xea\x9f\
M\xcf\x09\xc3;1\x08z:\xab\x8d\x8a\x0ad\x9e\xc9\
\xf5\xd7\x1da\xcd\xca\x13\x1c\xad\x9a\x82\x0c\x06\x04\xbd=\
?\x03O\xd8Zf\x9a\x8c;0\xf4\x18\xc1C\x1c=\
v\x9d\xf0\x8f\xf11\xacJ\xebpPdOCi\x5c\
a\xd2\xda\xe3\xe7\x82\x8a4\x93\xaetI\xf6\x1b\xb8q\
\xaf\x90A\xfeY&=\xadiJ\xce\xf2Q>\xdf\x22\
\x15w\x86\x82'\xeb\x04\x0f\xd7:\x9b9,'C[\
Y\x0d\xe1\xad}\xcc\xbe3\xcd\xe8\x9bCl{4M\
\xf3>\x87t\xb3\x93M\x16\xd3o7\xa9<[\xf2\xfa\
]6\x83\xad.E\x15PZ\xef\xd2\xbf\x1b\x0f\xba.\
\xe5e\x86\x1e\xe8\xfb\x90\x877\xbd\xf0\x89:\xe7\x0cI\
tK\x96H\xde\xff\xc31\x9dH>\xc2\xf1\x16\x89\xd2\
\xae\x88\xe4dO\xce\xf3\xbf\xb7\xd1\xf5\xa5SYy\xbb\
\x8f'/\x81?\x5c\xe9e\x0b\x83\x8e\xc3\x82\xed/\xf9\
\x88\xc6#\xac\xfc\x9a\xe2\xe8\x1b6\xc1\xbc\xa1\x86\xca\x93\
\x9b<\x17x\xf0\x1b\xfa\xaaQ1\x9b\xe4\x80D'\x05\
\xc3\xce\xd1d:\xed,\x0d/\x1c\xe6\xa7g\xa3\x8d\x13\
s\xbd\x04I\xaaI\x93>f\xf1\x87\x97'\xf0\xf3_\
7\xf0\xc8\x07\x13\xf5\xe1iS\xb4\xc8\xa4\xb5\x8c\xf6\x7f\
\x0b\xd6\xb8\x1c\xf4r\xef\xa7\xda\xe8\x9a5\x9e\x11\x06\xa1\
\xda\x07\xd5\xd1\xe6+8\xd1\xd2\x80\xab\x5c\xad1\x14\x12\
\x9f'\xb1\xf8\xcb\xf8Q\xe4r\x22\xadq\xbe\x10\xdb\x89\
i\xb7A\xc6\xa2\xf9\x998\x17\xdc\xeag\xcf/5\x9d\
\x1d.f\xc0\x9fE\x83\x17\x8e^\xc6\xf6\xd2\xad\x97\x85\
\x12)\x93s\x16u3~\x89\x0f\xd7\xd6Y\xaeW\xd0\
\xe0c\xce7\x14\xbe\x02A_\x8b\x1f7\xad\xb2\xfdu\
\xa8\xc2\xe0\xe2_J\xd2w6s\xb7\xfd9\xd2\x93\xeb\
]\xaakL:\xdb\x1fq\x1e\xff\xde\xb6\xbf\x9e\xd5y\
\xa1:\x94*\xc6\x8d\xd3<\xb3<\x15\x90\xeaFz\xfa\
2\xaa\xbbW`\xa2uF\xa1#\x06\xf7\x8d\xde\xcc}\
\xc3\xde\xe1\x9ei\xdb\x98wE\x14\xd7\xf2\x11*\x92\x94\
N1y\xff9(\x9cfR2\xdc\xc2Ix\xc5H\
g\x83?\x1b\xbc\x9f<@*E\xacWR:\x0d\xcc\
\x5c\xc9\xeeU\x9a\xda\x0bM\xfc\x05\x19\x0e\xads\xe9\xdd\
\x99A\x06<\x1d\xd5ep[\x8a\xd3;\x15_~\xa4\
\x8fo\xc5\xb7*\xa3\xb8\xda\x14\xbd]\x1f\xd2\xde\x7fo\
6f\x97.U\xff\xb7:=\x04%#\xb5\xe6\x99\x8f\
\xf8\xfc\xf7n\x15Z>\xe9\xf1:\x81\x12)%X\xfc\
\xad~j\xcfw \xe9=\xc4@\xc54\x91rM\xf5\
S\x06n\xd4\xc5\xa8T\xec\x9b`\xe2x\xbc k\xc0\
\xa7\xd2\xab\xce\xd2\x0e#$\x18\xdc\x94d\xf3\x9d\x82\x8c\
e\xd1\xfa\xb6\xe6K\xefHz\x8e\x18\xbc\xf1@\x80\x1e\
\xb3\x0c\xbfh\xc9\xd2\x12\xc7\xc8\xe1\xd4\xdb\x92\xf1_T\
\xea\xe6[\x9a\xc4\xb65o4o]\xb2t\xa9\xfc\xf9\
\xed\x19\xe5a\xff\xafFM\x7f;#[\xb3\xc6\xbd\x89\
\xa9\xd6o\xff\xf4\x93\xa7\xea\xc3#\xc7+\xc3\xffm\xc3\
\xef:\xf6I\xd7\x5c{\x1b\x8c\xbeF\x90\xec\xf0\xe8\x84\
\xfa\x04\xd7\xd2\xabPC\x0c;O\xd3\xb1\xcf`\xfa\x8d\
\x1eOr\x87 \xe45@^*\xf6\x0a\xaa\xed\xd0[\
Y\xc2S\xbb'r\xde\xa9\xbd\xdc\xf4\xcb\x01\xc8\x93l\
\xf8r\x8a\xbf\x9c\x18Oa\xd8!`6g\x07\x84\xbd\
y\x05\xc4[\x95N\x9e\x8a\xeaa\x0b|\xf2\xf6\xe7V\
\x1e\xdez\xd7\xca\x93\xabVc,]\xba\xfc\x1f\x0f8\
\xbc\xab\x82\x8f\xbc\xb4!\x1bD\xd3\x0e\xa4\x0f'\x09\x95\
\xb3L2q\xc5\x99m\x22K\x99\xbdB\xed\xf1q\xe9\
\xa9P\x18\xd9\xe3\xc8t@^\x9e$\x7f\x98\x8b\x9d\xf4\
\x0c4\xb2\x0a\x9e\xa9\xdcl2\xf0&\x93]\xa1\x08\x87\
\xc3\xc3\xf9\xe1\xb9;(\xb9\xc8\xcf\xabW%\xe9\xf9\xd8\
\xe0\xdbw\x1c\xa5 \xdf\xc6?\xda\x8f;\x98$f\xfa\
\xdc\xc4\x802\x84\xc4\x95~\xb0\x0d\x7f9:%\x96d\
\xf3\xf3\xbf0\xa5\xf4\xc8\xbe\xa7-\x98~\xadtJ\xe9\
\x86\xeb\xa4\x9a\xf0\x95l\x1b\xac\x94\x90\x86G\xe2\x86|\
\xa8\xb2\xf0\xc8V~\xe1\x81M\x90\xf6\xea\x98\x97L<\
\xe9\xc7u\xf1\x1b\x0eVpH\xf7\xf5\x09M\xd8p\xe9\
htX\xbd\xc8\xe5\x05{\x16\xb5\x15}L\x1bl\xe4\
\xac\xdbB\x98\xe9\xb8\xd6Q\xa1b*l\xb4\xa7}\xd1\
CO5\xe7j\xc7$\xfaQ\xfa9\xaf\xd2\xad\xd1Y\
\xf5\xf8\x9f{\xe0\xaf.'3 e\xef\xa0)\xfe\xf2\
o\x8e\xc8D\x05\xc2\xb2\x0c\x91J)m{\xbb\xf6F\
\xd8bh\x12\xaf\x15\x86%\xf0\xd2\xd6\x88\xf3\x0c\xa6~\
\xdd\x22\xdd\xae\xd0AI\xb4\xc7 \xda\x02\xbaW\x90\xee\
\x81\xb6\x91\xc5|\xa7\xedr\x8c\x12\x83\xce\xb2R\x02\x89\
8\xfaw\x83\xea\xae\x8aV=\xf2\xab\x01c\xcf\xc3\x8e\
\xe1\x9c\x18|\xfa\xbd\x0b\x17.?\xff\xe7;otI\
v\x7f\x1d\xf5\xc4'c\xd6\xff~J\x99=P\x0d\x8f\
\x0a\xca\xf3\xeb\xcdM\xc1\x5c9\xacs\xb7\xf3\xd0Q&\
\xbe\xf5\xfa\xb4\x86\x07\x92EE\x17bg``@\xc9\
\x8c\xa3\xb57Z\x94\x22[,\x0cGq\xd9\x99=\x5c\
P\xd4\xcc\xba\xfez\xfe8u\x11\x15\xdd\xa7\xf9F\xeb\
\xebX\xcaaE\xf1\x85\x9c\x18\xd3\x80\x8e\x84\xa1o@\
\x99\xb1\xb8r\x22\xb9F\x89v\xc5\x0f\x0e\xfc\x91\x82@\
\xd7\x99\xd6\x8f\xd5\xef~\x80{O\x16+\x9f\x86\xeb?\
ys\xe2\x1fM\xea\xb3!\xfa;\xc8\x8d@\xc1R\x83\
\xe6\xec\x22\xdeX\xe9\xd6\x87\xae\xc6\xd1\xdf\xc3\xf4M\x22\
\xe3@4\x0a\x89\x84\xc6v\xb2\xdd\x8d\x88\xc7EIw\
\x1f]\xc5\x85\x82`8\xbb\x093\x91\xd0F8\xac\xd3\
U\x15\xc8\xa0_\x8bh\xcc\xf0\x0a\x9d\xce\xcb\x1f\x82\xa1\
rvV\x1e8\xf4\x9bon\x5c\xb1\xf6^)z<\
\xa0\xc2\xfdb\x19\xcb\xb3i~\xf9\x90\xd6\xf8?2`\
\xe87\xcf\x17\x02\x96y\xd5lh\x8a\xe9\xe5\x1d\xfdy\
0^\xf9\xda\xc3\x0b])\xaeU\xae>_h\xaa\xb2\
wdl\xb4c\x0fQi\xeff\xc3D\xf8,T(\
\x98m.\xbc\x10\x1cz+%[+\x9a\x807I\xa4\
V\x89\xdf\xde\xfdN\xf6\x90%\xacV\x18\x7fo\xa0\xfd\
\xffb@\x16N\xf7\x83\xf8\x9b7G\x86\xc8\xdf\xffy\
\xc0W\x97\x15\x22\x833\x91r\x0e\x82\xc9\x02\xea\x81R\
m\x98\x01D\xb6\xb1\xd0\xc2u\xe3(\xd5\x85\x10M\xda\
\x10\x1f\xa2\xd9B\xf3\x91]\xac\xfbm\xe2\xd3e\xe6\xcd\
\x9bgn\xde\xb2\xe5\x9f\xbe\xd8\xf1\xf7\xae\xff\x05Vj\
$\x90\x9as\xe7\x0a\x00\x00\x00\x00IEND\xaeB\
`\x82\x89PNG\x0d\x0a\x1a\x0a\x00\x00\x00\x0dIH\
DR\x00\x00\x00@\x00\x00\x00@\x08\x06\x00\x00\x00\xaa\
iq\xde\x00\x00*\x07IDATx\x9c\xc5\xbb\x07\
x]\xd5\x99\xb6}\xaf\xbd\xf7\xe9GG]\xb2dI\
\xb6l\xb9 \xd9\xb8\x06\x5c\xb0\x1d\xd3[\x06B\xb0\x09\
-\x05\x08!\x09\x99\x99\x04R&e\x8c\x86$\x93:\
\x09\x13R\x19RHh6-\xa1\x13\x8c\x0b\xe0\x8aq\
\xef\xb6,\xcb\xaaV;\x92N\xdde\xad\xffZ\xfb\xd8\
\x99\xfc_\xe6\x9b\xf9\x92+\xdf\xff\xef\xeb\xb2u,\x9f\
\xb3\xcfZ\xefz\xcb\xf3>\xcf\xbb\x05\x7f\xc3k\xc5\xea\
\xd5f\xf3\x8a\x15\xaaU\x08y\xf6ws\xde\xde1a\
ZE\xd9\xdc\xd2pxN$d\xb6\x84LcbD\
P\x11\x12\x22\x11\xb0,C\x01\xae\xe7z\x0a\x91\xcc)\
\xd5\x97q\xd5\xf1a\xd7\xd93\x92\xca\xbc\xfb\xd6\xfe\xb6\
\x9d\xdd\xd7]2x\xf6^\xab\x952\xd7\x00k\xf4\xfd\
\x85\xd0\x1f\x05U\xf8\xf1\xd7^\x82\xbf\xc1\xb5b\xc5\x0a\
s\xf5\x9a5R\x80\xbf\x9a\x0b^\xfc\xc3\xd4\xaa\xa6)\
\xd7\xd4\x96\xc4\xaf(\x0f\x9as\x13\xe1pq0\x10D\
:\x1e\xf9\xbcC\xcevH\xbb\x1e\x9e'\x11\x08B\x96\
\x81iY(\xcb\x22\x10\xb00-\x03i\xe7q<\xb7\
'\xe5\xc9m\xfd\xd9\xec\xcb\xdb\x8f\xf4\xbcr\xf0\xa2y\
'\xcf~\xe7j\x08\xae\x04[\x818\xfb\xbd\xff\xdf\x1b\
`\x952\xfc\x9f\xadB\x12\x8e2n\xcb\xb1\xcb\x83\x89\
\xd0\xc7\xcf-\x0b_\xd9\x9c\x88\x06\xd5\xe9\x11:\xfbG\
85\x98V]9O\x0e\xbb\x8a\xacB8\x08!\xf5\
\x92\xfd\xbf\xb4\x0bHbAAKQP5\x17\x05U\
y$@q\xd00E$\x84\x1d\x8bC4\x84\x9bM\
e\x06\xb2\xf9\x97\xf6\xf7\x0e?\xb4\xe9\x8e\x1b\xd7m\x19\
:\xb9\xc9\x89\x04\xdfXr\xa0\xfb\x0b\xabW`\xae\x5c\
\x83\xf7\x7f\xd5\x00\x0a\xc4} Z\xa1\xe0\xdeJ\x99\x08\
\xe1\xe9\x1b\xfc\xe3\x17\xef\xbf|\xe1\xc6\x17\xbf<RS\
qA\xaa\xac\x86\xb1\xaa&6\xd64\xbb\xaf\xd7N\x10\
\xa42\x86\x7fH\x01\x0b\x82\x16\xc2\x14\x18B\xffF\xa0\
\x0c\x13\xe1y\xdcPW\xc45\x13KiL\x84q\x95\
\xa23\xe30f\xbb\xd8\xae\xa72y[v\x8ed\xe8\
\xf5\x0cs\x5c}%Ny\x1c\xeb\x81\x87\x0f\xdcc?\
\xd3<\x92'\xf7\xee\xaa\x97\xa6\x84\x94\xea\xa9\x14B\xac\
\x07y\x1f\xa8\xbf\xc4#\xac\xff\xd3\xcd\xeb\xf5\xa2\xffH\
\xfc\xe03\x84\xf0f\xfc\xec\xd9\x99\xfb\x96.\xba\x7f\xf0\
\xb7\xbf\xb9fzr\x0b\x13\x7f>]\x1a\xa7\xdb\xd4\xd0\
\xd1w\x8c%/x\xd6\x0c\x16\xf2\xd0\x8d\x1f\xc3F\xa2\
L\xc0sp\xcd\x08^8\x02J\x22\xc6\xc6XY\x17\
\xe7\xe6\xe6*\x0c\xc3`m\xe7\x08\xbf9\x96\xa4;\xef\
\xe2\xb9.a!\xc4\xf8\x98e6W\x15\x11\xc6S\xaf\
\xbdsL\x06\x12\x09\xe3+\xef\xaco.\xffb\xb9S\
\xdc\x1b\x0aw\x84\xc3\xf7]a\x8a;\xfc\xa34\x0cZ\
uN8\xebY\x7f+\x03\x08PG\x14\xa1.E\xcd\
\x85\x96\xd1.\x1cO\xb0\xe1\xc0\x97\xf7\x86\x03_\xc64\
#\xdb\x13\x15r\xff\xc9\x90*O\x85\xcc\xda\xf3\xcb\x88\
\xcc\x87\x9a\x0f\x97\xd1\xf4\x99WH=\x1f\xe3?n\xbe\
\x0b\xd2\xa3\x10\x8e1\xfb\xd0^.\xde\xf8\x0a\x07\x1b[\
xq\xe9\xa5\x94\x94D\xe9\xf5$\x8e\xed\xb17\x99\xa5\
#\xe70\xe6Ip$\xa3Rq:\xe5pr\xd3a\
&\x86\x94\x98R\x113\xd3\xcf\xac\xa3\xaeg\xbd\x0cM\
\xbf9@I^\x86'\xd5\xdev\xc7\x05\xb7\xe4\x97\xff\
\xfc\x9b?\x0cyv6\x03\xd9\x0f\xc1\xe9\xbf\x89\x01V\
\x81\xa1\xffZ\xf0M\x1a\x8e\x95\x07\x9f\x0f4\xc4\x9a\x9e\
\xdb2\xbc\xf3\xa5\x95w{\xaf\xac\xb8\xe5\x82Po\x0f\
\xd1\x1d\x07\xbd\xd1\xb4m\x9eLW\xd1\xf3\xd4 \xb5s\
\x9bp\xfb\xf3X\x89\x0c%\xb7W\xd0\xf2\x91\xb7i\xd8\
~\x01\xd1L\x92\xc9\x1d\x1d||\xe7C,\xf9\xcel\
\x06_\xdd\xc7\xa2\x1fn\xe4\xf1;\xef%\x98\x98\xc99\
Q\xc1U\xe7TQW\x1e\xe3\xfb\xeft\xe1(I\x1c\
\xf8\xb7_\xb5r~M7\x19\xdb$\x9f\xca\x10\xcb\xa5\
\xa9\xbcm\xb6!\xa4I\xa82bT^[\xcf\xedo\
?\xf5I\xef\xe2\xc9wEJ\xacl@z\xde\xeb\xeb\
\x8e\xbdpq\xd2\xbeY)?\xda\xe4\xffp\xb8\xff\xfb\
k\x1dX\xcb\x0d\xdc_H\xf3\xdb\xcb\xbf\x17\xfb\xdc\xb8\
;\xc7\xc9#\xdf\xf5\x8c\xc17F\xc8;\x96g\xa2\x0c\
<O\x18a\x8b\xac\xe3\xd2pk\x1d3?4\x117\
)\xb1\xe2&\x1d[Os\xe4\xdfN\x11+I\x104\
\x1cL\x99\xa3\xfac\x93\xa8\xbdx\x02\x9e\x17e\xf8\xe9\
.\xd6\xdf\xdf\xc6}\xb7\xae\x22=w&\xa5\xca\xe1D\
V\x92tuuPD\x1c\x8f\x1f\xdc\xff\x09\x16\xcd\x1f\
d\xc2\x8f\xae!\x1e\x8b\xa1r9\x84\xb2PY\xdbO\
-*\x14@\xb9\xca3\x13qsl\xb0\x9f\x03w\xbd\
\x8c\xfd\xd4\xd1\x07\x97*\xf5\x0fJ\xe8\x1a\xf3W\x1a@\
\x9d\x89\xfb\xb7\x14E\x9d\xa5\x81\xdd\x97m(iH\x94\
X\x18\x89b\x5c\x19D\xe5\x03\xa6\x19\x8c \xcc\x90\x0e\
>0-\x84\x0aC\xce\xd3\x09\x02\x84\x01\x96\x05Q\xc3\
\x8fM\x94\x03\xc2\x85Q\x17/\x13\x01\xc3BT\xc5I\
\xbe\xde\xcf\xfa\xcf\x9c\xe0\xaeO~\x8f\xfeD\x11\x04M\
\xfc\x84\xe9\xba\xe0I\x22\xed\x1d\xdc\xb8\xe6\xd7\x5c\xebm\
b\xd6\xbf_\xc8\xf8y\x13\x11y\x17\x11\x08\x16\xd6\xe9\
8\x88\x98I\xfb\xcb\xfb\xd4\x1b\xf7\xef\x93\x8f\xb6\xdc\x22\
\xd6]y\xd5\xbd\xdct\xc1\xf7\x97\xad[gmX\xbe\
\xdc\xfd\xab\x0c\xb0\x0a\x8c\xfb\xd6-3\xd6,\xdf\xb8f\
\xc6\xd7\xca\xae\x9dvW\xc4sGb\xa6\x10.\xb6\xa7\
\xf00\xf1\xbc\x00J\x05\x11\x22\x80\xf2\x14\xae\xa3O\xce\
D\x17$\xcfS(%q\x93vaS\xa6B\xb9\x0e\
\xe5\xf55D\xca\xaaQD!\x9b\xc6\x1coq\xfc\xee\
7\xb8\xbf\xf7F~\xf3\xd1;0FG \x1c*\xe4\
[\xdb\xc1\xb3m\xc8d\x99\xbfn\x1dwm|\x88+\
\x9f\xbe\x84\x9a\xb9\x13\xf02\xca?%\xb38\xcc\xa1\xdf\
n\xe3\x91{\x0f\xf0\xd8\xf5w\xd3\xbf\xe2\x0a\xb9tz\
\x9d\x91?\xdd\xf3\xd5us\xce\xf9\xda2\xa5\xac\x0dz\
\xd1\x7fI\x0eX\x0d\xe6J\xa5\xe4t!.\x99t}\
\xfc\xda\xa6OY\x9esZ\x98\xc1R\x97}\xaf\xa6X\
\xf7\x8d~\xcas\x12\x95\xd7\xb5\xfcL\x96T\xe0\xb8\xe0\
\xe8_i\x0f\xc8*\xec<\x14\xcd/&s`\x0c\x95\
\x928Q\xb8vu1\x93*\x1d0\x06\xc8;)\xda\
\xde\x1e\xa0\xff\x9dnBU)\xa4mcy\x1e\x86\xe7\
\x90\xd3\xf7\xb0\x04\x01[\x22\xe3a\xf6\x5ct)e\x87\
\x9e\xa5\xb8HW\x13\x85\x19s\xc0\x16(\xcf\xa12\x12\
!^\xd3\xc8\xc9i\xd3\x19\xdf\xd5k4O.\xf7F\
\xa7L\xba_\xbe\xb37\xbfA\x88\xef\xfcwF\xb0\xfe\
\xab_\x0ek\x9f\x16\xc2\x1b&:\xc7\xa8A\x05L\xa9\
2zw\x96C\xf7\xf3\xa3\x04\x0fZl\xa8\x9b\xcbH\
0\xa4\x0f\x16\xcb\xd3\xd5\x11\x02\xc2%\x91\xcfS36\
LM\xbe\x93\xf3\xfe\xb9\x96Y\x9f\xa9\xa7\x7fo\x90\xad\
\x1fz\x17\xf7\xd40\xe3\xa6H\x5c1\xc0\xbe\xc7\xda8\
\xf1p7#\x07\xc1\xb5\xeaX\xbb\xec\x5cD:\x8d+\
=d\xd6\xa0\xf2T?n$\xc0pM\x19\x04\x0d\xde\
\xb3w\x17S'\x0c\x13\x99^\x01N\x8a-?\xddB\
\xe9\x94J\xa6]1\x97\xc4\xf2z\x16>p\x84\x06K\
\xd0!\x83<\xbe\xf9\xb8\xb1b\x11\xee\xb4)\x93\xbfm\
m\xde\xd5\xb1V\x88'\xffw\xe1`\xfd\xb9\xef+\xe3\
\xaeV\xe1\xf0\xda\xbbS~\xb4v\xf3\xa7\xef\xfd\x8f{\
)\xba\xcc5\xa7.\x11\x1c\xde\xac\xe8z-O\xc5\xb4\
\x22\xce)\x1a$=f`\x0a\x88G\x15\x91\x80$\x1a\
v)Nx\x147X\xd4\xff\xddL\xea\x17Fq\x07\
\xb2\xd4\xcc1Y\xf0\xe4\xb9\xac\xbbf+\xbb\x9f<\xc1\
\xe8\xa61\x0e\xbf\x11c\xdb\xb4+\xd8{\xc5T\x8eU\
T\x93\x19?\x113\x97\x01+\xc4\xa7_\x7f\x8c\x9b\xb3\
\xaf1B1\x7fP\xb3x\xec\x92\x0f2\xf7\xe8n\xea\
\xae,%\x97\x1e\xe6\xb5\xbb\xd6\xd3\xf7D'\x84\x05\xbd\
\xab\x06X\xf2\xc5K\x992O0e\xa8\x97\x8ei\x13\
\xe89\xd2)\xd6l:n\xdc\xf2\xde\xe9\xb2\xa6\xb1\xee\
\x17s^\xdaxp\xc3\xf2\xa5{V)e\xfci\x9f\
\xf2\xe7\x06PJ\xb0f\x8d\x98\xfc\xe9\x07B\xed\x03\xa3\
O\xec\x9f3{\xdc\xf3\xa5\xf3\xa5w\xf3[\xc6\xee\x8b\
\x0c\xd2o{XN\x90\xa5O\xc6)\x8988\xe9\x18\
F \x80\x196\x10\x01\x10\xc1 FH`\x84B\x90\
\x97xII V\x8c;\x98g\xdc\x1c\x8f\xfa\xab\x8b\
x\xe7K6G\xa6\xcd\xe7\xe9\x15\x17\xd2S[\x0f\xa5\
%\x88P\x08\x11\x0d\xe2\xa1\x88\xe53\x5c\xf2\xfb')\
\xfb\xa6\xc9{n-g\xc1\xda\xb7\xb8\xec\xb7[\x19\xdc\
\x9a\xa4\xef\xe20/^\xb7\x09\xf9F\x86+\xbf0\x89\
\xc4\x92:6}v\x0f\xcf\xbd;\xca\xbc\xcb\x8b\xb9\xe8\
\xe5\xb7\xd8\xf7\xbe\xcbH\x15\x85\xe8}\xb7\xcdx\xe6\xad\
\xc3\xdeu\x97\xce\x8e\x8eMm|\xa2\xf3\xc1\xd5\xe7\x01\
\x19\x7f\x8fg\x1b)\xfe\xd7$\xb8Z\x99\xac\x14\x9e\xf9\
\xabW\xbfKU\xcd=\xe6\xab\xeb]\xfbT\x97\xb5\xf8\
\xf8~\xe6\x1e?B\xc7\xc4\x06\xa6\xf6\xf6r\xe3\xc7\x8e\
0\xe7\xab5\x90)\x81`\x00]\x0d}\x00\xeaI\x94\
\x14x\xb6\x87\xe3J\xa4\xe7\xe1\xe55Dw\x19\x19\xcd\
\xb1\xe5\xf3c\xdc\xdb\xb2\x8a\x8eh\x04\xb3\xb4\x14o|\
%\x96\x9d\xc75\x83DR9B#i2Eq\x96\
n\xfc\x03\x9f|\xebG\x9c\xf7\xec$jg\xd5ag\
]\xf6|d;\x0f\xefnd\xcb\xa2+\xf8\xea\xcb\x0f\
\xb1\xf4\xf9**\x17\x8eG\xa6\x0dv>x\x9c\x1d\xdf\
k\xa7iR\x05\xf9\x09M\xbc\xb0\xe0f^\xbe\xe2*\
N\xbcy\x80E\x93+\xdd\xf3.\x9ak\xed=x\xf4\
\xa1\xb5\xb3\xa7\xdf\xb9Bw\x94Bx\x7f\xee\x01\xabW\
\xfb\x9b/\xfa\xe13\x0b3\x89\xe2\xcf\x9a\xdbwyv\
\xf7\xa0)\x02\x11\xden\x9c\xc1\xdb\xd3fA<\xc1\xec\
\xf6\xc3\xcc\xfb\xc5a\x9c\xa9\x19\xa2\xa1\x14\xe9^A~\
\xc8&?f\x90\x1fv\xc9\xf4{dG\x1c\xf2#\x12\
7%\xf1\xd2\x85\xdb\x9b\x03\x90\x8a51\xbf\xbc\x83/\
\xf5n\xc4\x12&\xbf\x9dy-\xeb\x17-\xe5\x82\x9d[\
\xb9\xfb\x85\x9f\x12\xae\x17\x8ce\xc3tSL6SL\
\xdb\xc3C\xd4~\x7f*\xc1\x88G\xc5\xfb+h\xdc\x01\
\xd3\xb7\xbcL\xdd{m\x8a\xcf-\xc7;\x1d \xeb\x8d\
\xd0?\x90\xa1\xaa8\xca\xb9\xbf\x98D\xa2&\xc8\xa4\x0f\
~\x85\xd8\xf0\x10\x0f\xdft+;7\xec\xb1j\xaa\x8e\
\xbb\xb5\x93\xc7\x7fl\xd9\xa6=\xab\xd7\x08\xf1\xfa\x9f\x1a\
A\xfc\xd1\x00\xab\x94\xb1\xe2\xc0J\xf1\xdc5\x9f\xd8\xa2\
F\xb3\xf3\xe5+oyVu\x99)k\xab(\xc3e\
\xc1\xabk1\x92\xa3\x0cF\x8a\xb9l\xcfzb^\x97\
\x9f\xf8t5\xd60?\x80\x81\x85\xc2\xd0\xcdN\xc8\x22\
\x101\xb1\xc2\x02+Z\x08\x91p\xb9 \xd8\x98\xa0\xba\
\xde\xa6\xf6\xfd\x15\x18\xc1jv\xdey\x90/\xce\xfa\x0c\
SO\x1d\xe1\xe3;\x7f\xc6\xf4\xad3\x08\xf6\x03c\x16\
i\xa2\xe8n\xb0d|\xc2_^z,O\xf6\xd0(\
F\xc0$63B\xd8\xb4\xc0\x08\x93M\xe7H\x9e\xca\
R61L(\x94\x07#H\xceI\xb3\xe3\xa6c\xdc\
\xfd//q\x22\x0f\xe1\xa3=\xde\xd5\xd7/2{G\
F\xf7\xbf\xfc\xe8\xc3sW\xddw\x9f\xdbZ\x08\x03U\
0\xc0\xaau\x16\xad\xcb\xdd\xc0\xc3\xaf|T\x86c\xbf\
0_\xdf\xe8\xd14\xc14\xc7\x95\xe2\xda\x92;\x1f\xfb\
9w\x9e\xf3\x02Es\xe2\xa4{\x14\xd9`\x90X\x89\
I\xa88B\xb08D .0\x83\x06F\xc0\xc0\x08\
k\x03\x04\xd0\xf8\xc8\x08\x08\x0c\xd3\xc40\x83\x08Sb\
\x19\x12%\x0c\xdc10\xa3Q\xd2\xfd\x01^\xbf~?\
\xbf\x99y\x137\xae\xf9wZ~[I\xcb\xcazp\
\xf5\x87-\xf0\x0c\xc8\xf9\xadW!\xccL\xddD\x09T\
&\x0b\xc1\x9c_\x83\x85!\xc1\xcb\xfb\xfc\x81\xfe\x8cT\
\x16T\xb8\xec\xfe\xe8\x1e\xbeY\xd2\xca\xab\xff\xf4q\xe4\
\x8b[9\xb7\xa6\xc4\x9b~\xd1<\xf3\xf0\xfeC\x9f\xdc\
4\x7f\xe6O\xcez\x81\xe5\xdf\xf1>\xbc\x09\xfc2|\
\xca0\xbe\x1c\x1c\xe8WF\xf3d\xe1\xf6\x0f\x93\xdb\xbe\
\x073\x9b\xa7d\xf36\xb8-@\xdd\xdfi\x14g\x11\
\x0a\x09\x84Fk:\xf39\x06J\x1a(\xcf\xc5\x88\x87\
@X\x90\x91x\xb6\x86\xa1&\x86^\xa0\xc8!\xa5\xe9\
\x7f\x95a\x98\x04c\x12\xb29\x12\x8d9\xe6\xdd\x98\xe6\
\xc9\x97O\xf1\xf4\xa2k(\xfe\xec\x93\xf4\xec\xb5q;\
\xb3\xe4\xb2\x1e\xca\xf5\x90y\x85\x93\x81\xe2i\x11.\xfe\
\xea{\xb0\x02q\xfa\x8eu\xf2\xfa\xe7\xf7b\xb8\xf8\xed\
stj\x1cW#\xcc\x94MI\xd8\xc3\x13\x82\xdcz\
\xc5\xd1\xf7\x8da\xefm'\xd2\xdc\xc0\xe1w\x8e\x89i\
3\x87T\xa2\xb4\xf8\x8b\xd5\x8f<\xf2\xc8\x9a3\x09\xd1\
b\xddz\x13\xb1\xdc\xed\xfb\xe9K\xd7\x13\x8bO\xf6\x86\
\x92\x9e\xbbc\xbf\xe9\x0e\x8c@(\x80[\x5cLg\xf5\
D\x0e\xfc\xa4\x8f\x86eED\x84\x22\xa5[\xaea\x07\
\xd3\xc8QT\x11B\x18A\x1c'\xc8\xbe\xc7O\x93\xec\
\xcd3\xed\xa2\x12\xeaf\x16#\x02\x92m\x8fwr|\
m?\x09\xed\xb1!\x83`u\x90h}\x80\xe2\xfa\x10\
%\x93\x0d\x86\xbbG\x89\xdb6\xbfx\xffJ\xec\xe7\x5c\
\xae\xf9\xfa\x0b\x94/\x8f\xc1p\x109\xe4b\xe9\x90r\
\x14\xa1\xba\x10\x22\xa04\x95\xe2\x07\x5cI&N\xb4*\
J\xf8\xdc8So-c\xf4H\x86\xb5\x1f\x1f\xe0\xe5\
\xdayX\xd94\xc7\x97Oe\xff\xfc\xb9\xb0\xf9\x10j\
I\x0bc\x89\xb8\xb1\x7fW\x9b7\xe1\xc29\x0d\x13\xa7\
\xcdZ\xd1'\xc4\xaf4@\xb2X\xbf^w\xcf\xc2\xb4\
\xc4\xdd\xd6XJ\xd9ol\x83\xb14fI\x8c\xa0i\
\x90\xcbfyu\xea\xb9Ly\xfb \xaf\xde>F\xb0\
D\x91>\x91\xa2\xf7\x14\xb4|0\xc2\xe5\xf7\x95\xe3\x8e\
\x19H\x95e\xdf7O3\xdcoP]#\x980\xaf\
\x08ix\x8c\xbe1\xc2\xc1\xdfW0\x5c]Kdl\
\x94\x22'C\xccI\x91\x8d\xa7\xb0J-\xcc\x91\x12\xde\
\xban&f \xc0\xf3W^\xc7\xb5]\xdbX\xd0\x0a\
\x95\xf3\x1b\xb0G\x8b0\x03\x1aj\x17`\xaf\xcaI\x5c\
\xe5P\xd5T\xc5\xd5oWC@\x1b\xc3\x83\xc1,\x15\
\xcd\x0e\xf2]\xc9\xc3\x87\x9b\xd9:w\x16D\xa2\x04\xa6\
4\xe0u\x0d\x90\xdb\xd3\x8e9\xa1\x9a\xc3\x9dC\x8c\x1f\
\xcb\xaap<~'\xf0\xab\xf7\x82\xb4hm\x95\xc1\x07\
\xd6\xcc1C\xa1\xf3\xec\x976P\x1a4\xcc\xc57,\
\xa5b\xe28\x06\x0d\x8b\x9e\xd1\x0c\xa7\xda\xfa\xf8Y\x00\
\x16o\xdbD\xc2q8]U\xcd\x82\x91C4\xcd\x19\
Ay`\x06\x85o\x94\x9cQ\x8eQ^Fq\xacS\
\xa3U$\xba\xa5\xcd\xb1\xb3\xf9\x12^X\xb4\x18\x91\xcf\
\x10JeHH\x97\x8b\x8f\x1e$\x96\xce\xf2\xec%\x0b\
\x18\xa8\x9f\xec7ST\x96\xb3\xb9\xac\x85s\xbe\xff\x1a\
%\xbf)&@\x1e/\x1f\xf0{\x0c\x08a\x05\x8a\xfc\
\x1e!\x9f\x1e#7\x98E\x7f\xb9\xd2=\xaf\x0e3;\
\xcd\xd8\xe00Wo\xd9\xc2\x91\xcb.c\xb8<\x8e\x9b\
\xb7\xa1\xae\x0a\xd9\xde\x8b\xec\x1e\x22'\x959p\xacS\
\x155V\x9fw\xce\xcbo\xb6\xb4\x0a\xb1\xbfP\x06K\
\xcb\xaew\xda{ES\xccr/\xfd\xc4\x07\xac\xde`\
\x88\x83\xe9\x1c\xa3\xb6\x87,IP\xb2\xb0\x82\xe1\x09\xd5\
<\x91(\x85\x9cC\xf3\xe9>n\x0dm\xa3zY\x0c\
{D\x11\xac\xc8\xd1\xf9\xe2({\xbc\x19\x14G@h\
\x8eW\x9f\x9a\xf4pm\xc8\x8f\xaf\xc5(\xab \xe8\xe5\
\xc9\xcd\xa9\xe1\xfcg~\xcf\x1d\x13\xde&Z\x03\xbd\xfb\
\xc6\xb1m\xdat\x16\xbe\xfc2I#\xcc\xd1\x8aI\xec\
{!A\xc7\xb2#HS\x92\x1b\x93\xe42\x92\xe9\xb7\
\xd6\xb0\xe4\x9e9\x08)9\xb9\xf6$\xaf\x7f\xe2\x14a\
\xddwy\x05VT\xa7\x98\x80\x11\xe2\x92\x0f\x9e\xe2\x9c\
\xc7>\xcbwg\xdd\xce\x96\xc5\xe7a(\x0f\xaf\xa1\x0a\
\xe3x\x8f\xdfCt\x9d\x1a\xf4\x9agN\xb6Ty\xf9\
\xdf\x01\xfb-\xa5\x94\x10\x0f<{icf\x84\x0bo\
\xbd\xc4\xd8\x9c\x938\xf9\x1ce\xb1\x10%a\x9d\xabl\
\x92#c\x84J\x8b(\xb9b1\xa1\x97\xde\xe4\xf6w\
\xd72\xe3\xc7\x16\x91\x98\x89Jy\x0c\xf6:\x1c~\xdc\
a\xc7\x8c9\x5c\xd8\xbe\x1b\xc3t\xfc\xeeHsh\x9e\
\x14\xd8\x910\xa2\xb9\x11\xb9}/\xc1\x9e~.l\xdb\
Mc\xab \x94\x80Iots\xee\xcb\xbf\xe1\xb6\xf3\
\xde\xc4\xad.g\xe8\x98`t\xb9\x85\xd7\x13\xc4\xceJ\
b\x96\xc0\x0d(\x8a\xe3\x9a\x7fuQ\x9e Z\x16a\
JK1\xd1\x98\x85\x0a\x1b~\x15\xb2\xaa\x03\xd4]\x1b\
\xa7zq\x90\xe9{F\xb1n\xb8\x9f\xcf\xe6\xbe\xc2\xc9\
YS\x11\x0dUx\x95\xc5\xd0\x93\xa4w0#&\x0e\
\x8f\x11\x8c\x84.\x03\xfe\xd5\x0a=\xf2\xfa\x94xj\xb4\
e\xe9\x82&\xd6\xa7\x1c1&\x0cJ\xc62\x1c\xdb~\
\x18\xe9z\xd4\xcdh$\x1e\x0fq\xd4V\x94\x95\x17\xf3\
\xb1\xf5\xaf\xb0\xe8\xb6a&\x5c[\x84\xd3+\x09\xd5z\
\x1c\xf8\xfa\x18\xbb\x86&\xb0kj3\xd7\x1dy\x0b\xb3\
\xc4\xf2\xe9n\x1d\xb8R\x18\x8c\x8d\xd8x\xc94\xde\xd2\
\xf7\x109r\x92\xd2\xd3'\x094\x84Q\xddc\xa8\xa0\
\x81\x1cNc\xcf\xb0\x98\xfe\x89b\xec\x01]:5\xae\
\xb6P\xcaB\x18\x85\xd7\xa6\xc6ly-\x07\x984,\
\x9eH\xc3\xfaz\xd0\xaeoh\x9e\xa1\x806\x19\xcb\xe0\
\xf5\xd8$f\x068\xff\x9e\x1cW=\xb4\x96\x1f\xd6\xd4\
\x10Le\xf0\x1a\xeb\x10\x91 \xd9\x5c\xde\xc8t\xf5c\
V\xc4g\x97?\xf6Z\xade\x9f\xecY4obU\
\xa4\xc3\xb0dG\xde3\xc2\x1d\xdd\xf4\xec8\xaa\x8b\xb8\
\x7f\x8a\xa3=CDW\xbc\x97\xf1\xa7:\xf9\xe8\x97\xbe\
\xc4\xc5\xd7\xb61\xebkEx\xbd9\xa2\xe3\xa2\xec|\
\xdde\xf7O<\xd6,\xbe\x04O\x99\x84U\x1e#f\
\x22\x1d\x1b3\xec\xe1X\x16\x8bw\xbc\xc5\x84\xd3\xa7\x90\
e\x09\xca\x95KE}\x86\xe2\xa6br\x81 \x0d\xe9\
\x13\x1c*\x9f\xc7\x91\xff\xd8N\xdd\xfb\xf3\xc4-\x13\xcf\
q5\xcb\x83\x92\x16\x9eg\xe1\xb9\x06*[ Y\xf2\
\x0exY\x87`\x91\xf6.\x0f\xcf\xd5\xf0\xdb\xf1\xbd\xcd\
P\x9as\xb7\x09+E.\xe1\xd1\x98<\x86a\x82=\
0\x82i\x05P\x898j,-\x92}\xc3\xaa\xba\xbe\
\xa2\xb8\xa4\xbad\xbe\x15\x0d\x9a\xf3\x8b\x8bcl\x19\xcb\
\xa9h2Mr\xfb\x11?\x83jBGY\x01\xf2\xa6\
`\xe9\x13\xcfs\xed\xef~\xcc\xc2\xbb\x934\xddQ\x84\
98\x8aU\x15c\xebK.\xdb\xef\x1e\xe6\xe9\xa6+\
ho\x9cJH\xea\x13\xd1D\x90\x8b\xf4\xb2\x88\x8c\xc1\
\xcc/\xd7Q>\xbf\x17\x91\xea\xc4\x94\xca\xc72UW\
\xd7\x10\xb6\x1c\x02\xcda\x16]\xd4\xcb\x91\xb7G\xd86\
:\x99\xe1+\xda\x09L\xb4\x90\x83\x0e2\xa3\x90\x19\x89\
\xccBf\x0c\x16\x7f\xad\x9a\xa9\x97\xd6\xe2(\x83\xfdk\
{9\xf8\x8d>\xdf\x01\xd4\x99\x06W\xc3\xa5`)\x14\
]\x10g\xf0`\x8e\xd2>\x97\xb6\xa6ZT\xfd8\xac\
\xe3\x1dx\xbd\x83\x08\xd3\xf4\xd9\xa9\xe1\x81\x94\xac4,\
\xd3\x8bE\xe7X5\xf1\xe0\xd4S9\x9bt\xce\x11\xe6\
\xbev\xa4ea\xe4\xb3~Vn9q\x92\x8b\xf7n\
\xe0\xc2\x89{\x98\xfd\x8b0\xe3\xcf\x0f\xa0R\x19N\xa7\
\xc2l\xfb~\x9e\x83\xbfV\xbc\xda\xf2>6\xce\xbb\x00\
KB>d\xd1\xa7\xca\xe8\xd9y\x9a\x8aE\x1e\xf9\x1e\
\x97\x8a\xda\x00Uw\x97\xf8\x86\xd1\xae\xacQ\xa1\x1a\xb3\
q2\x11BQ\xc9\x84\x8f\x143\xf3\xb1\xad\xc4\x1b#\
\xd4\xcf*chW\x16e\x9bX\x86\xc0\x0a@(j\
B\x83A\xc3\xf9e\xc4\xca\x22\xc4*Lb7\xd4`\
\xee\x04\xcbV\x98!\x89\x11Q\x18q\x8b\xca\xa5A\xc6\
_\x1db\xdfw\x86x\xed;A~y\xf1\x07PA\
\x81\x988\x0e\xe3x7\xde\xd0\x08D#dR9r\
9[+Q-VT0\xbe\xd7\xf5P}\xc3\x22\x9f\
Lc\xe4sH\xdb\xe5\xa6\x03\x9bXY\xb4\x89Y?\
\x08P\xb9\xa4\x08/\xe5q\xecMI\xdbz\xc9\xf1\xd5\
)\xda\x92\xb5\xbc\xb4\xec\x0a\x0e5\x9f\x8bQZRH\
\xc5\xa3Y\xd66\x9d\xcb\x8co\xed$S\x9bc\xd6\x85\
Z\xf2\x92\x08\xd7Ch\xd4m\xe8\x94-\x11a\xad\x93\
d\x19K9\xbc\xfb\xb4\x06d\x10q3\x9c\xff\xad*\
\xa2\xe1J\x5c/\xe4\xcbc\xda\x0b\x85e\xa2\xa4Bi\
t\x99WH\xd7!R\x14\xe1\xbd\x8fM-\xe0\x00W\
w[\x1amJ\xbfB\xb9\xc3Yf|>J\xff\xe6\
a\xa6\x1e=\xc5\xce\xd9-x\xd1\x10F}\x15\xc6\xc9\
^\xa4i\xe0ISh$\xaa`\x82\x95\x82\xcaL\xce\
\x81\x81\xd1\x02\xe3\x9aNC(L\xe9\xc8 v\xc2c\
\xdf6E\xf6\x91\x1c\xc3m0\xd0n\xd1\xad\xaa\xd9\xd3\
\xd8\xc2\xf6s'\x93\xab\xab\xc7,I\xe0)\x9d\xec\x04\
Fe1\xef,\xba\x80g{N\xb0\xf4\xc3\x1b9\xb4\
@P:]\x10\xab0\x08\x86%Z\x0f\x93\xd2\xc2M\
;\xa4{\xa0{\x1f$\x0f\x05yv\xd9\x0d\x5c\xf8\xee\
&Z\x1e\xe9e\xc6?\x86\x90\xa7s8y\x13'\xaf\
=\x05\x8a\xca\xc2X\x91(Z\x92\x09\xc4\x142/\xc9\
t\x0c3\xd23J$\xee\xfaae\x06\xb4\xea\xa4\xe1\
\xa6_{\xa8lr\x98\xb4a\x1f;\x8f\xb4\x10\x98T\
C\xbe$F \x19E\x8e\xe5p\xb0D.\x9b\xc7\xb4\
D\x85\xd5\xe5\xa8\x88\xd0\x994\x9d\x15\xe4|\xab \xb2\
9\x1e\x9f\xb3\x8c\x91]\x16\xf1\x1f\xa7\x19-+\xe5d\
\xe3\x14:\x9b*\xe8\xd4\xaaM0\xea\xc7\x92\xd1\x9fD\
g%\xa3\xb6\x0a\x15\x8f#3YD<\xca3\xef\xbf\
\x99=['\xd2\xb2o\x0fU\xbbF\x89\xb8Y\x08\x05\
\xd1\xea\xa9\x91J\x91+*\xa1\xaf\xb4\x8a$&mK\
\x1b95i\x06\xa1\xbc\xcb\xa2\x1f<N\xdb\xfe6\xb2\
\x87]FG!5\x04\xa53\x83\xdc\xf8H\x1d\xc8\x18\
\x88$\xfb7\x8f\xd24#\xe2\x97\xbf\xcd\xbf\xcfr\xec\
\xb7I\x02J\x11\xa92\x08\x1b\x92p\x10B\x11\xb0w\
B\xfb\xb2zD_\x12\xe19\x18\xcdMxe\x09\x8c\
\xd1\x0cR\x1b6\x97\xd7$L\x91\xe0{O\x8c\x85\x02\
V\xdc\xddq\x08\xaf\xbb\xdfw9cz#^\xce\x86\
\xf6ND\xd0@5M\x84h\xd4\x8f\x1fk4\x85:\
x\xc2/o>\xad\xe2y\x08$Fe)\xaav\x1c\
\xca2\x11\xda#4\x15\xde\xd3\x07\xa7\xba0\x5c\x17\xa1\
u\xc1\xaa\x0a\xdf\xdd\xbd\xd3\x030\xbe\x16\x12\x09\xe8\xec\
+(\xc3(.\xd9\xb1\x9e\xa9mG9]YES\
\xcf -\xc1\x13,\xfb\xdd8\xaa[\xca1-E\xfb\
\xbe^\x1e\x7f\xff\x00\xcb\xbf]\xc6\x82\xeb\xc2\xb8\xf9\x10\
m[\x1c\xf6>8\xc6\xe1Ma\xdaU\x19#\xf1\x22\
\x7f\xcd{\x1b\x1b90{\x01:\x91\x98\xa94\xd6\xcc\
\xc9\xd8U\xe5\x98\xc7;\xf1F\xd2L\xbeb.N,\
\x982\xb4\xc7H_\x8ar\xc0\xb1\x11\x93\xea|\x11\xd3\
8|\xcc_\xb8J\xa6\x09\xf4\x0fb\xc5\xa2\x18\x8e\x83\
WQ\x8a\xd2\xef\xd1\x1b\xd7\xc2\x83^\xbc\x19D\x9eN\
\xc2\xfe#\x88\xc1a\x7f\x93\xfa\xb3fM5\xe6\xccf\
Dy%\x1eA\xbc\x81\x14$\x8a1\xe6\xcd\xc1\x1cI\
\x13\xca\xdb\x04fM\xc5\x0b\x07|\x83\xbe\xba\xf8\x0a~\
u\xc9J\x1c#\xca\x8c\xb9\xc3,}\xa1\x96q3c\
\x98\x96C\xd7\xa9\x01^\xfb\x87\x14\xca\xadf\xfb\xaa$\
m\x87m,9\xc6\xe4\xf3\xf3\x5c\xb3&\xc8\xad\xaf\x18\
\xac\xf8\xfc0\x0bf\xf7R\x5c\x9c\xa1fp\x88\x19\xef\
\x1e\xa4dp\x14OK\xf3'{0\xa4D\xc6\x22\x08\
\xd7U\x9a\xda\xb7=2\xba\x81\xb6\x95 \xa6<\xa9D\
8$\xa8,E\xee>\xe8'\x1e\x1dK\xc20\xd0\xad\
\xb1\xb0m\xffd\xc5\xc8(\x94&0\xe2\x11\xd4h\xaa\
 ~\xe8+\xa0\x15\x1a\x07q\xb4\x1d\xb3\xa2\x04UW\
\x83\xd2\x86\x0d\x040\xa6LDt\xf5\xe2\x0d&\x91m\
]\x18\xf5.jN3\xf9\xa3\x9d\xd0\xd1\x8fh\x9cD\
\xfd\xe6]\xcc?\xb4\x91\xcb\xd5\xbb,\xbe1\xc5\xe4O\
\x14\x11*R\xb8i\x9b\x9d\x1b\xc7\xd8\xf1\xc5!v\xa6\
Zx\xf2\xc2K\xb8s\xfdsl\xb8\xed$\xe6\xa3\xa5\
L\x18'\xc9\xf5[\x8c\x9f\xaa\xa8?\xd7\xe5\xa2;\xb2\
\xa4\xda\x87\x189z\x88Tr3;\x9f\x0as\x7f\xd5\
\x879\x5cSK`h\x04;\x12\x22`(l%I\
\xd9NN\xc3\xadAe\x18\xa5\xbe\x9a\x13\xd4\x02\x87\x87\
Jg\x11\xe5%~\xcf\xael\x17\xa3\xa2\x1a\xa5\x02\xc8\
h\xe0?\x85\x80\x89\xe3\xe1h\xc7\x7f\x1a@W\x01\x11\
\xf6\xc1\x93\x97\xcdAG74\x8c\xf7\xc3F\x07\x09\xd3\
&#\xba\xfbQCI\xbc\xee\x01\xac\x9c\xc3\xcc\x88\xcb\
\xec\xd7~\xc7\xa4\xd0i\xe6N\xea\xe2\x9c;R\xd4^\
\x93 2>\xca\xf0\xd1\x0c\xfb^S\x1cY\x93\xa5\xe7\
5\xc9;\xe3\xe7\xf3\xf4\xe2\x0b\xb0K*yh\xf9\xfb\
\xb9\xeb\xf55\xd8\x1f\xe8d\xc1\xbf\x950k\x19\xa8\xac\
E~H\x0b5&\xf1\xc9i\xe23\xc3t\xb4\x85\x88\
>|\x9a\x0a\xa3\x8fC\xd5\xb5\x88\xe1\x11\xa8\xa9\xd2\xca\
6\xfa\xd4\xdd\x9c=l)\xa9\xda1\xcc&\xc2a\xc5\
\xf0\xa8\xd0%K\x1b\xc2\xd0\x13\x1c\xb3Z\x98\xd0\xd3\xc5\
];~Mj\x8f\xc5~&r:\x5cJ\xb2\xa2\xd2\
W\xa0-\x1d\xbf\xae\x8b\xce\x06\xa6\xf4|$\xa6/\xfd\
o\x0d\xa3\xadM\xdb\xa0\xba\x1c\x02!J\xd2If\xe5\
N0\x9c\xb3xn\xfabz\x9d8\x1f\xfb\xd5\xbfr\
\xde]\xa34\xde\x10\xc2*\x16dF#\xb4\xad\xcdp\
\xea-\x9bS[a\xac\xcdb0T\xcd\xcb\xf3\xcfc\
g\xddT\xccX\x1c+`1TZ\xc5\x83\x17\xaf`\
\xc5\xb67pn\xdcM\xf7-\x063?\x12\xa7f\x92\
\xe9\xa3\xcf\xf6\xbdA\xde\xfe\xda\x18}og\xd8T\xb5\
\x80\x1dW/\xc08=\x8a=\x96\x81*\x89a\x99J\
\x19\x86\xb0\xb3\xf9N\x0b\xc7;\x88a\x5cL,\xac|\
\x9c9\x98\xf4\xad\xc4\xe16\x18\x1dc\xd6\xa1C\xbcw\
\xf2a\xa6|5\xca\xc0\xfa\xa3\x0c\x1cr\xb0\xb3Zv\
\x0d`T\x1a\xbe\xfc\xa5,\x85\x81I (\xb0BA\
\x1f\x9b\xeb\xb2\xa8\xe5\x12\xcb\xf4\xb0\x82\x01\xac\x90E\xe5\
\xc2\x10\xc3maf\xb5\xfe\x92\x07g\xde\xc8k3\x17\
b\xbd\xb0\x81\xad\xaf\xb9>h\xd22\xdb\x98\x17g0\
P\xc6\x88\x99\xe0\xf8\xf4\xf1l\x9e2\x05=}B\xa2\
\x04/\x1c*HP\x1a\xa2\x87\x1bx\xf8\xd2\x95\x9c\xd3\
1\x93\xa5\xcfmc\xef\x8b\x9d\xd4.\xcc1n\x8e\xc9\
\xb1\xa7\x1d\xde\xecjf\xdb\xa2\xb9\x1ckl\x82\xdaq\
\x98\x19\x1b\x95JC>\xaf\xa5:\x95\xd7\x8du:w\
\xd4\x12\x99T\x9bL\x14a\xc4\xa2\xa8H\x08:{\xfd\
\xb2\xa6{sNv3\x9a\x1cc\xc86\x08$$\x8d\
+L&\x07M,\xcd\x82j\x94r\x16\x84\xea\x8c\xaf\
\x9b\x15\x9fg\xd4\xb5\xce:\x13*\x1a\x1a\xeb\xb0\xd1\x8d\
Q\x10{\xd0\xa3bA\x80\xa2\x09e\xa8;\x9e\xe6\xef\
\xaf\xffg\xcc\x17r\xbc\xef\xf4[Dk\xe3\xf4\x9c\x88\
s8>\x0eB\x92\xd9\xd3\x87X ;i\xda\xd9\xc7\
3\x17^\xcf\x94S\xc7\xa8\xee\xec\xc3\x16\x9aZ\xd3\xf9\
\x09,\x1d\xc7\xd2c\x7f\xd9$\x22\x9d\x10|\xee\x18\x03\
o\x1a8\x83A^\xbax\x11\xc9\xba:\xac\x86:<\
\x9d\xfc\xa2a\xc4P\x12\xa5\xcb_\xd0\x12\xb6\xe3be\
\xec\x9dV\xa0\xbd\xe3\x90ST\x84*\x8a\x1a\x22\x12F\
es\xc8\x9e~L\xcd\xf7[\x16\xfd\xe18\x99\x0cx\
9\x89t\x15c\xdd\x90I\x81\x16g\xff8\x15\xe5/\
\xc7A\xea^@\x8f\x82x\x02\xa9u\x01G\xe1\xf9\xa4\
\xa6\xf0\x01Le\xa3\x85\xea\xea\xa7dF\x11\xe5\x95\xa3\
T\xdb9*\x03\x82s\xef\x12\x9csO\x9c\x13\xaf\xdb\
\x5cx\xf8(\x95\x0d\x82\x09KM\xacb\x93\x0b~\xba\
\x97\xda\x07\xd2\xccj\xe8d\xceM\x0e\xf9!\x07\xe1\x15\
xH\x8d\x0a\xb52\xa5\xf9\xd2L\x22H\xd5\xbc2j\
\x17\x059\xf6D\x8a\xbeom\xe4\x87\x15+p5\xca\
\xb5\x1d\x84\xa1Gr\x0cD.\xa7d\x22j\xc8\xb1\xb4\
m\x8d\x0c\xbdc\xf1\xee\x8e\xc3\xa2\xae6\xadjkb\
\xa2$\xaeT\xde\x16\xca\x10\xc8l\xde\xcf\xe0\xae\x19\xc0\
5\x84\x9en!Tl\xb0w\x1d<\xfby\x9b\xa0\xe6\
;2\x0aS\xc3\xd5?QY\xa4\xd4\x5c@\xe1\xb5\x7f\
\xeee\x16\xc6\x90CQ\xad\xe4\x03\xcfE\xa8\x18o\xd2\
\xb1#I\xc7AA\xff\x84\x1e\x86\xd2.v\xb7G \
\x9fd\xda\x02\x13\xeb\x12\x0b\xe9\x0a\x9fh!\xe90\xf1\
\x96\x083\xbf\xb1\x1f\x86M&\xdeYA\xe8\x0c\xb3,\
|I\xc3A)\xd7o\xbd\x85f\x87\xf2Y\xecd\x8e\
\x96\xdb\x0cn:v\x8c\x1d\xaf\xefb}e)f8\
\x88T\xda\x1b\x05\x86\xed(\xaf$!T6{\xd4~\
\xe1\xd8\x11+\x7f\xe4\x0f\x1d\xe6\xe9\x85G\xa9\xa9\x9d\xad\
\xcaJ\x94\x18H\x0aM3\x15\xdc\xba\xb0-}\xda\x85\
Y4\x01)IC\x95\xc5\xd2\xaf'\xe8\xfc\x83C\xfa\
D\x1e\xd3\xd4\xd2\x98\x8e\x0b\xd7\xa7\xc2\x03a\xdd\x12\x1a\
$&\x07h\xba!\xcc\xa1_d9\xf4\xe3\x91\x02\x85\
\xadu\x04\xc7%o\xc5\xb1Ca\xfa\xc3%>\xad\xa7\
\x01\xcbh\xb7d\xcd\xca\x14\xc5\x13L\xae\xfdf\x043\
fq\xe0\xe7i\xba\x8c\x1a\xac\xae\x1c\xed/g\x98z\
e\x80|R\xf3\x02:g\xe8\x96\xb9@\x09\xe9\xf5\xe9\
\xb0\xd4 \xc8\xcbJ\xa2-\x1e-\x8f\x1dc\xfd\xc8{\
\x10%\xb1?RG\x86>\xa3pD04\xb8\x91\x0d\
\xad\xae6\xa3'\xbb{\xb72i\xf2,U\x12\x97\x22\
\x1a64\xed\xab]FoY\x7f\x89\x0e;\x8d\x98\xf4\
k\xcd\xf7g\x07%\xe5\xd3s4_\xa8\xb0m=\xd7\
\xa7K\xa0~w\xa00\xab\xa4\xd1\xa0n\xc4=\x17g\
l\x889\x9f\x8cqjw\x007\xad\xef\xa5\xc3C\xbb\
\x88\xdf\x1e\xe2iH-\x0c\xbfY\x94\xc2Am\xf7\x08\
F\x05\xa1\x12\x8f\xa3;\x0c\xda\xbe\x9b\xe7\xe9\xc9\xf3\x89\
\xd8\x19j\xee]\xcb\xfe_\x03)\xbd\x8b\xc2\xf1\xf8\x8c\
\xae\x96\x0c\xce\xccd\x10\x00Y$HmV\xb4WU\
\xa3\xd1\x8eJe\xfd7j\xcfVA\xcb\x90\xb6-T\
*\xf5\xc2\x1f\xa51\xd57\xf8;\xa3\xa3\xeb\xe3jr\
\xbd!\xaaJ!\x95F\xf9\xbe\xed;\x97\x9f\xd1\xfd\xd7\
:\x01k\x06g\xc4f\xe7\xcf<\x16}V\x87\x81\xc4\
\xc9*,\xd3\x22\x18r\xb56D>\xa3\xe3\xd3\xf5\x87\
\x22\x821\x83@4Kh\x9c\xd6\x0c\xb5\x1bJ\x7f@\
\xd2O\x1eF\x817\xf2\xa9n\xe1\xa1<\xd3?\xc1\x89\
\xef\x0d\x90S\x01\xde\xfdB\x92\x1dr2\xdb&M\xf7\
\xdf;x,B\xc5Q\xedI\xfa\xd6\xca\x97\xe6M\xed\
\x97\x9a\x13\xf4\xbbM\x03\xcb\x91\x04R9\xda\xeb+\xd9\
5a\x9a\xdf\x07h\xec\xef\xc7\xbf\xb6[\x22n\xa8\xc1\
\xa1\x1e\x06Oo8k\x00\xc1\xde\x81u\xaa\xf2D\xbb\
\xa8\xa9\x9c(\xcbJ\xa414b\x90\x1c\x85\xa0\xa6\xa4\
\x0b\x13/\xfe\xa7\x15\x044+\x1c\xa9g\xec\xf1\x0c]\
[\x07}\x1e``\x00&]\x15\xe4}_2H'\
\x0d\x9e\xfe\x9c\xcbp\xa7\x9e\x00\xd53\x0e\x0e*aB\
\x8fG\xe0S\xc2\x17;\x0c\xe1O\xdb\x9d\x19g+\xcc\
\x16\xf8\xbb\xb2\x1d\xcc\x18\xd4]\x12b\xdb\xf7\xb3\xec\xde\
U\xc6O.\xbf\x8c\xf1\xa3i|\xb2&X\xc9HU\
\xb9\x8f3\xfcIK\xffPt\xdf!\xfc\xbc\x90\xc8g\
\x99\x97<HS}\x12\x99\x09\xb3'\x14\xf5\x15g-\
\xda\xea?F4$e$j\x88\xc1\x81\xa7\xd4\xf7>\
\x97\xd6\x8a\x98\xc5\xb2U&\x1bZs*Y\xfbK\xa3\
\xb3\xafUM\xae\x93j\x5c\xa5a\x8e\xa6\x0aY\xdd?\
\xa1B\xed\xf5\x94 \xe4yt\xc6\xca9Ts\x1e\xcd\
G\x8e1XVLCw'SN\xb5\xe3\xe9Q\x19\
<\x9c\xa3\xb0kx\x06-\xb2\x93\xaa\xc8 \xc7\x8fW\
R\xd9hc\xc8A\x0d\x99\x10*\xff\xc7\xc9%\x8d\xcf\
\x95_>u\x5c\x17\x1c\xc3\xce\x0a\x1a\x16\x16\x91\xa8r\
x\xdf\xf1}\x5cj\xecf\xea\x12p\x07\xce\x08#R\
\xfbY\xe13\x1avI!\xb1,A\xb8TR\xb3\xd4\
\xa4la\x90\xa3?z\x87\xc03\x06k\x16]\xa8\x9b\
\x9d\x02CY\x5cd\xa8\xb1Q/\x90\x1e}XO\xb2\
p\xa0_Yl8\xb3\x16a<\xa4\xdaO\xde+J\
\x8a\xe2JW\x83\xda*A\xf7\xe9\xc2$\xd6\x99\x9cn\
 \xc9\x88\x003\x87\x0fsqS\x1b\xe9\xf9aN\x0d\
$)\xae\x1f\xa3\xa4%\xe4oF\x83\x9e\xc6\xab\x05\x0d\
\xa9CL\xbe*H\xcd\xc2b~\xf7\x81>rm.\
\x9e\x15Bh\xe0\xa4%\xfa\xc2<\xc2\xd9q,\x9f\xd7\
\x96:I\x8eH\xb6|/\xcb\x07VG\xb9\xe1!I\
\xf15\x1b)Yl\xb1\xf8{e\xa8\xac\xd6\x1fu\xc2\
\xd3\xcb\xd7b\x8c\xe6\xed\x0a\xdd\xa8\xc0F\x13\x802\xa7\
\xb0GrL\xb9'\xc4M\xbb\xb7\xb3\xb5\xb3\x99\x8e\xe9\
\x131C\x01\xcf\x8b\x17\x99bh\xf0\x15\xe7[\x7f\xbf\
\x9bU\xab\x0cZWjm\xb0U\xb2b\x85\xc9\x9aG\
{\xd4\xc2\x8f<,Nv\xff\xa3\x087\xba\xaa\xa4X\
7J\xa8\x8e\x1e\xdf\xc5\x0ai@\xf9\xc3O\xa6\x97e\
\xe2\xf9\x8a%\x9fsI\xb7\x0f`\xc4\x83X1\x83\xdc\
\x88\x8baI.\xbf?\x80\xa1\x87\xc74\x9b!\x15\xf3\
\xee\x0e\xb2\xfesv!\x11\xe9&\xcb\x90>\x86(x\
\xd7\xd9\x22*1<\x17\xaf\x22\xc1\xa9\x8d\x1e\x1d\x1b\xf3\
LZ\x22\x98\xf0\xa1(G\x9e\xc8\xd1\x7f\xd0\xa3\xb2\xd6\
&3$\xf04\xc3\xe4\xe9\xea$\xfc{y\xae\xe9\x93\
\xa3B\xd8\x88\xa0\xd6#u\x0b\x92g\xe2r\x9b\xc9\xbf\
9EGs\x13\xa2\xb4\x182\x19\xa5\xd2\x99\x7f\xf1\xbf\
\xee@\x8b\xff\xc5\x85NfMs\x01\xad\xc4b\xdfa\
`\xe06\x11\x0d\xc6i\xa8ST\x96\x09\xff\x83)\x1d\
I\xba\xd1\xd0\x8c,\x8cZ\x15\xecz2C\xe3\xb5P\
=!\x88\x9b\x95~\x86\xf7\xc3\xda\x15\xf4\x1c\xd0\x92\x9a\
\x8d\xe1J\xaa\xa6\x05\xa8j60\xcbu\x12,$I\
\xa14\x84\xd6a%\xb14K\xa4\xe3X\xc3f\xd7\xa3\
/Q\xcap\xd6\x22s\xfc$\xea\xbc\x10\xd3\xaf\x13\x1c\
}\x14~w\xc7(Z\xf8u\xfb\x5c\x22Q\x81(\x16\
\x5c\xfd\xe3\x10\x95\x0d\xf0\xe6\xafm\xb6\xfc(O,a\
\x10\x0d\xe5ITAh\xba\xc5\xe8\x0b\xd2\x07H\x14\xc7\
=\x19/2\xe9?\xfd(\x0f|fsa\x16b\xa5\
?\x1fp\xa6\xd8\xfb^`\xf0\xfa\x8f\xba\x95a|]\
\xf6\x0e\x19\xc6\xe9~O\xbb\x94(\x8arf\xe0\xd0\xff\
\x19q$\x07\x12ul6\xa6\xf0\xf6\xed\x19^\xbc3\
\xc7\xe3\xd7\xdb\xbc\xfe\x03A8a\xf9\xf1\xbb\xeeW\x02\
\x15/\xe1\xe8\xee\x18\xbf\xfc\xb0\xe4\xb9{\xf3\xa8\x8cB\
\xe8rYH'\x7fD\x90:l\x0aSfg'\xc7\
\x15\xe9\x5c\x10wT\xfaU\xa1|\x92\xa2\xbc^\x90\xdb\
\xe70ce\x9c\x89\x0bc\xc8\xe3\x92\xe8I\xe9\xe7\x1b\
\xed\x01\x22\xe9\x12\x1d1q\x8f\x07\xd8xr.\xafn\
\x9e\xca\xe6\x07\x12<\x97lfW\xf3L%\x121\xa1\
\x92\xc9\x11\xf2\xe9/\xfa\xf1\xb7\x7f\xbf\xfa\xf3\x09\x915\
k\x0a\xa1\xd0&\xbeO\xcc^\xa1Nv\xcf'\x16\xd1\
\xdf`J\xed\xba\xfe\xa2\x0b\xe35z\x08\xe2\xd99\x8b\
\x18\xd9\x1d\xc4\xdc/)N\xdb\xdc\xd4\xb9\x0fWYX\
!\x93\xd4\xb6,\xc9\x85\x06\x97~E\xa2\x06Lv>\
\x98\xa1r\xbc&9\x85\x7f\x1f\xe1\xb3\x9dg]_\xe9\
\xb9(?\x9b\xe7\x85\xc5\xc4@\x0f\xf5M\x16E\xb3\x13\
xi\x9bp\x91\xc0HH\xc6-\x8ap\xc1\xa7<r\
i\x93\xed\x13\xa3\x1c{$\x8bf\xb95\x00p\xd3&\
\xb3\xff>\xcc\xf8\x05\x1e\xbd7t\xf0\xe3y\xef#+\
]\x9c\xcajhl\xd0\x9d\x99\xc5X\xea\x0b<\xf8\xc5\
N\x96L2im\xfd\xe3\x88\x8c\xf1'\x13B\x05\xab\
\xec\xf8\xb9\x83e\xdd\xae<\xe9p\xfc\x94\x1f7:\xa8\
\x94\xce\xd6R\xe0JAd(C\xa2/\xcb\xd6D#\
\xdb+&\xd3\xa5\x8a\x91\x8e6\x8e\xc6\x0c\xe0\xb4\xb9t\
\xad\xcd\xd3\xbf\xdb\xa1\xe7\x80*XY\x16p\x84\xb6\x80\
\x94\x85\xb4\xa5\x8f\xde\x8f=\xbf\xb9\xd2<\x82\x22~A\
\x90\x95\xaf\x84\xa8n\xca\xe1d\x1c\xff;\xc7\x86M\x9a\
o5q\x86r\x98\xd9\x0c\xa1\x86\x00YY0\xa6\xe6\
/\xf4x^\xfb\x0b\x19\xea\x97(V\xde3\xc0\x07\xb7\
o@\xd55\x10\x98\xdc\xe8\x8a@\xd8bx\xe0E\x1e\
\xbc\xe7g\x7f\xea\xfa\x7f\xee\x01\xfaZ\xb3\xc6+$\xc4\
\x9f\xec1\x96\xddv\x8f\x14\xb1\x7f\x97\x9d\x9d\x0e\x09=\
\x09\xa1\x99g\x8f\xac\xb0\xb8\xf2\xc2\x93\x5cW\xd9\x85\x1c\
\xf3\x88G\x1c\x8c\xd9\x16\x95\x8b\x8bP\xb9,\xa6!h\
\xf9T\x9c<\x8aw^4h\xbc\xd4\xa3fb\x9c\x13\
\xbf\xd7\xe8RW\x00-f\xe8\x88\xd7\x97\xf2O^\x9f\
\x82\x9e4\x0d\x16A\xcfS9\x8e.2\x99\xf3>\x1d\
r\x11\xd6}\xd7EX\x06\x8d\x17\x81\xb0\x1dN\xf5\x14\
\xf1Nk\x8aX@\xe7\x8e\xc2\xbd\xf4L\xc6\xd8n\x97\
S\x1b-f|*\xc2\x8a\xa3m\x9c<|@\xbe\xda\
\xd2l\x19C\x83\x9dj\xac\xefv\xdf\xf5\xef\xbbO\xfd\
\xcfs\x82k\xd6x,[e\xc9\x0d\xad?\xe4\xca\x7f\
\x98C$\xfeQSIO\x08\xd34\x84$\x97\x85q\
\x17\x08\xde\xfb\x8f.\xb9~=\xd6Wx\x08B\xd99\
\x9c\xb4$\x14\x94\x5c\xf8EM\x88\x14\xa6\xc6\xf4\x18\x87\
\xedZ\xa42&N\xaa\x80[\xfd\xa6Q\x970]Y\
\xf4\x92\xfc\x96N \x0d\x88\xe4]\xf6\xfe\xfb\x18B\x84\
h\xdfh\xb3\xef\x91<\x97\x7f'\xe6g\xf5\xe1\xa1\x18\
o\x7f>\xcd`\xaa\x86Pc\x12\xc3\xb3\x0b\x90X\x80\
M\x11\xa7\xf7\xb8\xd4\xcfr8\xef\xcbAu\xe3\xedk\
\xd9upn\xb2\xaf>r\x83x\xf8_\xfb\xd4\xe81\
\xd3\xdf\xdb\xffr\x19\xfcW\xd7\x86V\xef\x09V\x98\xfc\
\xcb\xad\x1f\x8f\x8f&_\xf5\x02\x01\xbdE\x1f\xb7it\
\xb7\xf5\x87\x0e\x1d{\x0c\x7f\x1al\xf0\xa4K\xffQ\x97\
\xd3\xed\x92\x91a\x93\xa1~\x93\xae\x83\x92\x9ec\x1e}\
\x1d\x1e\x03\x9d0\xd2\xa7!\xa4\xee\x13t\xdd\xd6\xc7\xad\
\x13_!\x0f\x14\xe0\xcc\x99\x94\xe8J\xdcD\x90CG\
\xab\xf8\xed'b\x1c|\x04\xa6\xcd\xb1h\xfe\x80\x1e\xbb\
\xb5\xd8\xf8m\xc9\xae\xdd\x15\xfcf\xfer\x7f:U#\
T}\xb0\xda\x9d\xba\xcd\xf1\xf4\xed4plA8&\
\xbdE\x1fu\x8d\xdb\x9e\xf8\xb7g\xf8\xf6\xbd\x9b>6\
o^\xe0\xbf\xda\xfc\x7f\xf7\xbc\x80Z\xc3\x1ax\xcf\x1a\
\xe7&\xc5\xe7\x9c\xea\xd0eJ\x16\x00\xac\xee\xef\xad\x01\
\x8f\xd5W\x00\x11\xaf \xccx\xba6kb\xdb\x9f\xb1\
=3\xa4_\x80\xbbZB\xb0m\x97x\xd8`\xe9'\
,\x7fv\xb0\x90+\xce\xe4\x80?\x81\xd9:3(+\
\xc4\x0f\xdfs\x15\xb5*\xcf\xa7w\xfd\x9e\xf3\xbfa\x12\
\x0a(~\xf758\xf9h\x86\xe1\x92z\x9a\x0f\xec#\
0\xc1#\x940\xfc\xfb)\x1bz\xe2%\x0cvuc\
\xa7=\x02\xa6\x12e\xe7x\xd4\x97\x8e42\xb4\xca\xa8\
\xb9\xba\xd5c\xc7_\xf8\xc0Ds\x01\xa4\x8bQ\x81Y\
\xad{n\xd3\x10^\x1e*g\x059\xe7f\x1d\xbb\xba\
\x0f\x0fc\x05\xa5\x1f\xf7\xfe\xe1\xear\xa9\x1f\x84\xd3\xd9\
^Ox\xe9\x8d\xe9Q\x11\xd7 1\xcd$\x10\xce\x9e\
\x99\x22W\xfe{\xb5\x07\x84\x5c\xdbo\xb8\xb4S\xe8\x86\
\xc6\x9f:\x0f\x86\x99\xbfg7\xcb>oS>\xa7\x84\
\xa7>3B\xcf\xe3\x1e\x91\xd2\x10\x9f\xfeJ'\xf1`\
\x9ePs\x14\x93\xac\x1f\x02nN\x92\x0e\x85ev\xa4\
\xa0(\x07\x8b\x5c\x95<ax\xaem\x0aDk\x01/\
\xffU\x8f\xccX\x05\xdf4\x0c\xa1\x84)D~L\xd2\
t\x81\xc39W\x1a\x85]kz\xd5O\xe1\xfe\x88\xf8\
\x19X\xeb\x15\xdc\xdc\x1ff:S\xea\xf4K\xd7a\xac\
\xd3\xf3+\xc0\x99\xbe\xdc\x0f\x05\x03\x97pT\xe7\x0c\x8d\
\xe4$B\x8f\xdaiV)n\xd2\xbb!\xcf\xbbO\x0d\
\xd0\xb9/\xcaK\xb3/\xe6\xca\xe3\x9b\xe8?\x92\xa1\xe1\
\xb3E\x84\x9dQ\xb2\xa3\x8a\xc88\x0bo\x109PY\
f\xf4\x0d\x95r\xf8\x85^*\x97\xc4\x8c\xe3?\xb0\x09\
\xa6\xbc'\xfd%\xb4\x16\xba\xed\xbf\xdc\x00\xcao\xaf\xf5\
\x99\x0a!\xa5\x0aD,v\xac\xb5\x94\xddk\x1b\x16\x9e\
\xdf\xd9\xea\xae\xd4s\xf5V\xcf\xcc\xcc\x9f\xe9\xd1\xfd\xe4\
\xa4\x99\xe3\xb3\xd3t\x11\x8b\x09\xe7\xc5\xa8/\xcf\xfa\xee\
o\xe9v\xd9\xa7\x90\x14y\xd7 \x185\x18\xf1,\x1f\
\xcb\x07\xa4\xc3\xf3S\xe6\x92z'\xef'\xd8\xad\xe7\x9d\
CoI\x15\x19\x1d\x84?\xdb\xc8\xf0\xa0\xcdU_\x0f\
\x12+\xb5\xe5PW\xd0\xeb\x7f\x87\xc0\xd0\xf8\xe0\xda#\
\xf9\xca_\x8d\xbf\xaf\xe3\xeb\xc1bY!\x86\xe5O?\
\x8e\xfcY\x8f\xc2h\xf5\xa7'\xfe\x1a\x0fPP\x0a\xfd\
CG\x84\xd7s2d\x8et+^\xffd^\x18\xae\
:8\x18\x197\xd9\x0dF\x82\x86\x9d\xf3\x94\x9e\x83\x91\
:IhrC\xd7\xfb\xb3e\xae\xe0\x05:\xdf\x85\x9d\
,\xe7,\xc8\xb0\xe0[\x11\xda\x7f\x9f\x22i\xc4\xfc\xff\
\xeb)-\xa3\xedYItY\x88\xee5)\xda3e\
\xa4\xa3a\x9f\xcb\xfb\xfd\x92K|M\x911]^a\
W\xe5$2\xb3,\xfe\xf9\xd5\xdfy\xa7n\x89\x08a\
G\x8c]\xdf\xb0\x8d\xee.\xf9\xe8\xde;\x1e\xff\x90h\
E\xde[Z\xfa\xbc;<\x5c\xb4@\xd0\xf9\x913\xcf\
\x96\xfe\xd5\xcf\x0c\xad\xc2\xb7\x9e\xfc\x09\xe2\xbe`\x8d\xf1\
eoL\xe5\x8bs\xc67V:_\xfef\xfd-\xf9\
y\x03\x92oy\x91\xe8r\xcd\xfc\x90J{B\xf3\x88\
\x8ec\xfa,\xd2\x999T\xbf\xd9\x91\x8a\xe2|\x96\x0f\
\xef\x7f\x8b\xe9\xee)\xba\x9db~\xder\x11]\xb5\x13\
\x10v\x9ekw\xbf\xc9\xa2\xe4\x11\x06T\x94G\xcfY\
Jg\xc3$\x8c\x92\x04\x22\x1e\xf3\xf5E\xa9\x19\x9d\x80\
\xa9\x8ch\xc8\x93%\xc5\xd6\x87\xb6\xadea\xd7&\xc6\
\xb2\xf9.\x95V?\xbfw\x95\xfc\x9ahE\xadb\x99\
\xd9\xca\x06\x9d\x9cXU8\xf9\xff\xf6y\xa1\xff\xd3\x07\
'\xfd\x1c\xf5\x9abJ\x04\xf2K\x04\x1d\xff/\x9b\xde\
\xfcO\xb7\x10\x88|\x81px\x86_\xf7\xd3)\xad(\
\xb9\xe4\x1d\x81\xabg[\xf4x\xe8\x99F?\x9feR\
r\x88\xaeH\x8c|Q\x89/gk\x84\x89\x9d\xa3\xd8\
\xce\x91)-\xc5\xa9\xa8\xc0()\xd6\x86T\xf4\x0f\xe8\
\x19.)\x8abB\xc5\xe2\xa6\x0a\x875%\xad\xc8f\
_\xbey\xddk\x0f\xdc\xdc\xfe\xe6\x96+\x0d1z\xe6\
9A\xdf\xe6\x7f\xf6\x80\xe7\xff\xb8\xb9\xbf\xe4\xc1Iu\
\xe6q\x1aMc\xfa\xfdtk\xa1\xa1\xbf\xfc\xd3!c\
|\xd5\x07\x95\x19\xb8\x1d\xc3X\xa2\x02a_K\xd4|\
\xba\xc8\xe74\xd3,\x85\x16Z=W(\xdf%\x04\x86\
\x15\x10\xca\xd4\x14X\x00\x11\x0e*/\x16\xd5\x0a\x92\x12\
J*\xa5\xcb\x81e\x1a\xe8\xe7\x0e\xf4\xc0\x94\xf6\xb0l\
\xa6\x1b\xdb}*\xe09\x8f\xb8\xff\xf1O;\xceny\
\xb5\xf2\xd7s&\xe3\xfc_|tv\xd5\x99R\xf2g\
\x96]\xb1\xdad\xcd\x9f\xe0\xeb;\xbe6\x1b\xd3\xba\x0a\
).\x05u.\x81@\x89?\xa9\xa4y\x00_J/\
\x90\x93:1h\x9e\xee\xec\x13f\xfeB\xf4\xf3\x06\xba\
\xc3\xf1\xc3F\xcb\xd5\x1c\xc5v\xdfFz/\x91\xce\xbc\
\xc1\xa3\xad\xa3\x85\xc5\xac2V\xb4\xb6\x8a\xd5\x7f*M\
\xfc\xff\xf9\xf48\xfa>\x9aZ[\x7f\x9fF9\xff\xb9\
\xa0\x8f\xdc_\x8f)f\x83\x98\x87a\xb4 \xc4$\x94\
\xa8\xc2@\xcf\xc0jb\xc0\xb7\x87\x90Rk\x95\x03(\
\xd9\x83\x12G\x10\xec\xc2`3[\x8f\xed\xf7\x9b\xb3\xb3\
\xd7\xaaU\x05\xc9\xa9\xd5\xaf\xed\x7f\x93\xeb\xff\x01\xec\xa2\
LP\xc5C\xca\xa2\x00\x00\x00\x00IEND\xaeB\
`\x82\x89PNG\x0d\x0a\x1a\x0a\x00\x00\x00\x0dIH\
DR\x00\x00\x00`\x00\x00\x00`\x08\x06\x00\x00\x00\xe2\
\x98w8\x00\x00UMIDATx\x9c\xd5\xbd\x07\
\x9c]Wu\xef\xff\xdd\xa7\xdc>s\xa7\x17iF\xbd\
\xcb\xb2\xdc{\xaf\x18\x831E\xa6\x84\x12z\x09\x81\xd0\
\x03\x0f\xb0\xe5\x10B\x02\x81@\x00S\x0c\x18\x1cl\xb0\
06`\xb0q\x97\x9b\xdcdYV\xefmF\x1aM\
/\xb7\x9d\xba\xff\x9f\xb5\xcf\x1daxyIHB\xde\
\xff]\x18\xcf\x8cf\xe6\xdes\xf7\xda{\xad\xdf\xfa\xad\
\xdfZG\xf1\x7f\xf7\xa1Vim\xc9\x17k\x94\x8a^\
\xfc\x83\xc6\xef\xde\xd6r\xee\xa2\xb9\x0br\xed\xcdKS\
\x8e\xb3\xd8v\xd4\x82\xbc\xedt\xba\x8e\xd3\x9c\x8e\xe3\x16\
\xdbuR\x96B+\x0d\x9e\xd6JEq%V\x8c\x95\
\xa3x(\x0a\xa3\xbej\xcd\xdf5\xe6y\xdb\x07\xa7\xa6\
\xb6<\xf3\xb6k\x0f\xb0\xfb\x1e\xef\xd8\x8b*\xf8l\xac\
\x9d\xadk\xd6\xe85\xd7\x5c\x13\x03\xfa\x0f/L'\xbf\
\xa6\xff\xe4\x0b\xc0\xff\x8d\x87\xd6j\x15X\xbf\xb7\xe8_\
\xffz\xe1\xca\xb3/>\xa5\xa5\x90\xbb8\x9br\xce\xca\
;\xf6\x92\xb4mw546X\x99\x94K\xda\x82\x14\
`\xc51J\xc7\xd8Zc\xa3\xcc\x0a\xc9\x0ab)\x94\
e\x13(\x0bYi/\xd2L\xd6jLU\xaa\x15/\
\x0c\x0f\x05a\xf4|\xa9R}\xe4\xe8\xe8\xd8\xa3\xf7\x9f\
u\xca\xe6\xe9EWJ\xf1\x9a8\xb6\xd7\xc8\xd3(1\
\xe7\xff\xac\x11\xfeG\x0dp\xed\xb5\xd7Z\xcb\x97/W\
\xaf\xbd\xe6\x9a\xa8\xfe\xae\xecs\x9f\xddtq\xb1\xa1p\
MS&sY[C\xbe\xb7\xa3\xb9\x81,\x90\x0a|\
\x94\xef\x13\xfba\xec\x87\x91\xae\x86\x9a\xaa\x1f\xaaj\xa4\
\x99\x8a\xb4\x0acM\x18\xc5X\xca\xc2\xb6 m)\xb2\
\x8e\xadS\x8e\x22\xed\xd8\xdaul2\x8ee\xa52)\
\x95\xcad\xcc;\xad\x00G\x86\xc6\x18\xf1\xfd\x8d\x93e\
\xef\xb7G\xc7\x87\xef|\xe4\xf4\x93\xd7M_\xdf\xf9\x0f\
=\xe4\x5c\xf0\xf0\xc3\xf1\xea\xebW\xc7\xb7\xcd\xa5x\xcd\
^&\xfe\xd4k\xf2?c\x00\xad\xd5mk\xd6X\xd7\
\x5csM\xb2\xe3\xb5\xee\xecza\xff\x1b\xbaU\xfc\x96\
\xa5M\x85\x953[\x8b\xe4\xe3\x08\xa7V\xd3\xb5Z\x10\
\x0dMyjp\xca\xb3\xfa\xab\x91\x1a\xacE\x94\xc2\x98\
\x92\x86\x10%\xdb\x94X6\xa5q\x1cu3\xcagK\
\x811\xab\xa6\xc9Q,\xc8X\xb4\xa6\x1d\x1aS\x96n\
\xc98\xba\x98su:\x9f\xd1\x0d\xf9\x8c\x93j,P\
\xb1\x14GG&\x18*U\x9e\x1e\x9a\x98\xfc\xd1\x9e\x8d\
[\xd6\xec}\xf3\xab\x07\xe5\xe9\x9e,\xd8_\xcdb\xaf\
\x1a*\xa4.\xb9x\xa0\xb4\xad\xee\xb5\xccA\xfb\x7f\xcd\
\x00\x0a\xf1\xf1uW\xf3\xe6\xdf<6\xdf9|\xe0]\
G3\xf9\xb7N-\x5c\xd8^\xe8\xed\xa6\xa3\x90\x89\xd5\
X9\x1e<x\xd4:0\xeeY\xfb\xab\x11\xa5@'\
\x07\xdf\xb2\xc1\xb5\xc1\xb1\xc1\xb2\xc0\xb1\x8e]\xb0\x92E\
W\x0aK\x0c\x13k\xb2D\x9c\xd7\x96\xe5\x9c\xb6<s\
\x1a\xd3\xe4R\x8e1\x8a\x1f\xc7\x04AD\xa9\xe63P\
\xaaq\xb8\xec\xeb2\xe8\x96\xe6B<\xab\xad\xc1Q\x0d\
\x05\x8e\x841\x87\x8f\x0c\x0e\x1e\xf0\xa2\x1f\x9d\xf2\xdd\xaf\
\xdf\xfd\xa6;\xbe\xfb\xcb\xd9\x9f\xbd&\xbf\xfd\xd37\xdf\
uA_\xf9\xe5u\xf3\xfe?f\x80\xdbn\xb3\xa9\xef\
\xf8\xce\xc7ww\xbc\xfd\xee\x9f|\xf0\xec\x9f\xfd\xf8/\
m\x82\x06U\x1d%\xf0U4\xda1K\x0d/8\xd1\
\xba\xf7\xb8\xb3\xb9\x7f\xc9\x09\x84\xc6\xa1\x87(\xd7\xc1\x8a\
5\xda,\xba\x8d\x96\xfd'K \xff\x97\xafe\x9f\xcb\
g\xa5\xd0Q\xcc\xf2\xac\xc5\x87\x97\xb5\xb3\xb8\xbd\x80R\
boe\xb6\xec\x84\x172\xe2G\x04\xb1\xc6\xb2-R\
\x8e\x85\x15G\x0cNTx\xf2\xc0([\xc7*\xccl\
+\xc4\xcbg6\xe9lC\xd6>\xd4\xd4\xc0\xa2\x8f_\
\xcf\x95\xfd\xb7\xeb\x05?~O\xbc\xe1\xfc/[\xa5G\
v\x9f\x7f\x89\xd6\x8f\xdd\xa6\x94u\x0d\xfc\x1eP\xf8\xef\
x8\xff\xd5'\xb8\x16\x0c\x8aY\x9d\xecY\xd9\xba\x8a\
\xdb\xb0\xb8FE\xef:\xf9d\xf7\xe7\xab\xbf\xfe\xde\xb1\
\xa6\xec\xc7\x9b\x0f\xf5\xcd\xccl\xdf\xc6\xec\xfbV\x84M\
s\x17\xd8\xc1h\xce\xae\x1d\xb0\x18\x7f\xe8iV\xfe\xe8\
\xd7\xbc.\xb7\x90\x9b\xde\xf6A\x1e\xee]\x8c\xf2*\xc4\
\xb6,\xbc9B\xc6\xc5\xa8@#\xff\x8b\x1d\x1b\x15E\
X\xb6Md\xd9\xccU\x11\x9f9\xa1\x9b|1\xcf\xa0\
\x1f\x91\xb35cS>w\xec\x1f\xe3\xb9\x09\x9f\xd1\xaa\
O\x1cI\xe0\xd6\xe4l\x8b\x9e\xbc\xcb\xca\xce<\xe7\xcd\
k\xe7\xa4\x8a\xc7\xcf\xb7\x0dX\xdf\xdey\x94\x13\xdar\
z\xe5\xdc\x96\xf8\xc4_\xddf\xe7>\xd5\xa3RL\xd2\
r\xee|Uyd\xf7\xdf\xa2\xd4y\xab@\xdf\x06\xb6\
|\xbe\x0e\xb8n:\x88\xff\x17\x83\xf4\x7f\xda\x00\xe2\x00\
\xea\x17p\xech>t\xfe\xf9\xceEkU\xa8\xaf!\
j\xfa\xf9#\xe7\xff\xb8\xd8\xf4\xf7A>w\xbao9\
\x1clj\x0c\x97\x82=~`\xc2\x99\x7f\x9a\x22\xcaV\
\xb1\x16\xe7\xe9\xb9j6\x93\x9f>\x8d\xa6\xeb_\xe0\xd3\
\x9fy;\xb9O|\x95\xdf,>\x01;\xf4\x88\xc5\x02\
\x91F\x85\x11\xb1\xb2!\x97\xa3\xd1\xf7\x98L\xe7\x88\x02\
\x1f\xabR\xe1\xdc\xf9\xcdX\xf9\x0c\xfb\xca\x1e\xcd\xaeM\
\xcd\x8f\xf9\xe8\xba\x83\x1c\x16(\x94\xb1\xcd~H\xaeR\
3\x16D\xf4\x97<\x9e\x1a\x98\xe2;\x8e\xcd\x8a\xb6<\
\x97\xcc\xef\xa2\xb18\xc9o\x0eW\xd5\x92\xaf\xdej\xb7\
\xc6\xfbh\xbe\xfcR\x08Jv\xf6\x8ayq\xf6\x1f\xdd\
s\xbf\xf8\xfa?\xff\x90\xba\xf9\xa6\xaf\x10\x06u\xa7\xa1\
e\xc3\x1d\xdb\x80\xab\xff\x0b\xee\xe9?m\x00cy\x0b\
\x9ekaa\x90J\xa9\xdf\xf4{\xbb/T*\xe4\xdb\
\xdf\xce5\xb5-\xfb\x9br\xbe\xf0\xa10\x9bQY\xbf\
\x12ev\x0f[kS\x9d\xce\x05v\x96}\xdf\x1ad\
\xe9+\xe6\x93A\x11\x95@\x8f\x8dS\xb4G8\xfe\x86\
\x93\xd8h\x8d\xf0\xa6\x1b\xff\x91u\x9f\xff\x1e\x13\xf2f\
\xa3\xc8\xb8\x18\x9d\xca\xb2\xac4\xcc;\xbe\xfdmZ\x0e\
l\xa7\x7f\xe1\xc9\xdc\xf2\xba\xb7\xb3\xa5\xa1\x95\x91r\x8d\
\xaa\xc6|\xe8 \xc6\x05.\x99S\xe4\xd9\x91\x1a\xbb+\
\x01\x81\xf85\x89\x17:\x81\xfb:\x9f\xa3gl\x8c\x86\
\xe11\x82C\x01\x0f<\xaf9.kq\x99\x9b\xe6\xe2\
\xfb~N\xfa\x8a.\x1a;\x8a0<I\xf3\x09m\xd6\
\xc0\xec|\xdc=Z\xfe\xf2+\xbe\x7f\xdb\x05\xef\xfb\xc6\
\x17>\xdf\xbc\xf3\xa9r\xc5\xc6s\x86)o\x83\xda;\
a\xf4?\xbb\x86\xf5u\xfc\xcf\xed\xfc\xed\x8b[\x0b\xfb\
v\x8d\xfd(P\xbc4\x8c\xb4\xca(\xb5\xcd]\xd8s\
\xfb_|\xe9'W\xec\x9a\xb3\xf0\x0c\xca\x13:\xeby\
\xbaq\xcb^kl\xcfa|mq\xed\xbd?\xe6\x84\
\x9d\x0f\xb3\xec\x813Xt|\x1baE|\xb3C\xe4\
\x95pr\x16#\x87\x03\x9e\xbar\x13\xef\xbb\xf6N\x0e\
\xe6\xf2\xb8\xa1\x8f \xf3\x95\xe3\x83|\xf4s\x7fE\xef\
\x89\x15:\xde\x7f9\xa3_~\x84\xd1\xe7\xab\xdc\xfc\xee\
O\xb1\xe6\xcc\x8b\xf9\xf3\x05\x0d\x9c:\xbb\x05_+\x93\
#\xa4\x1d\x0b[Y|\xfb\x85#\xac;0\x8em[\
\xc4\xbe\x8f\x9b\xce\xf0\xbe{\xefd\xd5\xfd7\xa1\xe2*\
a)2'\xa3\x16\x85d\xb5\x8f\xe7\x97Y|\xd75\
\xf4\x9c\xbb\x98xt\x12\xab\xa3\x91\xf5\x9f|\x9c\xd1\xbf\
\x7f0N\x17\x8b\x96\x17\x068D:Tq`\xe7R\
\xd5F\x1d\xd7&\xc3\xf0\xc3\x17\x8f\x05\xb7\x88{\xfa\xcf\
\xc4\x88?\xda\x00\xe6\x85\x14\xd1]\x8e\xfdy\xb7\x9dO\
\xce\xffIo\x5c\xde\xdf`m\x7f\xdfN\xf2%\x8f\xa1\
9\xcb\xd97k~\x14\xa4\xb3v\xfe\xd0\x00\xc1\xd0\x04\
V6cL7s\xf8 \xd9\xda\x11\x96\xddr\x02'\
\x5c\xbd\x80p\xcc3\xbe\x5c6\xa7\x95\xab\xb2\xe7\x81>\
^x\xf5vv\x1f\x7f\x19e\xdb\x22\xe7U(V\xa7\
\xe8\xdc\xb7\x0bg~\xcc\x99\x8f\x5cA\xdb\x8cN\xaaq\
#\x07n\xda\xc1\xf0_\xdf\xcb\xa3'\xbf\x9c\xaf\xbe\xf9\
\x03\xcc\xebn\xe2\xcc\x99\x0d\xb46d\x8cS\xde5Z\
\xe3\x17{F\x99\x08\x22c\x948\x8c\xe8t-\xeex\
\xcfU\x84'\xf9,\xfe\xce\x1bI\xd5jT\xa6<\x1c\
Wa\xc9Is\xd24\xcfj\xc4\x8e#sh\x94k\
Q\x9e\x0c\x19\xdd1\x86\x83\x15\xe9L\xceN\xa5b\xd2\
\xc54\xc3\x95\x90\xc9w\xfd\x84\xd1\x0d#\x8f^\x1c\xc7\
\xe7\xdd\x16\xe9\xff\x11\x03$\xa9\xa2\xc6\xfe\x91\xb2\xb6/\
\xbe\xbeq\xee\xe9\x1fQ:\xac\xb6Y\x83\x87\x8az\xef\
\xcf&\xe2\xf2\xd3C\x96;\x15XN\xda\xc1\x12$\xe8\
:\x12:\xcd\x1f\x879\x87J\xaa\xc0\xca\x8f\xcc\xa5{\
~\x03qM\xa3\xc4\x00a\x88\xdd\xe8\xb2\xf1\x8eA\xc6\
\xee?Bc\xc6&\x9b\xb1\xb1\xd2\x10\xd8\x8a\xb0\xbd\xc8\
\xacWv\xd2\xd2b\x11\x96\x04\x91*\xac\x8e\x1e\xfa\xf7\
d9\xf4\xf2o\xb3\xcb]\xc2\x07?\xfe\x8f\x8ciE\
&e\xa3,\x8b\xaa\xbc\xa4@Q;\xf1\xffV\x10\xa0\
\xb4\xc5\x07\x7f\xfe=^\xf5\xcb\x1b\x99\xbc\xa4\x8b\x93\xbf\
q9\x1d\xb3;\xa0TKVB\x90VM\xa3\xeb\x10\
\xd7\x1cw\xc9\xf2\xb2\xe2\xa9%\x1eE\x90\xb5u\xff\xd6\
#z\xdd;\xee\xd2\x8d\xeb\x86\x06Z\x9aS\xef\xba\xeb\
\x03\x9f\xbc\xe7\xba\xd5\xab\x7f/\x1e\xfeI\x0c\xf0\x108\
\x17B\xf8`>}\xf1\xe1 \xbc\xef\xec\xfb[\xf5\xcc\
\x9e\xd0\x0aj.\x99\xe6\x02V!C\xa8\xb3D\x91\x8b\
\xe5\xb8(\x09\x9c\x12(,!\x114J+,\xf9\xba\
\x0c\x91\x17\xd6a\xa5UO\x17\x14N.\x05\xe9\x98\xd8\
\xce$pS\xfb\x09,\x8d\x03\xf4\xa4O\x14f\xb1R\
YY\x15\xa2\xea\x14nc\x03C^\x0f\xbb\xce\xfb6\
\xdb\x9a\xcf\xe2c\x1f\x5c\xcdX\xcd\x03\xc7A\xc9\xe2;\
b\xfc\x04\x9cI '\x08\xd0\x07\xfa\xb8d\xc7\x06\xde\
q\xf7\xadX\xeeA\xe6\xfe\xd3K9\xe5\xea\xe3\xa0\x16\
\x10\xfb\x01\xcaI\x81\x5cS}\xa7\x11G\xc4A\x84\x9d\
\xb6\x89\x1c\xc5\x93?|\x96\xad\x9f^\x1b\xf7\xf7^\xa0\
n\x7f\xf5\x1b7o\x8e\xbb\xcfa\xf5K'_\x0c\xbb\
\xff$\x06\x98\x8e\xf6\xdb_Vh\xdbqW\xe9Q\xf7\
\x15\x8d\x8b/\xfenN\xeb\x09\xd7\xb2Ry\xe20@\
G\x1a\xdb,\xbc\x84B\x1b\xe5\xe4\x12#(\x07\x95l\
\xb1dg\xd9\xf2;\x06\xbd&\xdfO\x7f\xc8\xce\x8b_\
\x94\xdd*\x8d\x0ej&\x80F\xe2\xdf\x9d&\x94\x93E\
\xd9ip\xd2\x84\x93\xc3\xb8E\x97\x03;\x5c\x0e\x9cy\
3\xb7\xbc\xe7\xf3|\xfb\xfc+\xb1j\x15bW\x0c \
(H\x8e\x9e\xf8\xfa\xd8<\x8fU\xad\x10\x0f\x8d\xd26\
z\x94\xbfx\xf0W,\xddt\x0f\xf9\x0f\x1c\xc79\x7f\
y!\xc5b\xca\xec~e\x1b\xd6\xa9n\x80\xd8\xac\xd2\
\xc8\xc80\x0f}\xe6A\x0e\xff\xf4\x08\xcf\xfe\xf9\x87Y\
s\xe5+b\xcfI[K[R\xdb\xac\x83\x1b_\xbe\
\xe5\xf5\xaf\xdf\xb3\xea\xb6\xdb\xec5\x7f\xa4\x11\x9c?\xc6\
P;\xffrAz\xcf?\xef\xfe\xa93/\xbb\xe4\xe4\
\xbfo\x8a\xacj`\xc7\xb6\x8b\x8ecl\xd7B\xa54\
A\x10\xa2c\xc1\xde\x10Uk\xf57\xe2\xa2-\xf1\xf5\
1\xa1\x17\x13K\x92%\xf00\xb6\x92\xdf\x0bB\xc2P\
\xdeh\x8c\x8a\xb4y\xcf\xe6]\xc41\x96\x95\xb8\x84\xb6\
\xd9=4\xb4\xd6\x9d\xa0\xd8*\xa8`\xb9i\xfc\xe1!\
f\x1c\xd7\xc0\xa1s\x5cV<|?\xd6\x85W\x10\x0b\
a\xa1cT\xa8\xb1%\xa9\xcb:\xe6\xf9%\x10\xebt\
\x0a{F\x07\xc3\xb94\xab\xaf~#o\xed\x9d\xcb\x15\
_\xfa\x16{O\xec\xe6\xa4\xd7\x9e\x86\x9e(\xcb\xde\xf9\
\xdd&\x90\x8fB\x9a\xc7\xdf\xb6\x96CwLq\xd3\xdb\
?\xc5\xa6\xeeY\xa4+%\xeb\xdc\x95\xed\xd1\x9c\x19\x9d\
K\x8f\xb4\xe7\x7fS\xbb\xf5\x8eK\xd6\x5c\xf3\xcaC\xd7\
jm\xadV*\xfeo5\xc0C`_\xa8\x08O\xff\
\xfe\x81\xd7\xc4E\xfb\xa2e7\xb5\x84\x1d\xad%\xa7:\
\x92\xc6\xc9ZX*\xa4T\x8eY\xf3\xa9#\x94\x0f\xc5\
\xe6\xd8\xe2)b/2\x01\xd6lpY;YU\x9f\
\x04NK~\x1f'\xff\x1e\xc9\x9f\xc8gO\x8c!;\
6q\xdd*\x07\xda\x86J\x08\xaf\xb8\xa1\x89\x93_\xdd\
N8i\xb8N\x94\xf2\xb0\xd3!vC\x85\xfe\xad\xa3\
\x8c\xf6E8\xa9\x00\x02q[1\xca\x0b\xb0\x1b3\xa4\
\x1dE\x1c$\xee.N\xd9D\x12\x90u\x8c\xd3R$\
,6p\xb8\x7f6s\x9alf.o\x83@.\xc8\
\x02A_\x96l\x0e99\xc2\x88dXx\xca|\xc2\
\xfb7\xd3\xd7\xd5k\xdc\xa3=Qea\xac\xedv\xbf\
\x12\xaa\xb6\xd6E\xa9SN\xbe\xd7\xbf\xf1\x96\x8bW+\
u\xb8N\xbf\xc4\xff\xbdy@\xacUI\xa9\xf3[_\
\x92\x8b{VxT\x07,\x9cl\x8a8\xf4q\xb3\x11\
\x03;b\xc6\xef\xf0h\x02\xf2\xf5}/\xffM>'\
$Z\x88mNBhY\x04\xf2\xd9\xb6\xb1-\x8b\x06\
\x7f\x0a\x1dx\xb8\x0b\xb3\xac\xfc\xe2\x0a\xc2r\x8a\x1d\x9f\
\xdfFm\xcb\x08),J\xb6\xa6m\x86\x87\xaeVL\
^\xe0\x16\x02\xcac%v\xfcv\x9c\x9d\x8f\x0c\xd1\xff\
\xe8\x14\xa7\xec\x8ax\xec\xb2\x19\xc4\xb2\xeb\xc3\x84\xce\x90\
\x1d_\x1e\xac\xa0\x9d\x84\x17\x92\xd5tLl\x95\x98\x13\
Cs\x13\x17\x1d\xdcMz\x99\xa6qa+\xbaRC\
\x89qS\x11~\xa9B\xaa\xa1\x83H\xa2y\xadF\xeb\
+\x16\xd3\xf3w\x0fs\xd1\xc8\x00\xb7\x9f}>\xd58\
\xe2\xd6\x0d}\xfc\xd9\xca\x1e\xa7s\x86\x0a\xe3\xf6\xb6%\
'\x9d}\xe6\x9d\x0d\xd7~\xfd\xa2UPY-G\xfc\
\x0f\xe8\xed\xff\xb4\x01\x1e>\xff|y\x03z\xa2\xd89\
\x9b\xfd\xe3VyX\xeb\xac\xa3\x89\xc2\x08\x1dT\x89\x1b\
,\x0e\xad\x0b\x98aC\xdc\xda\xce\x0f\x97^\xc4\xa8r\
\xf0m\x17\xdb\xc4\xc0\x98\xb4R\xc6\xbd\xab8\xa6\xe0\xd7\
h\xf6*t\x96\xcb\xf4\x8e\x0c\xe0\x96\xc7(\x9c\xd1\xc6\
y7\xcd\xa5sf$\xd0\x89\xde+.\xe2\x91\xb7?\
K\xe9\x8e}4\xb4*\x1a\xbb]\x94S\x055\xc5\x13\
?\x19a\xc3\xb7\xfb\xb1\x9e\x0fh\x00\x96:\x056.\
_\xce\x0f\x96\x9c\x81\xf2kI\xf2\xe6h\xe2\x8a\x07\xd9\
<3J\x93\x14j5\x86\xda[\x18K\xa7\xa0T2\
u\x85\xe6r\x99\x05\x1b\xd7\x91~G\x8fP\xd7\xa8\xb8\
\x84\xce+\x1e\xf9\xfas\xeczx7\x97\xff\xdd\xa5\xf4\
,\x99\x83\x9e\xac\xd1\xb4\xa0\x81\xf4\xcavN\xee\xdb\xcd\
\xed\xe9K\xb1\xc6\xc6\xa9\xa6R\xdc\xba\xb1\x8fk\xd0N\
W7a\xb6g\xe6\xa9\xe1\xaaKoZ\xad\xd4kV\
i\x9d\xd4\x18\xfe\x1d\xaa\xe2\xdf7\xc0\xb5\x0f9\x7f\xb3\
\xfa\xc2\x90\x1f?\xfe\xbe;\x1f\xf9\xed\xa5\xaf\xfb\xf6\xf5\
\xf1\x93\xb7\xe4\xed\x97\xfc\xa5Em\xb8D\xb6\xc1\xa1\xbf\
\xcfa\xdfO\xc6\xc9FP\x1d\x9c\xe4\x9c\xa9'\xa8\xe2\
\x1a_.\xe4WF\x87d\x95&\x15\x07\xa4b\x8f\xac\
\x15\x91I\x87\xa4s\x16\xee\xbc\x14\xad\x1fY\xc4qo\
\xeb&o\xd7\xa8\x0dxh=N\xae!\xe2\xa2\x9bO\
\xe2\xbe\x97\x8c2\xb9~\x8a\xa3\x87\xa6\x18\x1b.\xf3\xe0\
\x97\x87\x08\x7f9N{\xba\x85-\xa7\x9d\xcc\x9d\xb3\x17\
\xb3\xb7\xd0\xccn\xb7\x01:\xba\xb0\x04\xf7\x88\x0b\xaa\xf9\
\xa4\xb3Y>\xf8\xdb[\xb9\xe8\x91_\x98w:\xaaZ\
x\xf8\xb4\xcb\xf9\xcdE\x97\xd2Wlb\xc9\xfe=t\
\x8e\xef\x22w\xdeJ\x94Sc\xbc<\xce}\x1f|\x9a\
\x81[\x0e\x98S|\xc7\x96\xdb9\xed\x1f\xcf\xe1\xf4+\
N!\xed\x86d.\xe8d\xd1\x9a\x8d46g\xa9T\
KX~H\xd9v\xb8mc\x1for,\xa7\xa9C\
\x85\xc1\xac\xd9\xaf\xbe\xe0\xc9\xe7?\xbbF\xa9\xeb\xa5\xbe\
\xb0\xf6\xc2\x0b\xc3\xff<\x0a\xaaC\xab\xe6\xaf\xff\xfc\x9c\
\x89\xb6\xf6\x07\x9d\xc1ag\xf5W>M\xfe\xd0\x165\
\xeb\xfa.N\xbf\xd4\xc7\xf3,\xee\xfe\x82\x87\xbek\x8a\
y\xd7\xb40\xeb5M\x04\xfb=S\xfd\xa8\x8d)\xac\
l\x9aT\xa3\x83]\xb4q\xf3\x16vC\x1a\xa7h\x91\
j\x82T\x93K\xa1-M\xda\x8d\x88F\xabD\x91\x83\
\xe5\xa6P\x96CP\x99$\xd3\x94\xe3\xe0\xe6*k/\
\x7f\x86RNc\xd5\xa0\xb5\xe2\xb2\xe5\x94\xf3\xf9\xd1\xf1\
g\xb1W\x16\xdd\x11\xc6\xd4\xc5.\x14`v/\xb1e\
aKPOeX\xb5\xe3y>\xf6\x0f\x1f\xa4\xe1\x07\
K\xe98\xbb\x93\xd2\xd3SL\xfcr\x90=/4\xf2\
\xabK\xdeH\xe7\xd80\xaf\xdes\x03'\xac{\x15{\
\x1f\x18\xe4\xfe\xbfz\x18\xbd\xd9gv1K\xe1\xca\x99\
L\xdcs\x98\x83\xa3\x15z?\xbc\x8c\x8b?}1\xe1\
\x91#l\xb9\xf4\x11>\xf4\xb5\xdbxf\xee,\x0a\xfb\
\x06\xf0G\xcb\xf8\xb6CsJ\xf1\xe6\xd3\xe7i\xdd\x5c\
\x88\xfb\x82\xd8\x1e\xda\xb2\xe3e\x8f^z\xf6\xaf\xff=\
d\xf4\x7f6\xc0\xb5\xd7Z\xc2\xf956\xaei\xaav\
\xb6\xad\x8f\xf3\xf99V\xff@<\xe3\x8e;\xac\x8f>\
u\x17Ai\x98\xa9nP>\xcc\x1c\x81\x94r\xe9\xfa\
\xcb\x1c\x97|1O8\x91\xc1J7$\x90Q\x9eK\
G \xa5_\x89\xbe\xb1\xa0\xa1\x84d\xd3\x91M\xe4+\
\xe2X \xa6\xc0\xd5\x04\xac\x1a\x9aY\x87\xc4^\x19U\
\x88\xb8\xe7\xca]L\xeej\xa7\xd4\xd1\xca\x1d\xc7\x9f\xc1\
}-\xb3\x0d\xc4t\xdb\xdb\x88\xdbZP\xd9,\xb1\x95\
\xb0\xa4J\x92\xae0$\xcc\xe4X\xb5\xf1q>\xfc\x8d\
\xcfp\xf8-]\x5c\xfe\x85\x19\xb8\xb6\x83\x9fmb\xec\
\xc91\x0e~v'\xc3\xeb\xca4\xbe\xb3\x9b\xec\xf2<\
k\xff\xd7\x0e\xf6\xcd9\x97+vn\xa4\xf5\xcf\xf2\x9c\
\xf1\x83S\x18\xd9\x12\xb2\xef\xcb\xfb\xd8\xf2\xfdm\xc4+\
\x1b9\xe7\xa6K(\x7f\xf4\x11\xee\x5c\xfa^~\xf6\xae\
\xb7q8\x97C\xf5\x0d\xa2v\x1da,T\xf46g\
\xb9\xe6\x8c\xb9\xf1d!\xaf\x06&\xa6\x86\xf7>\xfd\xec\
\xc9[^wu\x1f\xd7\xa1X\xfd\xaf\x07e\xf5\xef\xed\
~\xe7\x07\xbf\xbd%l\xebx\xbd;1\x16\xda\x8f<\
\xe3\xd4\x8e\x0e\xd355\xca\xeb\xf6?\xcf\xc2#\xfbp\
,\x8bg\xe7/'[\x8d8u\xf8\x09\xce\xfdu\x1b\
]\xad1a\xdc\x8a\xed\x08\x05\xe1\x9a\x1d-\xafdY\
\xe2 \x12Td\x097ok\x94TT\x0cD\xaaC\
\x22C?\x0b6\x8d \x03\xbb\x9e\x1d\xe4\xe97M\xf0\
\xd53\xde\xc73m\xed\x90r\xa1\xa9\x08\x1dm\xe6t\
iA-q\x8c\x16\xa4\xe3f\xc0\x96@$86\x84\
\xf1I>w\xcb?\xb1\xf2\x85G\xc9\x7f\xb1\x9b\xf3\xff\
\xac\x9b`\xca\xc5i\xcdQ\xd69\x9e}\xd7s\xec\xfb\
\xe5\x00\x1b\x8b=\xfc\xf6\x82Ws\x96\xae\xf0\xc6;\xbe\
C\xd7\x0f\xe7\xb1\xfc\xe53\x09\xca5tk\x1bCO\
\x07l\x5c\xfd<\xfb\xf7L\xd1aAq$M\xd0\xdd\
\xcbsW\xbc\x9c_\xbd\xf7=\x0cTc*\xcf\xeda\
\xb8\x1asZo\x91\xf3N\x99\x13\x0d\xe6\x1b\xed\xa3\x07\
\x0e\xde\xfb\xdb\x95K.7\xf1 AE\xfa?f\x80\
\xfa\xe2\x17\xbe}\xf7\xaaJ[\xcbmV\x14\x84\xf6\x93\
/8^\xff\x10\x96k\x11W\xcaP\xad\xd0\xec\x97\xcd\
\xaf\x8fe\x9b8\xbd6\xc2\xc7\xef\xff!\xfamM\xbc\
\xfa\xcbyt\xc51'@\x02p,\xbb>\x8c\x88b\
\x9b(P\x84^\x0d\xbf\xaa\xf0\xaa\x9a\xdaT\x95\xf2\xa4\
&\xa8D\xd4&|\x82\x8a6\xc8J\xf0\xf7D\xd5\xe6\
\xc0/<\xf2\xfd\xad|\xeaK? 54\xca\x99\x9b\
^\xc0o\xef\xe0\x99\xe5\xcb9\x22A>\xf0\x88\x94M\
\x1a\x8b\x8bwn\xa1s\xff~<\xe5\xe2\x15\x1b9R\
l\xa4\x5c)\xf1\xc9{\x7f\x82\xedo\xe3\xf4;O\xa6\
w~\x07\xdeT@\xba1\xa0\x7f\xf78\xdb.\xdc\xc4\
\x17V\xfd5\x07[\xda\xf8\xca\x8d\x9fCg\xc79g\
\xdd2\x1a\xb3-D\xa1C\xec\x8d\x91\x9e\xe7\xb2\xf5\xee\
q6\xbcl\x1b\xaemq\xd2/\xcf&\xed\xda\xf4\xbd\
\xf7Y\xa6\xd2\x0b\xf9\xc6\xf7\xbe\xc7\xbal3\xfe\xb3\xbb\
\x98\xf0b^\xb9r&\x9d\xf3\xbb\xc2\x91t\xce9\xb2\
c\xc7_<v\xe6I\xdf\xac\x1b!\xfa\xf7\x0d`\x5c\
\x0f\x14;O-V\x0b\xd9M~CaFf\xd3\x0e\
\xedo\xddg\xc5B\xaa\x05!\x96\xefCy\xca@K\
\xd2.H\xb2c\xd9|\xe9\xfe\x9bi\x9d\xdaK\xe1\x03\
m\xcc\x98\x1bP\x19\x09\xa8\x8c\xb9x\x83\x1e\xb5r\x88\
_\xb2\x09\xcb\x8a`\xd2\xa36\xa1\x08*q\x92\x13\x08\
\xb4\x0f\xeayB\x1d\xc2J.$\xf9t\xaf0\xaf+\
/b_\xf7|\xce]\xff\x00\x9d\xcdG\xcd\xef\x0dW\
f\xf0\xfd\xb7}\x84\x07{\xe7\x1b\x85\xc4_=\xf4K\
^\xb1\xe6\x1b\xa8\xa5Y\x9c&\x9b` \x22\x98T\x94\
\x83\x0c\x81\x5c\xe3\xe0\x00-\x7f=\x9b\x0b>{\x02\xe1\
\xa8\xb0\x14\x01\xa3\xa3\x03\xdc\x7f\xceF\x82J;\x05\xed\
\x11yc\xcc\xfb\xda|Nxk\x1b\xe1X\x11+\xe5\
\xa0-\x9fGn\xd9\xcb\x96\xbf;\xc8\xcc\xd0e\xc1\x17\
\x16\xb0\xe2\x8dM\x10:\x8cx-\xec\xb8\xe2\x01&&\
f\xf2\x89\xdb\x7f\xc9h%`r\xc3>$\xef\x7f\xe5\
9\x0bu\xd8\xd9\xa2\xc7'\xcb\x93c/l>\xfe\x91\
\xab/\xefS\xd7]\xa7X\xbd:\xfe\xb7\x0dP\xdf\xfd\
\xb9o\xfd\xf2\x9f\xfd\xee\x19\xef\xb7\x0e\xf6E\xd1\x13\x1b\
m\xa9w\xdb\x22\x07\xc9e\x88\xf2\x19\xacB\x9e\xd9\xc3\
\x83\xb4\xed;\xc4T.\xcfx*\xcb\xa2\x91>\xfe\xfc\
\xe9;\x19\xaeL\x98L6!$\x12\xa8%/$\x09\
~\x9d\x900\x0f\xbb\xfeu\xbddR\xbf\x18U\xcf\x1e\
bT\xdaB7fp\xdbr\xb4\xb4\xf94\xbez&\
s_\xdf\x0d\xa9n\xb6~~#G\xbev\x80o\x7f\
\xe0s\xdc\xbb\xf4\x04\xbe\xf7\xa5\x8f\xd2\xba\xf5i\x16?\
\xb8\x82\xb9g\xa4\xa9\x0c(\x93O\xc4\x13\x91Y\xac\xaa\
\xaf(tX\xb4\xf66\x11\xfb\xe2\x06c\x82\xd8c\xef\
\x935l\xe1\x99\xec\x14\xb9\xde\x143\x8f\x8f\xa1\xa2Q\
N\x83I\x1d\x82\xd0\xe7\xc8\xc1\x1aNd\x91o/\xd0\
\xd81E4\x11\x80\x95\xc1\xcd\xd6\x18\x09\x1b\xd9q\xf2\
o\xf8\xf5\x1b?\xc3\x17?\xf8Qfo\xdd\xcd\x9e\xe7\
\x0f\xb1xv+\xe7\x9c>?*\x15\x9b\xed\xc1\xbd\xfb\
~\xfc\xe0I\xcb\xde\xf8\xaf\x9d\x02\xf5\xaf.\xfe\xd7n\
_YkjzV\xdb\x96\xe5\xde\xf7\x84\x0a\xc7J\xca\
\x99\xddIf~/Q[3^.\xcf[\xee\xfb\x05\
\xe7\xfe\xfc&\xdcx\x0c\xb4K5p\x99\x8a,Rq\
\x99F\xd7\xc3I\xbb\xd8\x0d6N\xde\xc5-\x08\xfaQ\
\x06\xe1d\x0a@V(]E\x9c\x95\xd3\x93\x22\xd3\xa8\
\x88]\x9bT^ag-\xd2\xb9,*\x13\x93jP\
d\x9a [pH\x15c\xdc8 \x9c\x94d\xb5\x01\
\xabw\x09\xeb>\xbc\x8e\xe1\xaf\x1d\xe2\xba\xbf\xfd\x16g\
=t'\xaf\xfa\xedm\x84\x9fh\xe1\x92\x0fv\x11\x96\
\x1d\x9c\x5c\x01%\xf8^\xb8'!\x01C\x87\xd0\x13>\
*9gBS\xd9\x92H\xd8N\xe2\x9d\x83\x88\xa8$\
Tt\x9d\x9b\x92\x05\xb2\xc0N\x8b\xc5b\xb4\x1f\x12V\
\xa3\x84\xb0\xb3l\xa2J\x99T\x87\xc7\x8e\xef\xee\xe7\xe9\
\x1b\xbb\xf9\xc4\x9a_\xe0Y\x8a\xcc\xe6\x03\x1c\xd9?\xc2\
\xcb\xceY@\xcb\xbc\xaeh\xd8\x8f\xac#;v\x9d\xbd\
\xe1\xd2s\xd6\xfd!*\xfa\xfd<`\xd5*\x13$\x82\
L\xe6ouc\xa3\x93z\xfc\xe9(.\x95-\xf7\xa2\
S\xd1=\x9d\xd4&\xa7\x08\xfb\x8e\xb0\xa8\xef\x10\xa7|\
\xf3+\xcc\xfd\x0c,{K#\xe1\xb8\x8d?\x15\x12W\
#\x9cl\x11W g&\x83\x93s\xb1]\x17\xc7\x95\
\xc2\x8b\xbc)\xd1\xf1\xd8I\xd1<\xa1B9\x86\x92D\
\x01!y\x8bdkrHc\xc7\x10B:\x8a\x88\xa3\
\x80xL\x11\x903,\xab \xa4\xe8\xc06N\xfe\xfc\
J\x1e\x7fj\x1fo\xfd\xc1\xd7\xf8\xe1\x95\xd7\xf0\xb2\x07\
\xefb\xf4\xd6I\x8e\xbc\xa1\x8b\x9e\x1e\x17\x22!\xfe\xe4\
-\x0a\xbb\x19\x81\x13\xe2\xa4\xe4-&\x88K^+\x9a\
\x10\x02nz\x1f\xc6X\xb6\x8f\xedV\x12#\x09\xa5\x22\
\x19\xb3\xa9\xaa\x85(\x1d\xe0f\x044\xc8sj\x9c\xbc\
\x80\x8b*\x93Q\x80\xbbs/\xf3\x9f\xdd\xc4\xf3g\x9c\
Hfa7\xb9\xa1I6l\xed\xe7\xa5]M\x14\x9b\
\x9bU\xb5\xa3\xed\xf3\xc0\x85\xcb\xeak\xfc\xbf\x1b@v\
\xbfRQ\xe1k?;\xbb\xdc\xd0\xf0R\xe7\xc0\x818\
\xeb\xd5\xec\xea+/E\x8d\x8c\x11\xff\xeaA\x18\x182\
\x00\xa38\xda\x87\x96\x94\xbd#G#\xc3\xf89\x07\xb7\
\xc56\xc4\x97\x16\xa2M\xea\xb8\xb2z\xb1\x83\xf2Sh\
\xcf2\xefC\xc7!\x91\x90;\xa4\x05\x06\x91l\xc4\xc4\
 \x89=\xd2\x86\x83Qr\xf6\x0d\x1b*[Pv\x9b\
\x9c\x1e\x81\xa6\x9a8\x12\x9e\xc6%\x0a=\xd2\xe5\xbd\xcc\
\xfa\xf4\x1cJ/}\x12u\xe9\xab\xf8\xc1\xf9W\xf3\xde\
\xfbo\xe1\xde\xff\xd5\xcf)\xefn%\xedyTK\x1a\
\xaf\x12\x11x1\x91\x17S+\x05X\x91K\x14h*\
\xa5\x90s\xdf\xbe\x88\xb6Y]\x84\x81\x85\x9b\x89\xe9\xdf\
\xd6\xc7\xba\x1f\xed\x15&;\x89IBG\xd7b$\xec\
\x09\x86s\x1a\x9c\x84\xd5H\xd9\xa4\x1aa*J1~\
\xd38Nc/[\xb7\x1d%W\xdc\xcf\xe4\xd29\x14\
\xe7v\xd0\xff\xfc\x01\x0e\x1d\x18\xb2{\xb3\xa98\xd7\xd6\
v\xc1\xc9k\x9f\xbcl\xb5R\xf7\xae\xbaM\xdbk\xae\
I\x5c\xd1\xef\x0c\xb0j\x95\xd9\x07\xb5l\xe1\xe3J\xf4\
f\x96\x15\x97W.\xc7Z\xb7\x81`\xc7~b9\x8b\
\xa94\x22C\x1bmi3\x1e~\xdb\x1d!\xc7]\x98\
Cye\x83\xefC%\xec\xa3\x18\xc2\xc5\x12H(\xd9\
p\x18\x1b\x18\xaa\x5c\x17\x1d\x05\x865\xb5\xd2\x8e1R\
,\x94Ah\xf6\x92\xa1\xad\xc5=\xfa\xde$\xa5\xf1\xa9\
\xa4\x10\x82\x83\xad4nZ\x91\xca\xa4%\xdf\xc2\x11n\
\xc3\xca\x9b\xcfay\x84\x8e%\x19\xb65+z\x87\x07\
Ys\xca%\xcc\x1e:\xcc\x99w=\xca\xfd\xbf\x992\
t\x83\xff\xa2xc\xbf(\x06\xc9g\x89\xff\xa7^3\
\x81R\x1d \xb9\x89\xab\x99\xe8\x9b\xa4\xef\xbbU\xd9\x22\
&\x8e\xc9\xefd{\x0a\xac\xf8\xe4\x1c\xc66\xd7\xd8y\
\xc3n,\x5c\xb2\xe6'1\x16\x15ZS\x0d\xdcx\xd1\
%\x8c\xb9\x19\xd2\x9b\x0e\x90*\xe4(u\xb5\x92+\x0e\
\xb1q\xc7Qzf\xb5i\xa7\xb9\x85BS\xf3G\x81\
{\x97\xad\xfa\x1d\x1cM\x0cpm\xc2\xdee\xbfv\xfb\
J\xdfu^\xaa+%\x1d9)[\xdf\xf7\x18\xe1\xc8\
$\xe4s\xbf\xdb\x95Q\xcc\x81\x5c3#\x9d\xb3p\xd6\
\xeeb\xf7\xf3iN\xbd0\x83\xd0\xf6\x82\xed\x83 \xa6\
4V\xa32Q%W\xccPh\x11JB\x8eq\x88\
[\xcc\xf0\xc2/'\xd8~\xf7(Q5\x22P\x8a\x97\
\xffM\x0f\xc5\xd6\x14a\x90\x22\xdd\xa4\xd9\xfa\xeb\x09\xee\
\xbd\xfe\xb0\xf1\x1c\x92\x22\x18;4(R\xad.\x85.\
\x9b\xc6Y\x0e\xcd\xb3l\x9a\xba\x15m3\xd2l\x7f\xaa\
JeL3\x91/@s\x03_:\xe7*\xceZ\xb4\
\x92\x0f\xdfq\x13Mg\x87\xb4]9\x9b\xea\xa6\x1a\xfe\
HHX\x8eM\x9a`\xd7\x95u\x95\xc6\x98lk\x8b\
9\xb5&\x0f\x09\xa1\xd8\xd3\xc1\x89W\xfb\x14{\x5c\xec\
\x19\x8d\x14\x16\xe4\xe8:7C\xb6)\x84L;\xeb\x8b\
U6\xdf\x94\xe3'\x97\xbe\x9ch\xa2l\x9ekg\xa1\
\x85}KWPhi\xa240\x8e\xbdq?\xce\x19\
Kqz\xda\x18\xd8\xd6\xc7\xbeC\xa3vC:\xa5\xad\
B\xe1\xa23\xef\xbc\xef\xc4\xd5Jm8\x96g\x19\x03\
,O\xbcA\x98N\xbf3\xced\x1d{j<\xb4\x1f\
}\xda\x09\xc6\xcah\xd1UV\xaa\x89\xa8@~\xcb\xb6\
\xf03\x19~\xb5\xecL\xde\xf6\xf0\x1e\xee\xfbx\x99\xe1\
\xf7\x15P^\x95\x91>\xc5\xf8\xee2^\x7f\xc8\xe4(\
\x5c\xfc\xbf\x1a8\xf7-\x05\xbc)\xa9\x19H\xf0\xaa\xe1\
\x8fW\xe8[S\x22'Q \xa5\xf1?-.%c\
*_\xb2\xe2\xd1`\x8d\x96~\x09|E\x94r\xb0\xc3\
\x08;\xac\x1a\x96RH\x95\xa3\xc0\x01s\xad\xe06C\
\xfe(Lt.\xe0\xd9\xd6\xee\x04;u\xb5\xf3T[\
\x0b\xa3\xbf\xfd\x15m=\x879\xee\xc3\x19(5\x10\xd9\
\x0d\xc4q69i&\xc8\x08Y\xa9\xb0k!Q \
:#EX\x0d\xe9Z\xd4N\xd7\x8f:\xb0\x9c\xba\x1b\
\x0d\x02\xa2\xa9\x90\xda!\xa9M\x1ca\xd1Gg0\xf9\
\x8b\x8dXCU\xeeY\xb4\x0c\xe3\x9b\x8a\x8d\xa4fw\
\xe3\xb7\x16I\xbb\x0e\x95\xbe\x11\xf2;\x0e\xe1\xce\x9b\x81\
\x95v\xd9~`\x84\xb3f\xb5E\xd9b\xd1\x09zf\
\xbc\x0d\xf8\xcbU\xabV\xb1\xc6\x9c\x80\x846\x8d\x8a\x7f\
\xf7\xe3\xe6\x12\x5c#\xb4p\xea\xf9mve(\xd1\xa5\
\xa6T\xc8\xac\x05\x9d\x14\x9a\x1b\x0d\x5c\x1f\x9b(3>\
8\xce\xd3\xf9N\x8a']\xc1\xcb6<\xc0\xfaO\x8f\
\x9b\xa3\x94\xc5\xc3%E\x86,YU\xa3\xe7x\x97\xc8\
\x0b\x8c_7\xc1#\x0e\xf0\x06\xaa\xb4Y)*\xb3\x97\
\xd3]\xd9\x80\x93\x09\x12\xde\xbd\x0e\xc8\x02?\xa0I\xc1\
\x0dg\xbf\x8c\xcd\x0d\x9d\xa4\xfd\x1a\x85\xc0\xa3M\x87\xcc\
\xf4&\xe9\x98\x1cA\xf9!\x99(6\x92\x93\xda\x8a<\
w,8\xc9@a;\xd68R\xf8il`\xb4w\
\x06\xa5_\xefe\xcfc\x83\xcc\x9f\xdd`hj\xa9\x17\
(9Zu\xe5\x9c\x89\xffR\xadSvBO\x9b]\
\xa8\xb1D.\x13KaHT\xa8\xcaT\xe0\xd2\x8d)\
j\xe3\x93\xe4\xdcI\x1aO\xd4\xbcb\xddF\xeey\xf9\
\xcb\xa0Z\xc5ni\x22H\xa7\xd1U\x1f5\xa3\x1dG\
+\xbcC#\x84\x85\x1c\xba\xa9\xc0\xc0\xf0\x14#CS\
V>\x97%\xca\xa4_\xb5\xf8\xefo\xfc\xd4\x1a\xa5\xa6\
d\xed\x1d\xae{X\x5ccX\xc9\xe5^\xa6\x8b\xcd\xed\
\xe9\xdd\xbb\xa3\xea\xf6\x03v:\x97\xe2\x8c3\x17s\xda\
\x99\xc7\xe14\x17\x99R\x8a\xc1P3\x1a\xc6\x94'\xcb\
\x0cl\xde\xc3}Og\xd8\x9ei\xe4\xac\x89~\x0a~\
\xc0H:\xc7\xce\xf6\x1e^\xf7\xfc\x13,\x9b\xb9\x9b\xf6\
\xc5>a-\x8f%\xc8CEx\x81f\xf81\x9f\x81\
L\x17\xa3\xf9Vf\x09\xd8\x102\xcd\x88k\x05\x0a\xd6\
\x88\xe3\x10_\xdb\x0c\xb4v1b\x17 +5`\x8b\
\x9d\xe5*\x14:`\xc6q\x5c|x\x17\xcbwlc\
`V\x0fk\x16\x9e\x8c.\x14\x0c\xcd!eK\xe3\xe1\
\xfd\x90\xbb\x97\x9d\xc4)[\x1ec\xff\xcfJ,\xfab\
\x1e[\xa8i-:#\x9b8T\xa6\x0a\x17\xc5.N\
\xa6\xc9\xd0\xf6R\xb0\xd7\xbaFuj\x92\xc0\xab\xa2\x1c\
q\xb7\x91\x11?Y\x96\x04*\x8d\xa5+\x8c\xecV\xf4\
\xefu\x8c>\xe9\xe2\xfeC<\xb6d)U\xdb\xc2\x92\
M$T\x8b\x1f\xa2g\xb4\xe2\xd4|\xfc\xbdGQ]\
\xcdF3<\xd47b\xb5t5\xc6\x85\xa6\xe6\x19\x95\
\xd3W\x5c\x22d\xeb\xf9\x0f?l;\x5cwA\xacV\
C\xe4\xba\xaf\xb3\xc3P\xfb\xeb\xb7\xd1\xda\xd1\xc8\xaa7\
^L\xdb\x9c\x99l\x1b/s\xf0\xe88\xe3Fc\x19\
\x1b\xeeG\xbb\x0e\xa9S\x8fc\xc1\x9c\x19\xec\xfb\x85\xc3\
O\x0f4c*\x1d(N\xae\x0d2{t\x0f\xdd\x1f\
)\x92\xc9(\x82\x9a\x90p\x11n\xc6g\xff\xb6\x98\xf2\
\xfa\x80\xeds\xe6\x90\x8b\x05\xd5\xbc\xa8&,01\xd6\
\x86\xdc\x0bp\x89::Qv\x01[\xdc\xc0\xcc\x0e\xe3\
k\xfd}\x87y\xed\x86'x\xc3\x86\x9f\xd1\xf4\x81N\
\xca\xb7od\xe6sS|\xe5\x9aw\x9a\x83\xbchd\
\xc4,\xdad6\xc53\x0b\x8e\xe7\xd7\xa7_\xc1\xb9\xff\
r\x1f?+i\x0a9Mu\xb2Je\x02\x82\xaa&\
\x8cc\x1a\xe7\xe6\xb9\xea\xfaSI\x09\xaa\x92BO\xde\
\xe7\x85[\x0f\xf2\xd8\x0dC\xe4\xd3\x02\x80\xa4\xa6,|\
U$Y\x03Bmy\x93\x16\xe9\xfd\x11\xedKS|\
\xe8\xf6\xcf\xf0*g1\xdfx\xfb\x07\xd9\xdc5\x03K\
t\xac\xe2\xb8\xa4\xc47\xab\x13kg\x1f\xf1X\xd90\
\x05}G'\x99_\xf1\xe2\xb0\xadQ\x05\xf9\x86W\x89\
\x01:.\xb8@\xcb\xf9\x8bs\x9f\xfcng-\x9b>\
'za\x9b\xeaHc\xbd\xee}WQ\xced\xf9\xe9\
\xde\x01\x83F\xf2\x8eMc\xca\xa1&5]Q#\xfb\
\x01\xe5\xe1Qt.K\xcf\xab/b\xf4\xa7\xf7P>\
2J\xbe\xb1\x817mx\x96T/,ym\x9a`\
\xbc\x8a-e@\xbf\x02\xf9\x80M\xb7\xc7\xc4\x1e<3\
o)\x17\x1e>d\x80\x87\xc4\x06\xb3\xf8\x02\xf2\xb42\
\xea\xb6X9\x84\xbd\xddh\x81\x8b\x07\x0fc\xed;L\
\xd8\xdbI\xeb)\xcb\xb8\xe0\x96\x7f\x863l\xce\xfdb\
7\x8f\xc6%\x96|y3\xbdQ\x8d?\xbb\xffW\x9c\
\xb1\xedaj\xa9\x14^\xd9\xa6b\xe7\x19\xcf\xe4\xf1'\
c\xca?\x9a`\xb8\x8e\x82\xa8g\xe8&;\x1f/\x81\
S\x93Zer\x1d\x8e\xc2.W\xe9\xda\xa7M\xa1\xc7\
7QgZ\xec\x93\xe8+\xb26\xcc\xfd\xc4\x5cN\xfa\
X;A\x94\xa3\xf1\xdd\x1b\xf8\xf4\xb5\x1f\xe5\xbaw\xff\
5{f\xce\xc0\xe9i7\xeeH\xde\x9b\xd5\xd5\x8c>\
2\x86\xca\xa6\x19\xab\x04L\x0c\x8c\xdbqc\x83\xd2\xb6\
}\xe9\xe2\xbf\xbf\xb1A\xdc\x90\x09\xc2\xc1\xac\xf6\xb3b\
m56\x1f\xe9\x8f^\xf9\xe7W\xd8\x83v\x8a\xc7\xfb\
GhH\xa7h\xcaeHg\x5c\x22e\xe1\x88\x01j\
>\x95\x9ao\xac\x5c\xadT\xa9\xba.\xf9\x8bN\xa7\xf2\
\xc0\x06\xde\xb6\xe9aZ\x86\xf7\xb2\xf8\xe66\x1as\x1e\
\xfe\xb8\x04_\xa1\xeb\x03\xfa\xf6g\xe8\xbfu\x80r\xc3\
\x0c\xb6\xcd\x5c\xc0\xcb\x0f\xec\x91l\x1e'%@1Q\
4'R\x5c\x85\x8f\x837QB\x1d\xb7\x1c\x95\xcf\xc0\
\xf6\xfdD{\x0e\xb3d\xdb\x0b4N\x1e$\x7fB\x1a\
\xedM\x18\xb9JMe8n\xa8\x8f\x95O\xdeM\xcf\
\x97\xf2\xcczi\x17\x13\x1b*x\x87B\x82\xfe\x01\xc6\
\xc7\x9b\xb0}\x91\xb1\xc4\x84\x95\xc0\x10\x1d\x92G\xc55\
E\xeeT\xc7\xa0\x22\xf1\xf7\x82\xe0th\xd3\xb2\xa2\x93\
\x19\xd7d\xc97\xda\xa6\x98\xaf\xd36\x99Fp\x0a\x8a\
tk\x9a\xe2\xf2\x14m\x0b5\xe1\xd0\x11\xd2i\x97\xe3\
\x7f8\x0f\xef\x82\xe7y\xef\xcf~\xc4'^\xfbn\xf4\
\xc8\x04\xe9\x05=x\xadE\xa2|\x16+S6\x15:\
9\xe5\xfdG'\xd5\xac\xd9^\x9cil\xec,\x9d\xb0\
\xf4D\xe0\x11c\x00'\x95\xbeH\x1f=\xaa/8w\
\x99\x0eZ\x9a\xb8o\xff \xb9L\x0a2i\xca^\xc0\
\xd0\x9e>*\xa3Sd\xb2i:\x17\xcf2bXo\
\xaaJ$e\xc6Z\x8d\xf1Y\xb3xk\xedg\x9c\xf2\
\xc2C\xb4\xffU3\xc7_iQ\xed\xf3I\x15\x8a\x04\
\x95\x12\xe9\x16\x9b'\xbeW%?\x0c\xb7\x9e}6q\
6G\xaeZF\xb6\x99\x93I\x8cdd*\x96\xf8e\
M\xa4RT\x0f\x0fc\xc5\xdb\xb1\x8e\x9b\x0f'/&\
\xda}\x84\x96M;M,i\x9c\x9f2\x82\xaetN\
\x19\x09{\x10F\x84R;.E\xb4u\x8c\xd2rQ\
\x06\x95I\xa3\xed\xa2\xc9\xbc\xb5\x96b|\xe2\xf2\x94\xe0\
\x0e#\x8f\x11\xbf\xed\xa0*B=\x08Pp\x88\xca\x16\
\xf3/\x98\xc3\x82+\x8cD \xa9\xab\x9b\xe0,\xec\xac\
\xfcS\x84.W\xf1\x8f\x06X\xe9\x22A\xb5B!5\
\xc2\xbc\x7f\x9aKx\xf13\x9c\xd7\x7f\x19\xf7\xce_\x8a\
\xbb\xed\x00\xce\xbc\x19\x84]m\xe8\x86\x1c\xc8I\xb3m\
\x86\xc7\xaa\xc6\x0d\xa9\xd66+\xc8\xe7/4\x06\x90\xb6\
\xa1\xd5\x93\xd5\xb3\x16\xb9\x91\x9a\xb7|\x89\xb5\xe6\xc0 \
\xbed\xa3\xe9\x0c\x95]}L\xae\xdf\x85W\xf6\x13\x9e\
]k\x86w\xf61\xeb\x92\x93\x8c||4V\xa4\x0a\
M\xbc\xe5_\xbe\xc59\xb7\xff\x88\xc677p\xd1\xb5\
\x19\xbc\xc3\x13\xb8\xd9\x0c\x91\xef\x93oV<\xf9\x18\x8c\
\xdc<\xc6\xe1\xee\xa5<>c\xb1)\x98\xd8U\x0f\xab\
\xbb\xfe\xb4RH1\xb5\xe3$H\xa6lM\xbaP`\
\xbc\x1c`o\xdc\x0db\x84sNb\xf1\xfa\xbbM@\
k^\x9c\x83R\x05\xbb\xdb\xa51\x9a\xa2f\xa7\x98\xcc\
\xb51x\xfbQF^\x9b\xa7A\x85D\xe3\x92N\xd6\
\xcc\xc9\x92\x0c\xda\x92d\xd0\xc9\x18D&R\x17\x09\xda\
X\x91\xa9/\xc8\xa90\x8e&\xa5\xd0\x22\x8f\x197)\
p\xa2\xe8\x93L\xd1\x08\xa2\xa7\xeb\x15.\xe9\x06\xc9m\
\x02\xf3\x9c\xfeD\x95\x99'(\xfaN\x8dX\xf9\xc2s\
\xdc\xbb\xf88B\x91\xd0\xef\x1f0\xaf\x11K\x0e5)\
\xf6\x8b\x99\xaa\x84x\x93e\x95nm!\x93J\x9di\
6\xff\x17Z\x97\xcfV\xa5\xd2\xa2\xd3\x96v\xb1~\xac\
\xac\x86\xab>N[\x0b\xfe\xd6}L=\xbd\x83(\x9b\
E\xe5s\x89\xaa\xc0R\x8c\x8dUI=\xb7\x93\xe0\xdc\
\x93\xe9\xacM\xf0\xe6/\x7f\x8e\xe5\xf7\xdeI\xdb{\x9b\
\xb8\xe8\x0b\x0d\x84\x87\x07\x0c\xae\x97T?\xd7\x10\xb3{\
O\x9eG>1@N7\xf3\xbd\xe3\xcf7y\x85-\
\xc1\x5c\x8c\x90\x93\x9d/\x05\x14\xd1\xfe\xf8\x099\xd6\x94\
\x22\x0e\x86\xf9\xc8\x0f\xff\x89r\xa1\x09/V&{v\
Z\x0bt\xbf\xf0\x14\xe9\xf3r\xcc8.\xc6\x1f\xf6\xe9\
8\xa3H\xd6\xed\xe7\xc4\xe7\xd7\xf1\xdc)g\xf2\x92G\
~\xc6\x8e\xb5\x9a\xb3_gCY|\xba@_e*\
pZ\xe4\xeeq\x00\xa1E Yx`\x11\xd5\xb4\xa1\
'\xa4\xba\x16D\x02\x18BR)\x91\xb7\x08\xa2\xd2F\
\xbe\x12\x86B\xad\xc8)\x08\xd0&dZXN\x88k\
k\x9cLl\x12\xc6\xc9\x9dU\xc6\xc7\xa1)\x1c1z\
RJ!\xb1\xe3b\xed\x1f@\xcd\xefA\x0b3P\xad\
!\x8d?\x13ce\xabyVH\xc5\xb2\x96\x9f\xf6\xd5\
\xaf6:\xded\xed\xb8\x99\xc5|!\x9b\xcb\xe8g\x0e\
\x8d(\xb7\xa9\x89L\xff\x10C\xb2\xf8\xb9|bt\xd3\
\x99\x08*\x88\x8d\xdb)g\xf2\x9cpp7\xaf\xfc\xec\
u\xb4\x1d\xda\xca\xdc\xaf\xb4p\xc6[3x\x87\x86M\
rnY>\xb9F\x9b\xed\xdbr\xacy\xff0]\xfb\
m\xbe{\xd6\xa5\x1cm\xe9F\x89\x5c\xd0\xec(-D\
(h)\xc2'1 *)V\xbc\xa5\x13\xbf\x9a\xa3\
\xb2}\x8c\xa82d:!\x05[\xa4\x9c\x98\xf4\x87\x9b\
Y\xf1\x9eF\xd2T\xa8\xf9!\xdds\x1c:?\xd8\xca\
\x09_\xba\x9f5W\xbf\x93m\x1ds\x18\xbc\xee\x10C\
\xfd\xadd\x1c\x1fo\xdc'.\x81_\x0a\x09=\x8d?\
\x15\xa3+\x8a\xd0WT\xa7B\x16_Y\xe4\x8c7u\
\x11\xd4\xd2T\xb5\xe2\xe0\xc1qv\xdc2\xc8\xe4\x96J\
\xa2W\x92\x18,\x1f\xf54\xa5N\xe3a\x05\xa0\x9b,\
\xb4\xa5qZ\xa5\x95\xc0e\xe9.\xcd\x81\xf3\xba\xd0=\
]\xb8Q\x80$\xb1\xe2%\xac\xfe!ho\xae\x93\x8c\
\x9a\x89\xd1\xb2*z\x1e\xbecw\x0d\xce]\xbe\xc0\xc1\
\x0b\x96\xcemm\xe0\x85\x89J\x5c\xd1\xcan\x0ec&\
\xd7\xef$\x92\xd5\x11i\xa0\xe4i\xc2H\xca\x15\xa4\xd2\
tF%^y\xf7\xcf8\xe1\xe1\xbbi^V\xe5\xc4\
\xfb[\x99\xb7\xc2\xa7\xbcw\xc2`\xfal^\x8ev\x9e\
\x87\xeevy\xf0\xb3\x03\xf4\x1e\xb1\xb9\xed\xd4Ky\xa6\
}.V>\x97t\xb9\xd8\x0e\xd5L\x96\xeaP\x12\x00\
\x89\xaa\xa8T\x96\xb0\x16\xd3\x90\x0d\xb8\xe4\xb3MD\xaa\
%\xd1\xef\xd4\xd9\x9b\xa4E\xccG\x8f{\x04^\x1aW\
\x92\x9a)\x9f\xe3\xdf]d\xf0_FX\xb6\xf1y\x06\
;z\x98\xb7y?\xdb\xfef\xd0\xfc\x95\xf3\xa2\x8fc\
\xc8\xc7$\x8c\xc9\xa3\xf3}.M\x8b\x9b\x88F\x14v\
*\xc5\xac3\xda\xe8\xea\xb0x\xf4\xa5{\x8d*b\x9a\
\xaf\xaf\xb7\xfe\x98\xc5\x17{4]\xde\xc8\xd2\xcfvp\
\xe8\xde\x12\xdbV\x1f\xa5H\xc8s\xdd\xf3\xb9s\xd9\xe9\
\xa8\xd0'\xee\xed\x22\x15\x0f\x10LV\x88\xcb\x15T&\
\x85\x16N%\x0c\x98\x9c\xaa\x12x~\x1ce\xb2N\x94\
/.vl\xd7\x9e\x9f\xc9\xb8l\x1d\x19\xc3\xc9\xe4\xf0\
\xf7\x1c\xa6:^\x81B\xd6\xa4\xe1\x96\xe7\x11;):\
\xa2\x88\xf3\xb6>\xc5\x99\xeb\x1f\xa3\xc5\x1d\xa0\xf7c9\
N|w\x1b\xe9p\x92\xa9C\x11\x85&\xd7\xe8B\xf7\
nS\xdc\xf7\xfd\x98\xa3k\x8e\xd2\x96o\xe3\xa6\x0b/\
c\xdd\x8cE\xd8\xc5F\x22?22\xf0X)\xf6\xcd\
\x9e\xcd\xa2g\x9ea\xc7\xc64'\x9c\x1aS\x1e)\xe1\
\xa4\x0b\xc4\x9e\x8fW\xf6\x12v\xb4\xde\xa9+\xec\xa7\xb6\
\xd2\x88:_$\xd3\x96m\xa4\xcf\xa6\xb0R,\x94\xb1\
N\xc8\xb2\xf2\x9e'\x0dq7\xeb\xfa\x19\x1c\xdf\x9ag\
t\xed\x04~5DG\xf2\xf7\xc92\x0a\x96w3\x0a\
GT\x17y\xc5\xec\x0b\x8a\xc4c\x12\x84m\x02\x89I\
\x03U\x8a\x1dY\x96}r\x9e9\xed\xc2\x90K~\xe8\
\xa4\x03t\xce&]pI\xcf\xb4\xe8>\xcd\x22E\x89\
\xd9g\x16q\x1b4\xdb?:\xce\x9a\xd3\xafdp\xf6\
\x5cl\x11F\xca\xa6\x9d\xd3Mjw\x1f^\xc5G\x97\
*\xa8\x9c\xb4\xcaj\xbcj\x80/\x19ic\x8e\x06\xdb\
Z\xea\xb4g\xdc\x99^\x182\x1ej\x95\x8ab\xbc\xfd\
G\xd0)\x07U\xad\xa2\xc6\xc6\x8d{8\xb1\xba\x9f\xf7\
>\xf7+\xd2z\x94\xf6wdY\xf6gMt\xce\x8a\
\x88'&$\xc7\xc0\xce\x15\xd8\xb3\x19\x9e\xba+f\xcf\
m\x934O@4c\x11\xffx\xf2e\x1cj\xed\xc2\
\xealC7\x15M\xe3\x9d58J\x5c\xaeq\x7f\xcf\
\x02.z\xb6\xc0#\x9f\x1c\x22\xfb\xb5\x0e\x16/I\x1a\
5\xe2(m|fB\xfe&\x85\x13\xecT\xbd\x98/\
\xc8D\xf6a\x84b\x94tC\xcc\x9e-pxSH\
1\x9d\x22\xf6<\x0a35+\xde\x12\x13\xbe\xa1\xb3\xce\
\xdb\xd7\x0b0\xf5\xa4/a]\x95\x11\x04\xe8)QD\
\x0b#\x9e\xb8\x13\x1dj\xdaz\x9bh\xbf\xb6\xbd.\x14\
\x16\x15G\xedE\x81X\xb8\xa1\x1a\xe1DH\x109\xc4\
\xa3#\x9c\xf8\xae&\x86~6\xc4\xeb\x1f\x7f\x84\x9d'\
\x9d\x8egz\xd8\xc4U\x03\xb3\xbbpv\xf6\x11\xfa\xa2\
\xb5\x94\x17\xb2L\x0e\x95\xf6\x03s9\xbe\xb2\xe68\xc5\
\x8c;cP8\x0c\xdbF\x8dN\x12\x88V^$\x22\
c\xb2\x8a1:\x9d\xe1\xbc]\xdb\xd0\x93\xa3\xcc\xfd^\
\x91\xb3_\x0e\xa5\xbe*C\xdba|$\xcd\xfeM\x9a\
\x9d\x8fU\x98z& /lA\xbe\x93\x07O>\x89\
\xbbg-',6b\xb7\xb7\x12\xa5RP\xad\xa1\xb2\
\x19\xe2\xd93p&\xa6\xe8W\x9a5+\xce\xe7\xcd\xeb\
\x7f\xcd\x9a\xb7\xf4\xb3\xe2my\x8e?'EsG\x95\
L\xae\x82\xeb&:\x7f\x93\x89\x9a$\xcdB+\xe1\xf1\
=\xaaS\x11\xe3\x83\x11;7\xc2c7z\xf4\xf4\x07\
<x\xea\xa5\x9c\xbe\xf1\x19\xf6\xff`\x88\xc5\x17\xb6`\
\xd7$\x08\xa7M\x01G\xd0H\xd29)\xca\xe7D\x0a\
\x1f\xf81\x96\xeb\x9a\xf7\x9d,\xae\xfc\xcc5\xa7T\xf7\
\x97\x91\xa2\x97& \x16\x0b\x99DQ8\xa4\x84\x22W\
\xe9\x04\xcc\xfaS>\x8e7\xc1\x9cw\xb70\xf9\xd6\x9d\
\xcc\xda\xba\x8d\x9d\x8e\x8d=w&\x91\x1f\x10e\x5c\xdc\
\xeef\xac\x83\x83h\x09\xce\xaeC\x10h\xaaU_I\
\xd3\xa0\x86.'v\xec\xd6\x89\x9a'xY\xe9\xe1\xc9\
\xa43\xb1T2\x91\xdf\xd4\xab\xc2\x80\xed\x8d\x9dH\xd6\
\xf0\xf0\xf5\x93<\xf6M\x95\xd0\x05c1Q\xbf'\x14\
:)Q?\xb7\xcd\xe2\xfe%Ky\xa2y\x16%\xcb\
\xc5\xae\xd6pg\xce *\xe4\x8f\xc9\xceu\xd5C{\
r\x9c3X\xf3{\xb9+<\x9blu\x8a\xcb\xb6>\
\xc9\xce\xeb\xa6x^\xc4Z=\x16\xb96\x87L\x03\xa4\
\xf2\x09Af\xc5\x8a8\xd2x\xa5\x18\xed\xc5x#P\
\xee\x87h\x14:\x80\xcdsO\xe4\x96\xd9'S\x9c\x9a\
\xa4u\xddc\xf4\xed\xcb\xb2\xe8\x14\x07JUb]#\
\xf4\x5c\x02\xdf'\xf0\x22C\x9b;\xaeKcg.\xd1\
'I\x81Hj\xddV\xe2\x8a\xa2P\xe4->G\x0f\
N`\xab\x00\xd7M\xa0hJD\xc8i\xdb\x88\x0f\x94\
/:&\x8bTZ\x8a;\x8ajU\x9ce@6\x0e\
\xd1\xfb\x8e\x92\x96>\x8f\xb9=D\x9eO\xd4R\xc4\x1e\
\x990$\xa3`\xee(\x0a\xa9\x06\x81\x12\xee\xc8B\xb5\
;\x87\x83\xb8\xc1\x17Ak\xc66\xbeJx{a\xf8\
\xc4\xdaI}\xd2\xe3\x81b/\xadsN\xe3\xd4\x83[\
\x89\x0e\xd4\x8c7\x0d\xf2\xcd\x0c.\x9d\xcf\x9e\x9ey\xec\
\xf2\x1d\xf6I\x98s\xd3\x89\x06?\x95&v\x1c\xe2\xfd\
\x87\xb1\xc7\xa6P3\xdb\x89\x0b\x0d\x89Q\xa5\xfd\xa7\x5c\
A\xa7RXs{Y\xa3\xae\xe0\xd9\xe6\x1e\xce\xeb\xdb\
\xca\xbc\xe1\x01\xd2\x9b'\xd1T\xa9\xa2\x11,\x22h\xdc\
x\x8fd\xef\x99\xb2\xe4T*\xcbX6Oy^;\
\xbf\xec\x9c\xc7\xfa\xe6\x19\x90Nq\xcf\xa2\x93\xb8p\xfb\
\x93<\xfe\x99A\x0e\xbd!\xcb\xf8\xce*\x13\x07\x22*\
\x87#\xbcr\x84\xae*J\xe3\x9a\xcb\xbf\xd0\xca\x99\xaf\
q\x8cFH\xd9rMU\x86\x06\xa7\xc8\xe4Rd\xd3\
6v\xceb\xe7\xb6\x88\x87>7DvJ\xe34\x81\
\xdd\xa8p\x1cM\xce\x95\xe6o\x8d\x95s\xc9\xb7\x09\x87\
\x96b\xe2\xde2\x0d\xe9F\xfad\xd7\xc8.\xdf\xdd\x8f\
#\x80\xa3\xb5\xc9\xe8gU{\x13\xd6\x81\x01\xc3\xfa\x8a\
<'\xf0#\x1c1\xba\xb2\xb2J}\xf9\xb6\x11,\xdd\
\x92J\xb9:za\xaf\x0a\x8f\x8e\xa0\xcaU\xb4\xb8\xa4\
(D\xe5\xd2\xe8\xa6Fc\x9c\xb6\xa3\x87i\xcdXx\
\x1d\xed\x0c\xe5\x8b\x94\xb3y0\xfeZ\xe3\xf4\x1dF\x8f\
\x95\x88s\xf9c\xcd%\x86d\x13\x19\x8b\xf8\xee\xb6f\
\x98\xd9E\x9c\xce\xa0e\x0e\x84\xd9\xda\xca\xec\xa8h|\
\x0a\x0e\x1e\xc4\x1d\x1b\xa3E\x87\xb4\x04U\xdc(\xc4\x16\
\xbf\xde\xd1fN\xa1:<(SQ\x18o\xef`|\
f/\xd5\xa9\x1a\x0c\x19}\x09\x08\x1b\x9a/\x10\x87!\
oz\xe1a\xae\xde\xf8\x00\x07\xea\xddB9\x83\x5c\x14\
)l,B\x1a\xcf\xc9\xf1\xf2\xdb;q\xaaiT\xaa\
H\xecM\x80=\xc6\x8d\xef\x9f\xa2k\x99\xcd+?\xd2\
LmT\x91i\xcb\xb0\x7fK\xc4\xa3\x9f\x1fb\xf0\x9e\
\x09\x83\xa0|\x0aD\x96\x22/\x1aWC\x98\xc4\x09\xc2\
r\x1b\xf8\xc1\x89\x97r\xff\x8as\x0c\xff/U@\xd3\
\x1du\xca2\xaa\x02Ec\x8d\xbd\xa7\x8f@\xaa\x83:\
f\xfe\x19\x8b\xb4\xb5\xb0W\x95\x07G\x06\x1c)\xdbI\
:\xef\x86\xb1\x09\x10R`0n(\x0c\xb0gv\xa0\
\x97\xcc\xc7\x1a\x1eE\x8dN0\x9ci`X\xc0q`\
'oZ\xb2JQ\xa7\x15r\xa8\xd9=\xb0u7\xfa\
\xd0`\xa2^\x13\x00)'<\xe5\x12\xcb1\x1f\x1c\xc3\
\x1e\x9f\xc4\x9e\xd1I\xdc\xd1\x9e@\xbbP\xa8\x87\x10\xab\
\xb9\x01\xd5\xb4\x9c\xb0\xaf\x9f\xa3\x87\x8epT24\x89\
Cr\x1a'5\xcc\x9e\x03\xbdK\xe1@\x1fL\x95`\
h\x1c{\xd1\x02\xd4\xdcY\xe8}\xfdD\x96,\x85\x1c\
Z\xc5\xcd\x8bNc[\xae\xc8\x19G\xf7\xe2\xdb\x16\xbb\
\xda{\xe9\x8d\xaa\x5c\xfa\xd4\xa38Km.\xfen+\
\xa9PzC\xb2D\xb5\x12\xa9\xdc\x04\x8f\xfe:d\xea\
\x97\x15&\x9f\xb0\xd8rQ\x96\xe5\xcb\xa0<Pf\xce\
\xe2\x1c\xbd\xb7\xb5\xb1sm\x13\xdbo\x9cd\xdf\xe3\x0e\
\x87t'\xfd-m\x0c\xb56\x138\x0e\x96\x8e\xd9\x92\
ke\xa2\xa1-\xa9u\x86\xa1i<\x0c\xaa>\xf6\xbe\
~\xacEs\x0d\xc5\xee4\xe6\xb1\x8e\x8e\x1a\xed\xaai\
\x1e\x11\xc1Z\x14\xa5\x94\xf5\xa5\x9f\x8ch\xcbj\x11\xe7\
\x11>\xbfCE\xc2rz!VS\x01N;\x1e5\
8\x82~n\xb3\xc1\xee\xf2\xc4&\xa1\x08}\xec\x93W\
\x10v\xb6\x81'YI\x5c\xef\xcbJ\xc1\xf3\xdb\x88'\
+\xc7\xa8\x8b\xe9\xd1\x02\x86M\x8cD\xb7\xe9a5\xe4\
\x88g\xf7\xa0s9t\x90tk\x98`\x98\xc9\x98\x8c\
\xd1\xdaw\x88x\xaabN\xa1\xbc!q[\xf6\xbc\xde\
\xe4o\xf6\xf5\x11\x1f\x19\xc4\xcae\xb1\x8e[h\x8a\x1e\
\xbc\xb0\x13=^2}av\x14\x10V\x05\xc6J\xe6\
\x0eW\xee\xdc\xc8U\x1b\xd7\xd2qa\xc4\xd9\xdf\xec\xa6\
\xa5\xc1'\xf2\x1bQ\xb6\xd4\x9a\xc7\xd9\xbc^\xf1\xcbw\
\x0e1c\xc4\xa2\xeayTNO\xf1\x96\x9b\x9ahN\
{\xf8A\x1eK\x97I7\xa7\x08\xd3)\x0e\xbf`\xb3\
\xef\x97e\xf6\xdf_\xe5\xe0\x9e\x0c\xfbi\xa7\xaf\xa1\x8d\
\xa3\xed\xdd\x0c\xcdY\xc0Xg\x07\xd5\x5c\xce\xac\x89\x0a\
\x02l\x15c\x9f\xbc\x14O\xb2\x7f\xa9*\xee\xed7\xb1\
\xac\xe7\xac\x85\xda^8[\xd5\x86Fw+\xfb\x1fn\
\x1d\x89\x1d\xabE\xca!\xf1\x86\x9d\xc6\x00\xf2\xc7j\xc5\
\x22hiB\xad[OT\xab\xb7\xb4\x08\x04\x14d\x22\
\xfd\xb2mM\xe8\x93\x8e3\x0dl\xd3\xf5J\xa9\x13\x88\
d\x9b\x17v$\x01N\xd2\xe7iW$?7\x9f5\
\xf8\x1eJG\xd83;\x89\xbb:\x13\x97%}\x5c\xf2\
\xc8H\xad\xd1\xc1\xe9\x1f :2l\x0cof\x01y\
\x1e\xd6\x8cv\xe2\xe5\x0b\xd1\x87\x87P\xbb\x0e\xa0\x84\xce\
\x987\x83xN/\xf1\xee\x03\xe8\xa3\xe3\x90\xcf\x93'\
\xe4\xbc\xdd[\xb9\xf4\xa9\x07\x98\x93=\xc8\xcc\x8f\xb5p\
\xfc;Zp\xa4q\xbb\xea\x1am\x92Re\x9ez8\
\xe0\xee\x8f\x8d3\xb7\xdf\xe6\x1b\xe7\xbf\x86\x0b\xf6\xacg\
^\xdfv\xf4\xeb\x9b\xf8\xf3\xbfsq#\x9f0N\x9b\
\xd6\x1d\x91\xa4\xa4\x8a\x19\xc3\xceV\xca\x16#[j\x8c\
<Vet}\xc8\xe8\x9e\x98\xc1\xd1<\xc3A\x0b\x83\
\xcd\xbd<x\xdayl+\xb6cU\xca\xb8sg\xe2\
\xcf\xeb\x01\xcf\xc7\xde\x7f\x84\xb8\x5ce\xd6\xd9Kte\
~\x8f\x0a\x8e\x8e\xeep\xb4V\x13\x1a\xd5\x22\xd9n\xc2\
I\xc5&s\x93\xc5gd<ir\x10\xc2J \xa9\
iX\x93\x12\x9d\xf0\x1d\x15\x94\xe7\xa3D\xaa \x08G\
N\x86\xe0[\x91\x97w\xb4\xc2A\xc9'\xea\xcdx\x09\
\xe4:\x96\x5c\xc9\xef\x08\x01\x17\x1d\x1a\xc0\x9a\x982\xee\
+\x92\x9d#\x86\xf7<\xe3\x9a\xc2\x19\x9d&y\xb1\xf7\
\xf5\x19\xe4\xa3\xd3i\xa2\xbe\xc1d'\x9d\xb8\xdc \xa9\
x\xd7A\xe2\xfeQC\x15\xd8\xc7-f\xae\xb7\x91\x13\
\xd6>\xcc\xca\xbd\x1b\x99\xaf\xf6\xd3\xf1\xda<K\xffr\
6\x9d\xb3b\xfc\xa1\x11b7E\xb61d\xec\x88\xcf\
\xbd\xffRc\xd3\xb7J,\xa8\xa6\xf9\x97S/\xe7\x99\
\x86.\xf6/\xbb\x80\xeb\xcb#x\xb7\x0e\xf1\xc3t#\
o\xfe\xb4\x22c\x95\xf1\xc9c\xb9\x05S\x5c\x8a'K\
8V\xcc\xcc\xa5\xd0sR\x96@;\xd4\xa6\x22*C\
!\xfe\xf8\x14{oX\xcb\xd2_\xef\xe3\xb3\xaf\xfb\x00\
\xa3\x8eK<4\x86\xdd\xdbE(\xcc\xb1@k\x1d\xcb\
\xc9\xd6\xe50VN\x18\x95\x04X\x8cXXs#\xe9\
\x8e\xb3\x05$\xc7\x90\xca&\x93J\xca\xe5d\xd1S.\
V>K\xd47`\xd0\x86\xa0\x99p\xce,hh\x04\
I\xb5\xa7\x99|\xa1*\xc3\xaa\xf1\xe9\x1c\x19\xac\x1bl\
\xba\xeb1i\x0d2\x064U&e\x90\x90\x9e*\xa3\
\xb6\xee\xc4\xed\xed\x86\xb66\x22aF\xa5\x9d4\x0c\xd1\
\xf9<\xf1\xd2\x05 \xaf;YAIP\x9e(\xa3\x1e\
_\x8f>e\x05\xdd\xf3\xba\x98\xfb\xf0\xe3\xf4>\xf3\x18\
\xb3o\x1e`\x8e\xb7\x8f\xae\xae\x09\xda\xde\x93b\xd6k\
Z\x99\xb18\x8b\x9a\x1a'\x1a\x11\x92\xcdat `\
\xfd\x83\x1e\xcf\xdeR\xc6\xdd\x160#\xd7\xc4\x0d\xa7_\
\xcc\xd3\xcd=8\x85\x1cC\x14\xf8\xe2\x8a\x97\xf2\xf1\x0d\
w1y\xd3\x08\xdf\x19k\xe0\xb5\x9f\xca\xd2=\xd3\xc3\
\xafI2\xd5\x88\x93k6yA(\xb1\xb2\xec\x11z\
#\xb2$4v\xa7\x08\xe6\xe6y\xa2\xad\x8859L\
vr\x02\x0a\xcd\xe8J\x15\xbbT&\x94\xfe\x05\x09\xc8\
Z\x13(\xf1R1N\x10\x8d\x88\x92\xaa_\xa3N\x11\
\xa7(bT\x93\xfc\xc8i\x10\xdf+\xeb&\xc7_\x02\
uw'Jv\xb8e\xd3\x5c,\xb0r\xec0\x93\xeb\
\xc790g6\xe3\xe9\x0c\x91\xb8\x0a99\xb1P\x0d\
\x16\xcc\xe8\x86\xa1\xb1:Jz\x11\xb1\xc2\x8b;\x10\x81\
\x9cH\xc9c\xa2\x81\xb1D\x81\xd6#M\x07R\xc4O\
\x0c\xd7\x12\x87\xf4\xe6\x145lv\xf8IA]~\xb6\
\xfc\xb1u|\xe0\x89\x9f\xd2\xc0a\x1a\x96i\xda_\xad\
\xe8:\xcf\xa5}E\x91\x5c\xc1\x86\xa9\x00\xef\xa8Gy\
<b\xffV\x87\xcd\x0f\x85\xec}\xacD\xfa`\xc4\x0c\
\x14;f-\xe7+\x0bN\xe7h\xba\x01\xab\xb1H\x98\
/\x98\x80\xba\xb7k\x16\x7fw\xea\xd5\xfc\xc5\x96\xfbp\
\x7fq\x90\xef\xed\xf4\xb8\xe8\xe3YN\xbb0\xc4qd\
\xccN\x9aX\x04g\x86'\x8b\xc8\x14r\x8c\x0e\xda\xec\
\xf8m\xcc\xd3\xb7\x8e\xe0<Ye\xef\xb2\xb3\x19l(\
\x9a\xf5\x12V\xd5P\x11\x0dyb\x19\x99cDJ\xb6\
6\xd9r\x1c\xf7;q\xc46\xe5\xf0\x0a\xd9\xf9\xb2#\
\x0d\xbfZ\xf3\xb1\xaa\x1e\xb1P\xd1\xe2b\xfc\x10;\x0a\
\x09\x8f_JC\x10\xf2\xc1\x9f\x7f\x9bE\x83\xcfRq\
,\x8e\x8e73\x5c\xe8b\x22\xdf\xc0hg\x17SM\
\xcd\x09KX\xaaa\x8f\x8c\xe3\x8aXKj\xbd\xd2\xca\
*\x1f:i\xa20\x9d,\xb1|\x9d\x90\x8d\xb23,\
I\x08\x1brD\x85\x02N\x10\x92\x0bj\xcc9\xb8\x8d\
\xe6h\x88\xaaU`\xf3\x82\x93\xb8c\xc5\xb9\x0c7\xb6\
\xb2x\xc7v2C\xfd\x14\xbf\xd0\xc6\xf9o\xb0\xb1\xfd\
\x0a\xd1\x94fb\x93\xc7\x81A\x18\xee\xb78\xb2-\xa4\
\xefYMe{\x95F`\x11\x8a\xa3\x9d\xb3\xf9\xfe\xec\
\x95<\xde<\xcb\xe8Re\xf1\xe5}\x1a\xd2W\xa8\xe6\
|\x9e\x03\xba\x9b\xebO|9\xaf\xdf\xff\x1c\xa7m{\
\x9aG\xdf>\xc1\xc6\x97\xe58\xe3\xcdY\x96\xae\x0c\xc8\
d\xaa\xf8\x95\x80Lc\x8a\xc7\xee\xce\xf1\xc0\xeaQ\x0a\
\x07\x03D$\xff\xcc\x92\xb3Ys\xea\xa5\xe8y3Q\
\xdb\xf7'-\xb9\xa5JRg\x10\x9d\x93\xad\x88D@\
\x10\x84\xd4j\xfe~\xc7\xd5\xd1\x96H\x92#\xa5\x95T\
\x91\xa4\xe5G\xd7B\xd4\xd1!\x98\xd9\x0d\xb9\x0c\xba\x5c\
\x83\xbd\x87\xd0\x99,s\xcb\xa3\xf4n\x7f\x96974\
\xb2\xf0\xb24\x87\x1f\xa81\xfc\xf4>F_\xa8\xe2\x8d\
i\xac\xf1\x8424\xa2V\x01M\xd2k!`Y\x14\
\x86\xd23&\xac\xa6\xf4Q\x88\xb1\xb5t3J\xa9B\
<\x9f\xfc 4B,7m%\xd2\xf0\xd0\xa2\xe9-\
Mt^\xb2\x80\xa3[\x14\x0d\x9f~\x84\x85\xf7\xec\xe1\
\xc6\x97\xfc\x19\x8f\xcf\x5c\xc8\xc5\x0d\xad\x94\xfen\x98\x1d\
\xb7$G+\xac(\xbcI\x8dD\xb5\xb4g\x04\x90R\
>A\xb5\xcf\xe1\xf9\xae\x1e\xd6\xb5\xcde\xbb#\xea`\
\x85\xcad\xcd\xe2K\x07\xa5@\xf1\x17\x9fJ;\x9b\xa5\
\x14G|w\xfe\x19lh\xeb\xe5\x95;\x9e\xc2\xfa\xe5\
\x01\xee\xfbU\x85\xc7\xce\xb5Xpy\x8e%\xa7d\x18\
\x1es\x0c\x97U\x1c\xcd\xb3\xfe\xf8sy\xb2{\x1e\xbb\
\xf3\xad\xd0\xd4\x84\xd5P@55\xc0\xc0\x88\xa1a\x0c\
\xa4\x8eB\x9c\xb4\x8d\xaf\x94\x12V@U+{T\xe6\
\x93\xdf<\xd7olz$\xb6\x15v\xa9\x8a\xde\xbc\x8b\
\xb8\x92\xf8uk\xc9<\xb4\xb8\x9d]\x22\x85R\xe8L\
\x8a\xe3\xdd\x80\xf7\xddq\x03\xf3\xdfcq\xe6\x874\x8e\
kc\xe5r\x84\x916\xe9\xbe\xe1]\xb4\x9b\xact\x02\
0M\x9an\xd4\xc9\xca6C\xf6,G\x98F\x11\xd9\
\x0aQV\xaf4\x19$%\x83\x0b\x15\xb6a/\x05F\
\xa6\xcc\xc9\xf3\x86'Iw\xcce`\xa4\xc0\x03W\xaf\
cbg\x81\xbf\xb9\xe6\x038\xa3C\xacz\xf6!f\
\x1f\xd9g\xf2fy\xe4\xc9Rk\xeb`GK'\xbb\
[:\x19I\xe5I\x0dM\x90\x1a\x9e\xc0\xca\xd8\xec_\
\xb0\x90\xbd\xddsLK\x94l(\xb3K\xa6\xbb\xf4\xa7\
3\xc8D\xae\x01\x22\xb9\xac\xd5\xc0\xaf\xb2r\xb4\x8f\xcb\
\xf7o\xa1w\xff.F\xa9\xe1\xbb\x90\x8a\xa0\x98m\xe6\
\xc6\x93_\xca\xe6\xd6\x9e\xa4\xa8/mS\xb3{\x8da\
\xed\xc9\x12\xf1\xd6\xbd&\x13\x8e\x97\xcc\x83\xc1Q3P\
*<u\x19\xd1T9L\x1f\x19:\xdd\xd1\x1b\x9e?\
\xcc\x99g\x96\xc8f\x0bq&\xa5U.\xa3\xcc\x8bJ\
)o\xe7~\x98\xd5\x8d\x9a\xd1\x09\x92\x0fD\x9a\xa3R\
L\xd0)j\xdbkI\x07I\xa9\x86\x9a\x10\xcdMB\
\xf7&\xe4\x8d\x90g\xc2\x5c\x0a\x9b$\x9a\x1bY\xfbD\
\x8c+hI\x8a:\xa1\x1c\x0d\x84p\xab\xd7\x1c\x84q\
\xac3\x97\xbe\xfe\x1d\x0d-c\x0f\xa4#~j\xef&\
:\xba\xe6p\xe1O\x8e\xe7\x913\x9e\xe1\xaaC\xdb\xf8\
\xce\x99/\xe17\xa5)\xfeb\xea \xa999\x0a\xbd\
)\x06\x9f\x0a9:Rc\xcc\x1b\xa7\xfb\xc0\x00'z\
\xa3,=\xce\xa7\xe7\x95.\xc3/x\x1c~x=\xf7\
\x9e\xfd*\xee^v\x0a\xe7\xef\xdf\xcc\xcam[\x08\xa4\
\xfa%I\xa5P\x1fu\xa4,E K\xd6 \x0e\xa9\
\x05!\x93\xd8\x0c\x91\xa2\x8b\x14\x9d\xd4H/,\x12\x1d\
\xad02e3\xeef\x0d}\xe3\xce\x9dE(\xb1/\
\xac\xbbY3.a:\xa6F8~@\xaa9\xa7k\
\xcaVV\x18\x1d\xc9\x1e9\xb0\xcb\xf1\xee\xf9N\x9f}\
\xdcq\x03\xe4\x0b\x0b\xb4\xa35\x85\xbc\x92\xacW0\xbb\
|\xa8\xfd\xfd\xc8`;\xa4;\xa6Zc*\x95\xa1\xec\
\x16\xa8J\xd341\xa9\x8c\x14`l#\xb4M\xe7\x04\
HI\xa0L\xf8z3u\xe4X\xf0\x15\xa3\xfc\xee\x98\
'\xf3$\xe4!\x1d\xe9\x02qE\xa4Wo\xab\xafo\
B\xe9P\x17B>\xf4#2\x8dEj\xc3G\xe8\x9a\
\xa5i>\xc7\xa6q\xd3\x1e\xd4\x1b{\xb9\xec\xd1\x12\xf9\
\xea\x14\xe7\xdd\xd0\xc1\xece)\x8e\xee\x8d\xd9\xf9\x8b\x0a\
\xa5\xcd\xfb\x8d\xaa\xa1\xeb\xdc\x02\x8b\xaej!W\xa8\x12\
\xdam<\xff\x83IR\x9f\xf8\x19\x1d:\xe0\xfc\x8dw\
\xd1}Q`N\x9c\xe9\xc0\x17\x81\x86\xb8B3\xa3#\
6$\xa8q\xa5\x06zk\x02ykW\xe4\x98\xf5\x92\
\x99\xcc\xbb\xd0ar\xac\xc8\x13\xef?\xca\x87\x1e\xbb\x9b\
/\x5c\xf6z\x86'\xa6\xb0:\xda\x89\xcc\x8c\x8a\xe9\xc1\
\x9cu:\xdc\x0c\xa0\x0a\xf1\x1br\x22\xb8\xb3-?\xdc\
2\xf2\xc5O\x18Y\x8ag\x8f\x8c\xed\x8dg\xcc\x5c\xa0\
\xa3X[\xcd\x8d&\xd34RB\x93\x5c%Pq\xfa\
\x98\xd6\xb0\xa8\xb9\xc2\xb0H\xcd\xd4N\xda\xfe\x1dM\xb5\
\xec\xf2\xabo\xfa\xc4\x9eh\xe8e\xa7\xc7&\xb8N\x13\
i\x92x\x09\xb4\x95Q\xb7&y\x13\xfd\x7f\xacE\x0c\
\x97\xd0m\xa2V\xf3\xa58\x96\xc0Y\xdb\x91S\x12s\
\xc2\xeb\x1bYy\xbeGP\x13\xc4\x91\xe5\xe0\xf3\xe3\xf4\
\xad\x8b\x99\xc8\x06\xe8'70&4o\x04S{\xaa\
\xd0>J{\xa3C\xcf\x87\x1a\x89D\xea\xaeB\x93W\
x\xe3Sx\xa3r\x1d%\xcexO\x13\xe3[}R\
\xdf\xba\x8dZ\xc1a\xf9\xffj\xa3w\x85\x85W\x09\xcc\
\xf0(C}GF\xbe\x0bq\xb5~\xf5\xa2\xf0N\x12\
KW\x0a\xf9A\x09\x7f4\xa2#\xa7y\xc9m\x1d\xdc\
{E?\xaf\xdb\xf0$\xdf8\xf3\xe2$v\x0a\xa4\x16\
\x9f/|\x9a-r{\xcb0\xc1Rw\x88r\x19m\
\x1aAj\xdeS\xf2\x12F\x96\x12\x0d\x0clQ\x8b\x97\
\x5c&!;.dL\xe0E\xda\xf6\xcdN\x8c\x13\x9a\
\xc0\xe8$\x13\xf9\x88\xec\x0aS\xb46\xc5t#\xb0\xa4\
\xe6k\xb6\xdf\x12Q\x164\x896%\xc0\xe9\x16\xa5\x17\
\xa3\xcfiy\xb8\xc6\xafKd\x93\xef\x93\xa6\xa4\x84\xf1\
\x94\xaf\xb3\xe6|\x85\x0c-\x99B]\x96\x22\x9e\x8aP\
\x8d>\xe3\x07B\xe2Q\xcd\xe0\x8av\x18\x9ddwU\
#\xfa\x0e\x7f\x5c\x18\xca4\xfeD@\xd8?\x91\xc4&\
s\x8a%\x93\xce\x90*X\x04\xd5\x00=<E\xae=\
aY\xddR\xc0\xde;\xa7\x989\xc3!\x1a\xb7\xd0N\
X\x9f. \xcb\x22.T\xdec\x22K4\x9d\x9e:\
\xa2*\xbb\xc4\xb2\xb1\xd39\xaa\xe3S\xe4\xac\x11V\xfc\
M\x13\x93/}\x8a\xe3\xc7\x96\xf3\xbce\x91j\xaf\xe1\
\x0bIX\x9f\xf2kx\xad\xaa\x87\x9dq\xf1l\xdbR\
S%\xac\xc9\xa9G\xeaU\x06\xd0\x87\x07\x9f\xb4\x86\x86\
\x88Z\x8bJv\xa9\xd5\xd2\x84.\x0f\xd4\x8b\xe7\xc9\xdc\
\xbb\xdf1:\xc9CJ\xc6\x12PM\xe3E$-\xa7\
\x16\xcd6\xcc9=\xc5\x89\x1fi`\xdf\xcf=F\x9e\
\xab\x11\x1dM\x06^\x98F\x15[N\x8cT\xb3\x92\xc2\
\x88\x9d\x91\xca\x94\xa0\x9f\x84\xdem==\xc3\xf1\xef*\
\x18\xd7\xb7\xf6\x1d\x03T7\xfad\xb3Ig\x8di\x11\
\x92q\xc5\x02ke|L\xba`\xac6\xdc\xd8A(\
HG\x12\xb7\xd86\x0b_)g\xb8\xe3o+L\x0e\
\x04\xcc?;\xcfE\xef\x8c\x89\x03\xf9Y\xcc\x91#)\
v\xdf2\x8e.v\x13\x96\xcb\xf4\xaf\x0b\xe0CY\xd2\
\x05\x91\xde\x88\x5c%)\x1d\x1e\x0b\x06\x12\x0d\x04.\x1b\
\xcfXw\x93\xf5\xee\x82T\xce\xc2\x9b\x0c\x98\xb9,M\
vF\xc0\xd2C\x87x\xbe\xb9\x1b5>\x81\x12\xd9\xbb\
\x8cr0\xdb\xdc6'\x91\xa6&\xad\x95e\xa9\x89\xc9\
\xc1\xe2\xe6=\xcf\x8eN\x1b >|d\xbdu`\x7f\
\xa8ZV::\x92\xba\x5cQ\xa9\x81!C\x17\x1c\x93\
\x11\xd7\x97\xbe~ I\x19\xa5JraF1`\xc5\
\xc9n\xb7a\xf1\xf9\x11\xcb\xce\x13\xce$Oe\xc47\
\xde\xcc\x919B\xb2\xd8\xa6\xf0!Ro)\x8c\xd8X\
\xa2)\xb5m\xd3:\x94\xc9\x89\xdcd\x8cts\x8e3\
\xbe\xdc\xc6/.\x1e0\xaa\xf5\xfa1K\x08=\xe1\xfe\
\xa4\x8eoK\x0bR\x8c'jhi\xe40\xe7'\x99\
\x11\xebG\x15F\xef\xf7(\x8f\xc0H\xcb\x94i\xb8\x8b\
\xa57 \x9f\xe2\xa1\x1b<\xb2{bn9\xf5\x14\xe6\
I3\xc7c\xeby\xe4\xe7Y\x96\x1e\xaf\xf0J\x11Q\
 \x02\xe1$\x08\x09J3\xbd\x0d\xa6Z&:#i\
\xb1\x9a\xae\xac\x05\xd8\x8e\x85\x9b\xcb\xf1\xcc\x9d1#\xfd\
\xa0\x97'X_\x88D\x19\x04\x22\xd4\x8cx\x0fY/\
I\xb8\xa2|N\xe8H\x9b xt\xf4\xc7\xab\xcd\x90\
\xa7D(0\xe4\x1e\x88\x8e\x0eoQS\x95\x95d\x5c\
\x1d\xa7\x5c\xa5\x1a\xf30<\x9ed\xc6\xc7<\xb9\xd1F\
L\x0f\x92\xaa\xf7V\x99\x08C\x1c\xba\xa4\xb2\x8a\xc1\xa7\
\x22\xb6<\x5ce\xd1B\x11E\xd947\xc8\x02\xd5\x91\
\x8e\x88V\xa4iN\xac$C\x98\x22\xd1\x82Z\xa8\xc0\
!\xae\xf8TdK(\x85w`\x84\x9e\xc5-t\x9d\
\x9f\xc6\xaf\x05(\x95\xafO\x7f\x89\x8dT\xc4\xb4)L\
\xef\x86\xfa`\xa7\xe9\xc9[u\xc2\x83\xa6\x9cE\xc3X\
\xcc\xec\x13\xa5\x13A#@\xe5\x89\xdf\xc2\xd8\x0f\xcb\xd0\
\xd4\xc5\xc3\x8d3\xd9\x90oc\xc9\xe0>\xc6\xde3\xca\
\x93r\xa0\xea\x12\x14c\xef\xfa\xd0,\x93$&\xc4\xea\
\xb1\xcd&/exIIe$i\x1f\x84\x8c\x9bg\
]G\xaf\xf9c\x99O'~^\x12Z\x99OdX\
\x05\x91wZ\xb6R5O\xa9j\xf5N\xb3\x9d\xb7\xb4\
+\x87\xf3\xaf\xb5Y\xbb:\xd4\xd5\xee\xbb\xd4\xe1\xc1\x95\
jAo\x8c\x17X\xaa\xab\x0d\x0c\x1aJ\xde\xa9\x19%\
 \xca\xa2if\xd3\xc0\xfc\xa8\xde9\x93,D\xe8B\
&\x0a\xd9}O\x9a\xe3\xcf,\x12L\x96d8\xd6\x8b\
\xf4\xf8ij%i\xc4\x90m,.A\x99\xae\xa7\xe4\
\x09\xea;\xd8\x86\xc8\xb7p\xf2!\xad+4\xbet5\
\x1ax\x22\x06\x94\x92a\x924\xc9\x8e\x94\x95H\x02\xbc\
|-\xbf#\xb0U\x11\x85\xb61\x9c\x5c|\xdb2\x17\
\xdb\x0e\xd9{\xc0\xe5\xe9\xd5%\xe6\x84.\x7f\xbb\xe0,\
t*\xcd\xa8\xca\xf2\xe5\x15\x97\xf2\xb2\xfe\xad\x14*\x15\
\xac\xb46\x99\xbb\xc9\xca\x05\x08$!\xd9D#\xc9s\
M\x91V\x18\x03q@\xca\xa6\x12\xdb\x92\xe1P\x9e\x9d\
\xe1\xb1\xf6\x85\x1c\xc8\x16MSG\x1c\x8bL]\xea\xb6\
\x81q?V\x10\x12\xb75\x09\xa8\xb2\x19\x1b\x1f\xd5\x07\
\x86\xef1o\xe2\xba\x0b\x22\x87\x0b\x88YkH\x9f\x9f\
\xea\x83\x07>\xa1\xbaZ\xedX\x08\xb7l\x06\xab\xa3\x19\
-\x99\x9c\x0c\xd6\x13\xab;\x12\xd4\x12\x8c\xac\xe5HZ\
\xa9d\x9e\x9b)\xbeX\x86\xbeq\x9d\x02}?\xa9p\
gW\x03\x8bNw\x08'\xa02\xa6(\x0f\x87\xa4\x0b\
\x8a\x93\xae\xccbE\x22A\x81\x81\xfd)\xb6>T\xc5\
J\xc9\x90\xd6\x08\xd7\xb1\xc8\x14lrm\x0a2\x01\xdb\
\x7f\x13\xb2\xe8\xa5\x02g\xc5mMw7\xd6w\xe61\
\x1f=\xbd5\xeb\xdd\xc7\xa6\x88\x1f\xa3k1\x99\x9e\x14\
]\xc7ET+\x0e\xf7\x7f%\xa0\xe5\x88\xcf\x9a%\xe7\
\xf0|\xf3L\x90\x96&K\xd1\x9f\x9e\xc3\xb7;g\xd5\
\x13\xc1\x7f\xed1\x1d\x00_\xf4Z\xb6EKm\x8a\xf9\
G\x8e\x90\xf1<\xb6t\xf70\x9a\xca\x9bz\x89\x196\
+'R\x12X\x01)\xb26\x8eE\x9cMGJ\x22\
a\xe0\xffZ\x7f\xe7\xa3\xc3\xd3M\x91N\xd2\xb9}\xad\
\xc5\xfa\xd5\x9b\xf4\xa9oxL\xf5\x0d\x9c\xcf\xe2\xb9\x11\
~`\xeb\xcev\xac\xf1)\x19!\x7f,\x0a$\x89U\
\xf2\xa1\x05\xef\x18n\xc75\xf02\xe7\xc5<\xdc\xb1\x9c\
\x05\xa5\xfd\x0c\xfc\xddQ\xb6\xd6\x91\x90i\xfe\x93\xaf\xbb\
|\x96]\xaa(\xa4\xb4)r\xf7m\x0bx\xe8\xef}\
\x9a\x93A\x8c\xe6\xb8\x0b\xf2A\xc6\x9f\xb95r\x95\x10\
+%\x83=\xa6\x07\xfbE\xf5\xdf\xaaK\xc6\x93\xd6K\
\xb3C\x13{\x98\x81\x14\x89\xb3\xacB\xd3\xc5.\xc5n\
\x97\x07o\x8c)\xff\xaa\xc4\xc1Y\xcb\xb8\xadg%\x05\
\xd7b\xc9\xd1>\xec\x8aO\xcaU\xd8f\xc8\x87\xc4;\
\x8d\xa4B\x09\x04O\xe6S\x0bA':&\xe1\x89\xe4\
=K\xdfZ\xd7\xe8\x10K\x0el\xa6\xadi\x82t\xa3\
\xcd\xf8\x839n?\xe7*\x1em\x9co\xa6\x08\x98`\
m\x9eCF.Kq\xabE\xe8hKU\xaa\x82~\
n~q\xa7v\xd2#v\xfe\xc3\x16k\x89\xb1S\xdf\
\xd5\x87\x07/\x10\x1d\x8f\x88J\xcd\xae\x9f\xd9\x89\xb5\xe7\
P\x92\x98\xd5\x93\x8b\xa4\xfc\x97\xec\x0ece[\xa2\xbd\
6j\x80\xbd\x99Fn_\xf1\x1a^s\xe8y\x8a\x13\
\xa3\x86g)5\x14Xzx?\xcd\xf9\x09\xf1\xe2\xf5\
\xf8!-C\x11s\x5c\x87\xfb\x8f\xbf\x98\x86J\x993\
wm\xc5\x0b\xc7\xc8\x066\x9b\xe6\x9fJ\xee\xc80n\
\xb0\x93X\x89NMPP\xbd\x9e`\x88\xb3\xe4\x0d\x88\
\xbbH\xce\x82l\x129\x9b\x09\x9da\xfegK2\xa5\
\x98{R\x81]\x0b<Z\x0e\x1e\xe5\x94y\x13\x9c\xb6\
w7\xa7\x0e?IfN\x86\xf8`h\xd0J2\x9b\
N\x16<\xd9ff\x83M\x1bU\xe0\xa8\x12\xd0\xa0L\
\xc7\xa6\xdd\x0e\xcdold\xfe\xab\xba\xc8\xcd\xb0\xd8\xf0\
\xcd*\xce\xdf\xde\xc1\xd8eofs\xbe\xc5\xc4\x0c\xa3\
'\x15\xe5\x83\xeb\x12\x15r\xb1Y\xc0\xf2\xd4\xe6\xe8\x81\
M\x0f\xd7\xdb\xc2\xe2\xdf\x19`\xed\xdaD\xfd\x98\x9e\xfd\
s\xed\xed\xdf\xad\xf6\xf7\xcdW\xc7-\x8eu\x10X\xba\
\xb1\x80jk\x82\x81\xe1$\xb1\x10.'I`\x8fM\
\xa77\x17\x1c+<\xad8\xa12\xcc\xa2\xcd\xc3\xc4S\
>;\x9b\xda8R,RI\xa7\xe9\xac\xf6\x91\x9d\x92\
E\xca\x1a\xf8*\xb1#\x0a,\xc6\x02\x9f\xe5\xcf?O\
.\x9a }\x8a\xc5\x9276\xb3\xfb\x96I:\x9f\xdb\
@^e\x08D\xd5<\x9dA\x1b\x8f\x9c\xb4Y\x188\
`N\xa2\xbc7\x936\x1f\xdbUb`\x19\xac\xd8\xff\
H\xc0\xde\x0d9\xe6\x1fW\xe3\xaa\xdb\xdb\xb9\xfb\xf5\x87\
x\xdb\xba;\x09\xbd\x80\xd6?\xcfr\xc9W\xdb\xa9\x1c\
\x91\xe4P\x80\x81,\x9a\x5c\x9f\x18\xd0\x90\x12\xc9\xf3\x1a\
+$\x83\x5cmK\x1a\xbd\x05\xf9h2\xb6O01\
\x81?\x14p\xde\xc7\xdb\xa9\x1d\xf6y\xd5\x8f\x7f\xcd\xfe\
+\xdf@\xd9 g\xe9\xba\x0c\xa0\xb5(\xa8Ov\x8d\
\xa5j\xde\x0dz\xfdw\x02\xae\xeb\x96u\x0f_\xdc'\
\xac9\xff|\x87\xb5\xabk\x5c\xf0\xaeo\xe9\xb1\xa9/\
\xa9\xfe#\xb1\x9e\xd9m\x82\x89\xd4\x02,QJHF\
\xec:F\xf5\xf5\xbb\xee\xf2:\x14\x0d\x145\x05K\x0e\
o\xa0e\x05t]\xe12\xf0THu$9\xb6\xfe\
L\x97\xb6\xb3s46\xc4\xc4\xd2\x22\xe4kzOh\
\xe4\xc4w;\x14\x1b&h=\xa3@\xef\xe96\xf9\xa6\
*\x0b\xcfj\xe6g/\x19'3*S\xd4\x13\xa9\xcb\
\xb1\xa1\xb4\xf5\x1d/s+\x8e\x91fI\xe1\x02\xb4)\
\xac&\xe5P\x81\xf3C!O~\xd7\xa7\xf3:\xe8(\
\xd6\xb8\xe4\xfbm\xdcq\xa54\xf9i\xfc\xe1\x14\x0c\x95\
\xc8\x8b(@\x92&Y!#\xc6\x92\x8a\xbd\xb8\xb24\
\x96%\xa7\xae\xee~M\xd5\xcfO\xaas\xb54\x15\x91\
<J\x96k;x\x07\x879\xe9\xc3\x0d\x0c\xfe\xfa \
'\xef\xdf\xc3\xda\x13NI\x06\x9a\xa4R\xd3\xbb\xdfR\
S\x93G\xe2#\xdbo1\x16]-o&\x19\xff\xfd\
\xbbF\xed\xe9S\x10\x96\xbe\xaf\xad\xdcG8\xd0\xd7\xa5\
\x8a\xc5X\xa7e>M\x0c\xb3{\xb0v\xedKT\xf3\
\xc7\xda\x8c\x13Y\x89\xd9\x8cf\xd0\xb6P\x15\xa0\xe7\x16\
8\xf7\x1f\xd2\xa6\x7f7\x90\x01\xad\x92@9\x0e\xb9\xbc\
\x22\x9c\x90\xe6@\x08*\x01]\xb3J\xf4\x5c/n\xc3\
E{S\xf8\x93!\x13Gbf\xccU,~s\x9a\
-\xff$\x98\xb3\x8e\x09\xeb1@$\x85&V\x98\x7f\
\x7fQ\x86\x98\xb4\xb5\x1fcT%\x03\x8e3yF\xee\
\x99d\xe4]\xadt\xb4\x8f3\xa3\xc7\xe1\xb8\xf77\xb2\
q\xf5\x04#[c<\xcf\xa6A\xe6\xac\xd92v3\
1\xc2\xb4\x84Wd\xeb\xd2]/\x19\xb0\xbc\xa2t\x09\
\x99\xea\xaa\x0c\x925\xb9\xbee4?\x92*\xd5&#\
Zf\x94\xe9\xba\xd8b\xde\x03\x07Y{\xe2)F\x8e\
\xc3\x8c\x0eC%('\xe5\xa8\xf2\xe8\x97\xf5\x0f\xbf:\
\xcemg\xff\xde\x80\xd7\x17\xcf\x8a\xd0\xacZe\xb3\xe6\
\x961\xce\x7f\xd7W\xb4\xb6\xff\xc1\xde\xb37\x8e\x97/\
5\xca\x05-0t\xf6L\xdc\xbe#&\xc0L\xc3P\
IT\x04\x06\xca\xe9\x8djPT\x8a\x81{+\xecz\
\x08f\xce.\xe1h\x0b\xdb\x95\xc9\xb5\x22\xab\xb4L\x07\
\x8c\x19\x09\x19[xS\x1eQM\xd4f\x92\x1fH\x13\
\x9cc\xd0Pu\xa8\xc4\xc2K\xd3l\xfa\x9a\xc83%\
`\xd4[Y\xb5#\xd4]r\xee\x8c\xaa-)\xf6$\
\xff\x94\xfc\xdet\xbe\x11i\x8b\xed]\x0b\x98\xb3\xff9\
\x8el\xaa\xd2su\x1ao\xdcc\xf9\x95)v~\xd3\
\xa6\xb47\xe6\xe9\x9f\x86,\xbf\xd4\xa66\x1839\xe4\
Q\xad\xd4\xab\x80UM\xfb\xe2\x14\xb3OL\xfa\x07\x04\
\xfdmz\xc4b\xa2\xdf'\x9d\x16\x08\x1c\xe2\xe4lr\
\x0dPl\x8e)\x14-&\x862\x0c\xed\xf3HI3\
\xafHS\x1a\x0b\x84\xd9\xb4\xec~[O\x8c\xef\xd2\x9b\
\x9e\xb9\xc1\x8c\x02J\xee\xda\xf4\x07Ax\xfa\xb1fM\
\x82\x88\x82C\xdfB\xa9\xbf\x88\xc7\xbcY\xd6\xc1Cq\
<\xab\xd72\x05w\xe9\x85\xed\xe96\xfe\xdbhd\xcd\
\x7f\xe4\xa25\x81\xce`\x87\x15^\x98\xb1\x82\xee\xfe]\
<\xfb\xd3\x98\xb9\xff\xd0dh\xda$UH|\xbem\
\xc9 m\xdf$d\xb5J\x03\x87w\xc7\xf8\x22U\x09\
B\x8a\xad\xd083M\xbe\xd1\xa1\xd0\x22\xa0M\x1a\xc4\
e\xda\xe2t\x1e!_\xd7I\xefz\xc7\x8a\xcc\x0a\x92\
\x80)\xc3\xa0\xa6\xf7\x91\x19\x16\x18E\xec+\xb4\xd0\xad\
\x0aTv\x8b+\xcb\x99\x80\xdc\xd4\x16\xd2vN\x86\xa3\
w\x94Y\xff7c<\xf1\x0fFok\xd0ZR\xaa\
1\x93\x959\xe9\xaf\x22\xe6\x9d\xee\x12\x94\x15n.\xe6\
\x99[&\xd8\xf5\x9b\x88\x9c\xe1\xfe,\xd2\xa2\xf5\x11\x1d\
\xc1LE\xe3\x1c\x9b\xa9I\x9f\x96\xa74\x87N\xe8L\
bUG\xb3\xe4\x01\x1a'm\xd9\xa5\xa9\xbf\x8e\xee\xfb\
\x972\xef\xbc\xad>\x91\xe4\xffd\x00s\x0a\xb6Z\xac\
Y3e\x9d\xff\x8eO\xc6\xe9\xec-\xf1\x81\xfe\xc8\xca\
\xe7\xad\xd8\xa4\xd6\xbe)\x8c\xab\xb4\xcc}0-\xccu\
\xb9J\xd2\xe1\x98\x0baC\xbe\x93\x81\xb9)\xb2\xb7=\
\xcb\x8d\xda\xa2\xb3US\x1a\xc2\xe4\x01\x8e\xb2\xb8\xfa\xf3\
\x12\x07B\xd2\x0d\x16\xcf\xfd6d\xeb\xa3\x8aK\xff\xba\
\x95\x03\x1bj\xdc\x7fC\x0do\xccc\xee\xd9\x01c\x03\
\xb6\xc8\x8f\xb0RIs\xc8t&.\x95\xb3c\xdf\x8a\
\x0b\x9cFF\xc6_\xff\xee\xc6>\xa2\x5c\x18kl\xa1\
\x96\xca\xa1\xcb\x93\xc7\x5c\x99\x9b\x8a\xe89\xd5f\xf0\x0e\
E\x9b\xd4u\xbb\xd2,yo\x81\xfe;*xO\xd6\
hqe\x9c=\xa2\x1e7.\xcfDt+Ek.\
I\x07\x93\x86\x9a,\xfb\xe6.\xa5ur\x98\xce]G\
\xa8\xec\x12(]eG\xe7\x02\x1ej\x9f\x8f\xdd\xd1$\
\xe71\x92\xf2\x97\x1a\x1f\xb9'\xfa\xfa\xc7~\xce\xaa\x7f\
}\xb6\xf4\xff>\xb6r\xcd\x9aH\x5cQ\xbc\xe6\xc6[\
9\xef\x1do\xd6\xa9\xecK\xf4\xae\xbd\x91Z\xb6\xc8\xd6\
R#\x96b\x83\xa0u\xf3T\xf5\x22\x8a\x98\xc2J\xd8\
MW\xc5\xdc\xd5\xbb\x82\x13\x8f\xee'\xb3f\x98\x83\xc7\
\xb8E\x8b\xb8\x10\x10\x04^\x82\x80d\xb6\x90\x0a\x98\xdc\
\x14\x93\x22\xcd\x85WkN\xba\xb4\x81\x9f\xbf\xb7\xc4\xfa\
\xef\x96Mn \x95Z\xa9\xa1&L\xf84\x0fP\xdf\
)\xd3\xb3\xa7\xc5\x05\x9a\x91?\xf5XTg\x10\x85\x0d\
>g\xcbz\x5co\x8c\xd8\xcd\x9a\x0ez\xcfpI\x16\
-\x0b\x04\xf3C%\x86\xd3\xff*\xcf\x19\xefSL\xbe\
\xb6\x89\x87\xbfP\xa5\xff[\xe3F\xce\x18\xcb)7\x9c\
C\x02\xb9\xa3\xb2\xa2\xe1\xb84\xa7~\xba\x99u\x7f5\
B<:\xcc?\x9cx\x11\xad\x93\xe3\xcc\xa8M0\x91\
\xca\xb0)\xdf\x8eZ0G\xd8d\xa1\x9c\x15\xb5R\xc5\
\x1d\x1a\xfb\xa0/\x17u\xddu\xfa?>7t\xcd\xb2\
z\xceU{\x1f\xa46\xc4\xdaj\xb0w\xec\xd6,Y\
\xa0\xc4\x08\xd3\x12\x13#\x197Y\xea\xef8giy\
\xab\xe6\x0a\xfc\xfdq\x173\xaf2Fc\xec1\x9e/\
r\xc2\xe0\x11.)=c\xf0\xbfA\x14\x925\xa7\x14\
\xfe\xde\x80u?\x8a\xb8\xe4]5\xb2\xb9\x12\x97|*\
\xcb\xf8\xe3\x16\x8d~L\xc5\xe4\x0b\x12\x04\xeb\x8d\xdcf\
\xaa\xca\xb1\xa8[?\xb2\xc9\xbbp\x5c\xc9/\x92\x93h\
6{\xb3\xe2\xf8\xd4.\xfc\xa5i\x16\xbd\xa6@X)\
%\xd57i\x02,Hb\xa5\xc9t\xa5Xp\xb1\xa2\
\xb2m\xdc\x14b^\xf6\xb7\x05\x1eo\xc9\xf0\xfc\xe7k\
&.\x1d\xe3\x96$\xcb\xf7m\xb2\xb3-NyUH\
CC\x96\xb5\xaf\xd9\xcf\x9b\xb6?\xc5\xd7\x97\x9d\xcb^\
\xafh\x12@K\x94{\x9d\x1dh\xcf\x97\xa8\xed06\
\xf2i\xff\xe6\xd5;y\xf9r\x9b\xd5\xab\xff\xd5\xd1\x95\
\xd3\xd3\xc3\xfe\xe0\xb1:f\xd5*\x8bG\xffe\x1f\x81\
\xf7QRi+\xf6\xc2H\xed\xdagJk\xd2\x80f\
\xb2aS\xb2\xabceQ\x90\xc9\xce\x11\xf2)\x97c\
\xa2\xb9\x95\x0d\x9d\xf3X\xdb\xb9\x88\x8d\xcd=\x0ce\x1b\
\x8eu\xc6\x9b\xaeE\x19\x19\x16\xc6\x14\x856\xdf\xee\xe3\
4\xba\xa4S\x8a\x83/8\xf8\xd5$\xb35,\xe2\xb4\
o\xac[9\x8e^t\x17\xa5\xe9%\x92\xaeG7\x09\
\xca\x02\xca\xb4\x07\xf6\xe2\x14\x97\xfe\xb6\x937\xdc\x91g\
\xe6\xc2\xaayN\x03\xc6\x1dEu\xc21\xbb\x7f\xce\xab\
R\xb4v%\x1d\xa0\xc2\xa2F\xa3\x1e\xa9\x19i3\x13\
Cb\x8d9M\xc2\xbc\x86\x12|C\x06\xd6\xfa\xec]\
[a\xf1\xc9\x15\x8e\xffr\x81\xf9\x03[x\xd9\xf0^\
\x89\xc4\xa4{g\xa0\xe6\xf4\xa2\xab\xb5\x88T\xdaa|\
\xe4\x01\xbe\xf9\x89\x7f\xaaOE\x89\xff\xf8\xc9\xb9uW\
\xc4\x9a\xef\xdd\xc8y\xef\xb8\x92\x5c\xc3\xd5\xba2\x15Z\
{\xf6;\x929\x1a\xb7`\x8a\x15\xc9\xe2XqH5\
\x82\x936?\xc7\x8c\xbd{\x8c\x92.\x15\x87dC\xd1\
\x14\x87\x14\xa2*\x13E\x87\xb4L_1}\xb96^\
E1\x16\xfad\x8exl\xbe\xdbep\xb7\xc5\xc65\
%\xf2\xcd\x0e\xc1X=\xbf\x90+\xac\xbf\x8e\x99\xc0(\
\x0c\xaa\xb8\xb4:\x13j\xb8\x96P\xfa\xd8$6$P\
\xd8)h&\x9e\xf0x\xe2\xdb\x1e\x97\xbc\xadJ(\x94\
\x86L\xda\x0aE:\x0f;\xef\x0apl\x9b\xa5\xd7\xb8\
R\x1c'\x8e#R)\xc5\xe1\xc3\x19\x1e\xf9R\xc5\x04\
\xe3\xc4\xb1%\x9d\x92\x86\x12\x97cU\x8a9\xf4\x94m\
\xe0\xecIW\x86\x8c|8\x8b\xf7\xe5\x8784g\x01\
\x1b\xe7\x1e\x87\xaaTc\x5c\xd7R\xa5\xd2\x88\x1e\x1c~\
\xbb\xe1\xad\xb7l\x99\xe6\xd2\xffH\x03\x1csEZQ\
}\xf3;p\xdd\xe3\xc8d\x17\x04\x95Z\x1cW=K\
:>\xcc\x94\x91\xe9\x04\xc9\x8f\xb1\xe7\xb9\xbc\xe6\xed\x93\
\xf8\xe3\xe3x%)nD\xa4\x0b\x1a7ca5d\
\xc9\xcdj\xa4\xb1\x18\x22\xd3.eL\xcc\xd2\x8b\x0b\xb8\
\xa9\x14\xbe\xafe\xc4'\x0d\xb3\x14\xaf\xff\x96G\xd3\xfc\
\x066\xfdK\xc0s\x9f\x9f\x14\x0dS]Y\x91\xbc\x0f\
\x91~'E\xb8\xfa\x8d\x19L\xc1_\xf8y\xf1W\xf5\
\x80\xac\x14E\x1d\xb3\xef\xfb\x15\x86^\xd6@W[\xd9\
\x9c\xa8|[\x9eu\xb7i\xb6\xdcRf\xf1e\x19\xba\
\x17kjG\xc48\x92\xc5\xe7\xb9\xe7\xefk\x14\xf7\xcb\
\xd0\xe5\xa4\xaf7I\xee\xe4\x08(Bm\x91%\xe6\xe8\
}>\xde\xabm\xd4@\x95\x8b>\xdcDe\xcf$W\
=x\x0f\x07\x16.\xd6\x13\xd8Z\xc5\xb1\xa5\xc7\x87\xdf\
\xca-\x7f{\xc0\x04\xde\xd5\xff\xf6\xfd\x04\xfe\x9d\xd9\xd1\
\xe2\x8a\xb6\xda\xacY3\xa2\xcfy\xcb\xeb\xc8\xe4\x1fU\
\xa9T\xdaR*V\x02GLL\x9c.\xa4\xc7\xd4l\
\x8b\xf9WX4\xb4$7N0E\xed\xfaB\x89\x06\
H\xb2j\xaf\x14\x9a\xeaXP\x8bil\xaap\xfa\x1b\
\x92\xdf5O&wF\xadD\xf8\xe5)\xce~\x7f\x86\
\xfd\x0f\xbaD\xb5\x84\x1aH\x12\x8fd\xca\xee\x8bg/\
&\xa6\x11\xa2\xa6\xee\x9a\xa6\xf5\xc0Rm\x1b\x0ax\xfa\
\xb6*\x97\xbd'\xc3\xe4\x80\xc5\xfao\x86l\xfen\x89\
\x82\xa39\xfe\xfdiTM\x8a/2\xef5\xcb=\xdf\
\xb2(\xff\xa6\x8c\xd3=\x87p\xe0(\x96\xf4\x87\xd5\x9f\
P\x92.\xed\x09\xf8(0\xb5]f>Xtv9\
\x04CS\x5c\xf0\xf9\x1c\xd5+\xf6r\xe1c\x8f\xe8;\
.\xbf\xdav\xfa\xf6\x7f&\xfc\xfe\xb5\xbf\xe2\xdak\x1d\
V_\xf3o\xce\x8d\xfe7b\xc0\x8bO\xc1\x9a\xc8\xd0\
\x14\x8f\xfdp=A\xf5\xedRCL\xb8\xae\xba\xe8\xd3\
\xf8\xc9\x18;\xad(m\x8dx\xec;\x11\xc1D\x85\xc9\
\x83S\xd4\x86\xcb\xd4F\xab\xd4F\xaa\xf8\x132\xac5\
64\xb4\xdc_\xc6\xcd\x08\xb7\x1fP\x19\xf6\xa8\x8c\xd4\
\xa8\x8cz\x94\xc7j\xa6\x8dH\xf4\xa1V\xadD\xcfY\
\x16\xbe\x99XRG7\x86\xbf2\xfe\xe0X\x0c\x90\xd7\
7\xac\x84pD\xf5\x1d+\xf1\xc9\x8f\x05\xd7k\xf6}\
\xb3\xc2\xd7/\x1f\xe7\xe6\x97\x8f\xb2\xedk\x934Wc\
z\xaf\xce1\xffT\xa1\xc8=r\xc5,O\xdd\x9ff\
\xf7?\x8f\xe1\xe6\x9bY3\xfbt\x5c!\x0a]\x19q\
 %H\xa1\xd9\x15v\x183\xd20\x83\xd2d\x9e\xe1\
\x17b\x9c\xbc$\x95\x11\xc5l\xc0\x89\x9f\xcdF\xa7l\
^g\xcd\xd9\xb3\xed\x07\xe1\xf7?\xf3\xb9\xf3\xcf\x97\xc5\
\xff\xd7\x83\xee\x1fo\x00y\xac]\x1b\x22O\xba\xf6\x07\
\xb7*\x15\x7f4\xb2\xacH\xba\xcc\x8eqU\x92\x96G\
6\x05W\xb3\xf9\xe6\x90\x03\xfb\x8ad\x8b\x19\xc2\xc0\xc6\
/Y\xd4&\x1dJ\xc3.\x93\x030\xdag1r\x10\
F\x0e\xc1\xd8\xe14\x13\x03.c\x03i\xc6\x8e\xa4\x98\
\x1aq\xa8\x8dK\x87\x89bb\xb4\x81\xbe\xf5\x0e\xe9\xd4\
t\xc9^\xbfh\xb1e\xad\x93\x92U\x12'\xa79\x9b\
\xfa\x9e\x90v\xd4\x18\xf66\xcdb\xb0u>\xeah\x0b\
~z6\xddn\x0a\xb7\xd1\xe2\xb4\x0fe\x09\xc7Jd\
\xf3)\xb6oN\xf1\xc4\xf5S4\xeb\x0c_]~\x11\
\xbb\xb2y\xd2\x96\xc6\x95\xe67\xa9\x7f\xd6[eE\x0c\
1X\xc83a\x17\x19\xdb\xe8\x13H\xfd\xd9\xb1L3\
\xf8\xac\xb3-=g\xfe0\x1f\xfc\xf1\xe7\x1f\x93\x9dr\
\xc1Z\xc3\xf3\xe8\xff\xde\x1b8\xac]\x1d\xaeb\x95\xbd\
\xe6\xae\xaf\xfcc\xb3v_\xa1R\x99s\xcde\xc9\xd6\
\xb3Dj\x12\x9b\x96\xd5\xb6\x89\x80;\xde]\x22\xd7\x1b\
\x99:\xac/\xb2\x13!\xae\x84\xaa\x08\x92\x88a\xfc\xb6\
9F\xb1\xa1\x16bQ\x8bI\xa1\xccV\xa4\xd3\x16v\
6\xa6V\xab\xa2w\x87,\xbc\xc85M\x0d\x06m\x19\
\x10\x95\xb8 \xe1\xe8M#\xb9I\x02$\x0f1DM\
\xe2\x82l-\xaa$v7\xcd\xe0\xd6\x85'\x91\xd21\
W\x1f\xddE\xc7\xa6C,\xbf\xbe\x81\xee9\x15\x82\x11\
8\xb8\xd7\xe5\x97\x1f\xad\xd0|\xc4gC\xef\x0a\xb2A\
\xc4\x09G\x0f0\x19\xfb8\x0d9sg\x90\xe4.&\
\xb6\xc9\xc2F\xd3\xa2\x00\x0c)\xef\x97)\x8a\x91\xa1\xae\
\xc5%f2\x1e\xed'\xa48\xb8)\xba\x00G}\x7f\
\xf9\x1fq{\xc3?\xeaNz\xcbX#\xb0@YJ\
U\xcdn\xacs\xf4\xf2\xde\xfd\x8a6\x9a\x1eA\x10\x8d\
}>\x95\xbe\xa4n+j\xe0\xba\xca\xc6<\xa6\xbfJ\
\xf2\xd9xzo\xd7\xbf3\xa5\x15\xf3u\x1e?1V\
V4\xf5\xfe\x1f\x88\xbc\xa6\xbfHF\xe8$\xc9X2\
OT\x14\x0c\xe2:\xc4U9Rhq\xd3\xcc\xab\x8d\
r\xd1\xa6\xc7hyE\x86\xd3\xff\xdc&\x1eU\xec\xdb\
\x9c\xe7\x17\xd7\xd5(\xee\x96\xc4\xd0b\xe1\xd86N\xae\
l2\xb7PI\x9d\x95e\xde\xb9\x19\x82\x8a\xd4\xc4\x93\
dX*\x9e\x15\x95\xc2Mg\xf1\x87c\xbc\x9aEN\
'\xb0\xd84\x80\xe75i\x1d\xbfH\x0a\xfe'0@\
\xf2\x172\xdcK\x22A\xa2\xb4\x95\x00\x19\xd64]\xcb\
\xd2\x9c\xf1\xcfy\x02\xe1\xc0\xad\x80\x94J\xe1\xa4eg\
\xc68\xb2C\x0d:\x11\xa1\x92\x8c=H\x86r*s\
\xabG\x19\xec\x9d\x0c\x021\xb7\xa85>\xc61\xd0\xd2\
i\xb6\x98\xb1(\xc0+\xd7\x92\xfe^\x99\xe1)\xf2\xf7\
\xa4\xdcbl\x90\x09|\xa3\xb8\x96'K\xc4\x0cIP\
\x16\x98j\xf8\xbbt\x86Sv\x1f\xc2m\xf6\xb8\xf8\x8b\
3HW\xab<\xb96\xcb\xdd_,\xd1\xbd\xcf7\x83\
fk\x0de^\xb9\xa6\x85bKH\xad\xaai\xeeR\
X^%Ar\xb6EM:\x1bk\x98&lO\xa5\
tuLvJ\xc6\x8ab\xcf\x10\x93\xb5Z\x8e\xe1\x8d\
\x91\xce\x884YGl\xf9\xf7\xee\xcb\xf0_2@\xfd\
aK\xbf\xac\x89 rgky\xc5*\xcb/\x91\x99\
\xa1\xf5\xf8,\xaa4\xf9\xf1t\xac\xac\xdf\x91(\xa9j\
\x09\xab\x92\xe8\x85\xa6\x8b\xfc\xc7b\xaaQP$\x05u\
\xd9\xd9\x82\x8a\xea\x8d9u\xc1\xae\xe4\xdarS\xb6z\
\x1f\xbdP\xd4\x8e\x8c\x96\x137U\xcf\x1d\xe4\xefe\xf2\
\x8a\x995`\x99\xc2\xb9\xd4\xf0\xd7\xff\xbcF\xdf\xb3!\
\xfb\xef-\xb3`Rs\xd7\x92\xf3\x0c\xf1\xf6\xea\xddk\
y\xf2\xa7\x01\x97\xbeU\xd3\x92\xafP\x1b\x94\x13'Z\
\xa7\xa4p\x15y6qYQ\xce[q\xd4T\xb4\xa2\
\x0d\xa8m\xcf\xe8\xf8\xb4s\x0b\x96Ji\xbdn\x8d\xd6\
\x95\xa7\x03ULs\xbbdq\x7f2\x174\xfd0Z\
,C\xff\xd6\xdb\x8f4\xe4\x1a\xe4^\xbd\x9a\xb8V\x1f\
t\xa7DN\x22;\xbd\x1e\x18\x8d\xe62\xe1\xea\x8d,\
\xdd\xc4P\x95\x18D%4rB5$\xbf#\xda\x1c\
\xf9\x9dL\xd6\xc6\xab*\xc2@\x9e\xd7\xccb1.\xcd\
\xad\x17JbS\xaa\x12Z#aA\xe5\xe5\x8c\xd4\xc8\
\x99\x96<\x86<\xd6;\x97\x95\x87;\x19\xfb\xeb\xa3\xc6\
\xe5\xb5e\x9a\xb8e\xf9\xc9\xdc\xd36\x9f\x9e\xda8W\
\xba\x8d\xf8\xdf\x1c\xe3\xa6\xe7\xb3\xbc\xe2\xba\x22]mS\
\x84\xb1t\xc9K#\x9f\xcd\xc4\xe1\x8cL\x80\x8f\xd2\xcb\
2\xf6\xda\xde\x85\x93\xaf\xd8p\xdf\xd8\xa6O\x95f\x1f\
\xb8*\xad\xedIT\xea^\xdfu\x89\x7f\xf0\x06O\xdf\
?}o\xef?\xa9\x01\x8c^5\xb2\xcc\xfc7\xaf\x16\
Sh\xca\xf1\xc4=6\x87\xb6\xfaQ\xdaM\x88z\x1d\
\x89\x0a+6\xaa\x95\xa4\xdb_\x16\xaf\x8e\xd9M1+\
I\x98\x8cZZ4\xa6Q\x84\xad\x92\x1c\xc1v\x93\xc2\
\xbc\xf4\x154\xcf\xcaq\xfa\xc5\x82@'M\x0d!\xf0\
\x8f\x1d\xa9\x04\x9d\xd8\x0a\xdf\xd3\x94JYZ\x95\xdc+\
[35\x91\xa26Y\xc5nO\xe8\x89~7\xc7\x17\
\x8f\xbf\x84\x95SG\xcd\x1d\x9c^\xc8\xb51\xe9\xe6\xcc\
m\x16\xfbRm\xfc\xcdq\x97\xf1\xee\x83\xeb\xe9|b\
?O\xdf\x9a\xe2U\x9f\xb4\xf0F4\xe9\xac\xc8or\
l\xbc\xd9\x0bC\xcfu&2\xees\xe3ms\xde9\
\xdb\xb1F\x8e\x0c\x07\xb7\xd6\xbeW9=\x03\x93v\xda\
\xfa\xee}\xe1I\x9f\xba\x96\xf5\xd3!\x8d?\x89\x01\x96\
\xd7\x07\x98\xb8X\xe3\xc3\xdbU<V\xca\xe9\x99\xad\xb0\
u\x87\xab\xef\xfctEw\x94\x03#o\xb5\x8d\x86\xc6\
\x0c\xa40\xc5=\xb3^\xff\xca\x98z[\xa8\x83?\xb8\
\xe2\xdf}-\x89\x0f\xecd\x82\xa9\x8f5p\xd5\xdb\xf3\
Tk6\xbb\xd6J\x93\xb7\xc5\x88$\x14:\xe6H\xa6\
@\x14\xa5y\xee'!\xdd\xd77\xca\xce\xe0\x89\x9fD\
XU\xd8\xd1\xdaf\x8c$\xaeh,W\xe4a\x913\
\x0aW%\x9b\xc1v\x92\xae\xce0\xe4H\xbe\x85\xcf\xcd\
?\x9b\xcf\x8fO\x92yl\x8c\xe1\x89F:\x9bB=\
:\x9c\xd3ko\x08\xa2\xc9\x9f\xd4\xdc\xc0\xcd\xdd\xb9\xb6\
X~\x9d\xf5\x9d\xbf\xf4.N.\xf4\xec\xa7Z\xdce\
Sm\xce\xf8%\xbb\xaa\xfd\xb0\xde\x5c\xf5\xf4}\x86\xff\
\xa3\x8f\xffp\xb0\x90\xc7\xf4-[\xbf\x93\xb2_\x81\xaf\
\xefT\xab\xd2\xbag\xa5\x8a_\xf8A`\xcf\xd8\x13\x91\
\xce;\xdf\xcag\xdc5?\x9fs\xf6\xab\xb7\x16\xdb\xde\
\x17\xa5\xd3(\xe9\xcb\x97\xa8\x10\x85\xd2\x88k\x0a\xdf\x96\
\xf8W\xd3\xeb\x15%0\xd2\x8c\x0e\xae\xa7\xff\x96t\x96\
'\xb7 \xc9\xc7\x11W\xf4m\xa5\xb1r\x98\xd4kR\
\xe6\xa6@\xe9_{<\xdf\xbe\x98\xaf\x9ep\x19V6\
e\xca\x82\xaf\xdf\xf6\x04/\xd9\xf74\xfe\x85)\xa3`\
\xb1\x1e\xf4\xd9\xd3:\x9f/\x1d\x7f)\xb1\x94\xb0\xe4\x8e\
|\xd2\xbd\xd9\xddaz\xd6\xe2\x03}\xa6\x1f \xa9\x8d\
\x068\xa1O\xd8\xd8\xc8+\x0f\xbd\xc05\xcf\xde\x13\xd7\
\xae\xca\xe9\xd6\x85\xda>\xf8\x10\xc4\xcfy\xa4\x1c}\xd7\
DQ\xbf\xe1\xafG\x98z\xcd\xaaU\xf6\xb25k\xf4\
\x8bo\xe2\x5c_\x97\x7f\xf7\x96U\xffe\x03\xbc\xf8\x9e\
\x92?H\xdb_\xc6\x8b\xdf/\xc5\xa4&\x18\xcd\xe6\xed\
\xd5W\x97\xa3\xaf\x1d\xbb\x867\x5c{\x1e\x84_ \x93\
=\xd38gq\xe2\x92R\x06\x81\x85\x0ca\x95\x9a\xa9\
<\xa6\x83\xeb\x8ba\xe6\xf4-\x045tL\x8d\xf1\xe1\
=\xeb\x989\xd2/\xf3\xda\xd9\xde1\x87\x1b\xe6\x9cJ\
\xa5\xb95Q\x08\x0b\x04-M\xb0\xea\xc0fN?\xb8\
\xd3\xc8\xe0\xb7w\xcf\xe6\xc7=+\xa844\xa1\x9a\x8a\
\xe8\xb6\x16ts\xb3\xe9\xd5e\xcf>\xa1\x8b\x8fI.\
\xe5\x06@\xd2J\x14\xa7Sq\xce\xab\xea\xb7>}\x9f\
}\xe2\xf6\x0d\x8cE\x950\x05\xdb3i\xf5\x8dw\xf9\
\xf1\xb7\x12\x0a~\xba{!\xb9R\xf9^no\xfe_\
\xb9\xa3\xf6\x1fm\x80\x17?\xeekK-*\x86~\xf7\
\xe1\x06v]}\x88\xc3\x12\x80\xd6\xd4\x9f\xf3u\x09\x0a\
\xb42\xaf\xfb\xe4\xdb\xc3T\xfa\xe3:\x95Z`h\xc5\
8\x8e\x84)%\x08-j\x9e\x92E1\x22\xe0\xe9\xcb\
Q/BF\x22h\x95\xb9\x12\xbe\xc7\xf2\xf285\xa5\
\xd8\x9dm6j\x03\x95\xcd't\x84|xU\x09F\
\xe4\x83\x9a\xcc\xddc,\xd3\x80Ul@uv\x98!\
!\xaaV\xc5\x1a\x1a&\x1e\x9b@\x0b\x95.5\x0d\x91\
\xe0\xe7sZ\xa7S\xb1\x0e%S\xacWx\xc6\xc6\x0e\
_~h\xd3\x0d\x1f\xda\xfa\x9b\x9f\xad{\xff\x99\xbbW\
\xaf^kv\xca\x1f,\xfe\x7f\xdb\xe3?m\x80?\xbc\
\x97\xfa\xffvGiCe\xafI\xbe\xbf\xeac\x0d4\
\x15\xde\xad\x5c\xe7}\xa4\xd2s\xcdf\x97zc\xacC\
\x15\xc5\x16\xbe\xaf\xf0\x12c\x08\xa65\xe8\xa5\xde\xafe\
\x04R\x92&\x9bo\x13^\x94T\xc6\xe4\x0fI\x02&\
u\x89\xe4#\x92.\x9e\xc6\x22v!o\xa6|\x19)\
\xb9\xfcM]\xa5\xa6%B\xd9R\xc4\xac\x0b;\xe4I\
Dw$\xd7\x12x\x1b\xed\xd0\xbf);\xbc\xe3\xe6\xa9\
;o\x1e\xf9?\xbe\xaf\xff\xe6\xc7\x7f\xe9\x04\x88\x11$\
0o\x81\xdf\xf3\x89\xbf\xf7\x10JvM\x9d\x92\xbd\xea\
c\x0dVW\xeb\xabbe\xbd\x05\xf4\xf9\xa6\x1d\xd2\xf4\
O\xc9d\xaa8RZk\x15F\x96\x0e|\xa5\xfc@\
\xdcU2\xe2F\xc8\xb9\xfa\x0d\x1dd\x10\x9e@%s\
\x7fH3\x9f\xc2EKw\xa7t]\xd6{\x92\x8d,\
\xd0\x0cK5\xa7I\xe3\xc8L\x1a\xe1K\x04\x0b+\xcb\
@-\xa1B\xfc\xda\x98\x0e\xa3\xdf\xd8\x9e\xf7\xa3\xe8\xfb\
\x9fz`Z|t\xdb\xaaU\xf6\x96\xc4\xcf\xff\x9b\x5c\
\xfe\xffu\x03\xfcQ\xaf\xb3\xea6\xeb\x98!\xa4t\xf9\
\x8e\xcf\x9d\x10\xd9\xeeU\xb1\xd6/C\xeb\x93\x0c=Z\
/\xbc\x9bl\xd8\x10@\xe6\x1biYR\xc7\x9a\xb5L\
\x9b\xd3\x8b\xeeA<\xfdH\xf6u\xfd\xe8LcTe\
\x89pJ\xda\xac\x0cQ%\xa3\x10\xaa\x95a\x0d\xeb\x88\
\xe2_d'JwW\x7f\xb2\xfa\xf0\xb1\xe70\x84\xe3\
u\x89H\xf4\x7fla\xfeg\x1f\x89!n[%\xd9\
\x96>\xf6\xafo\xbb~1\xb6{\xb6\xd2\x9c\xa3\xd1'\
\x81\x9a\x8dm7%;\xb5\x8eV^\xd4\xa4\xf1;\x19\
\xe2\x8b\x84Y\x12T\xa7\x0d2\xdd\xf7\x9bT\xd2\x86A\
oA\xa9\xc7\x89\x82G\x188\xf4,w~c\xe4\xf7\
N\xa8L\xf27\x92\x9c?\xedn\xff\xff\x83\x01\xfe\xf0\
~e\x16\xabW\xffa\xd1B\xf1\xa6k{\xb1\xdd\xa5\
(\x96*\xdbZ\xa4QsAw\xa2\xacf\xd3\xad!\
\xae')\xb1\x9bI~*\xa9SNji\x95\x88\xf5\
\xa0\x8a\xe3\xfdZ\xc5;m_o\x8d\xc2\xea\x0e~\xfc\
\xf9#\xbf\xff\xda\x92\xc2_\x97\xb4\xa5\xfd\xc1}\xbd\xfe\
\xa7\x1f\xff\x1f\x028\xf8\x99\xe2Y\xed\xc0\x00\x00\x00\x00\
IEND\xaeB`\x82\x89PNG\x0d\x0a\x1a\x0a\
\x00\x00\x00\x0dIHDR\x00\x00\x00\x80\x00\x00\x00\x80\
\x08\x06\x00\x00\x00\xc3>a\xcb\x00\x00\x8c\x9fIDA\
Tx\x9c\xe4\xfd\x07\xb8\x5cWu>\x0e\xbf\xfb\xd4\xe9\
3\xb7\xf7\xa2\xde-\xc9\xb2l\xcb\x05\xd9\x96\xbb\x8d\xa9\
\x12\xcd@(!\x10\x1cZ\x12\x12\x12\xc06%\xc4\xa1\
\x97\xd0\x8d\xa9\x06$\x83q\xefE\xb2\x5cd\xf5\xde\xaf\
n\xefe\xfa\x9c\xbe\xbfg\xed}F\x12\xa4\x03\xff\x90\
\xdf\xf3\x0d\xcfE\xd2\xf5\xbdS\xceY{\x95w\xbd\xeb\
]\x0c\xff/>8W\xd6>\x0b\xe5\xb2\xcb\x10\xdc\xce\
X\xf0;\xffUY\xf2\x83\x9f\xb7\xd5\xcd\x9f\xd5\x9d\x8c\
%f3\xdd\x9c\x934\xd46C\xd7\x1aL]\xab1\
\x5c\xafN\xd7\xf5\x04t5\xd0\x00\xa8\x00l\x0e\xd8\xae\
\xaf\xe8\x81?\xed3ds\xae;\xe1x\xc1\x88W\xb6\
\xfa\x8b\xe5\xf2\xf1\xa1\xa9\x89S\x07\x9e~\xac\x1f_\xfd\
j\xf6\xec\x17b\x8c\xe1\x93A\xa0\x1d\x02\xf8& \x00\
c\x1c\xff\x8f=\x18\xfe_yp\xce\xd6\x03\xcaF \
`g]\xe8\xe4\xd7\xbf^w\xc1\xf2\xf3Wdj\xd2\
\xab\x12\x86\xbe*\x1e\x89\xcc\xd7t\xad\xd3\xd4\xb4\xdaH\
,\x0aC\xd7\x11a\x0c\x0a8\x18\xa7\xaf\x00J\x10@\
\x09?:?\xeb\x8b\xa9\x0a\x14\xa6\xc0S\x14xd\x14\
A\x00\xdb\xb2Q\xa8XN\xd9\xf3G*\xbes\xbc\x5c\
\xb2\x0e\x95\x8b\xc5\xedc\xfd\x03;v\xbe\xfe\xa6c\xa0\
\x1b\x1f>\xd6sN\xf6\x84\xff\xca\x188\xd9\xce\xe9\xbf\
\xfei\x1f\xff\xf7\x0d\x80se=\xc061\xe6W\xbf\
\xb5\xf0\xa1'\xe6\xb7wv\xack\x88\xc6\xae\xc9\x98\xc6\
E\xf1d\xbc!\x19\x8f#\xc2\x00\xe6yP<\x17\x8a\
\xefC\x03\x02\x95\x81\xab\x8a8\xe9\x8c\x81\x81s\xce\xe8\
\xe4*\xe1\xe9g\x8c\x9d\xbe\x83\x8c\xfe3\x00\x9fsx\
`\xdc\xf1\x03\xe6\x01\x8c+*\xf35\x0d\x5c7\x10(\
\x80\xe3r\xccLO{e\xdb>T(W\xb6\x0cM\
\x17\x1f\xdb\xbc\xe5\x91\xe7\xf1\xb1\x8f\xcd\x9cm\x0c\x8b\x01\
\xfe\xbb\x1e\xeaV@\xb9\xfd,\xa3\xf9S?\xfe\xcf\x1a\
\xc0\xfa\x8d\x1b\xd5M\xeb\xd7\x9f>I\x8b\xefz\xb0\xb9\
iY\xd7k\xa2\xf1\xf8\xeb3\xb1\xe8E\xf5\xb55\x91\
\xb8\xc2`\xb86\xd4\xc0\x0fLE\x09\x0c\x05\xcc\xa0_\
\x08\x02\x06\x9f3\xc7\xf3ay\x1c%\xc7\x83\xe5\x05(\
\xf9\x01r\x1e\xe0\xfb\x818\xdd~ \x0d@S\x00\x9d\
1\x18*CDS\x90P\x15D\x0c\x15q]\x85\xa9\
\xab04\x95\x1b\x9a\xc2\x99\xc28\x19I\x10pfs\
\xa6\x06\xba\x81\x8a\xa6a\xba\x5c\xc1L>?\x5c,\x94\
\x9e\x9b\x9a\xc9\xffj\xf7}\xbfx|\xe6\x8e;r\xf4\
\xbe\xc9\xe06l\x82\xb2i\x830\x04\xf1Y\x9eY\x9b\
\xa8\xbf\xfc\xd9\xbf\x9e\x06\xbb=\x08\xef\xc1\x9f\xcc\x13\xfc\
\x9f3\x80\x8d\xeb\xd7\xabo\xda\xb4\xc9\xa7\xe3N\xa7\xf4\
\xa2\xbb\x1f\xbc`\xbc\xab\xe3\x1dM\x99\xd4k\xbb\x1b\xeb\
\x1a\xe8\xe6\x98\xae\x8d(\xe3~BSap\xae8\xae\
\xcf\x0ae\x17\x13%\x07c%\x07Ce\x0f9\xdbC\
\xc1\xe7(\x06\x80#\xfc;\xa3\xd8A\x81@^\xef\x80\
\x87~\x9f\x01Ax \x15v\xe6v\x042\x5c\xb4\xa8\
@\xbd\xae \x15\xd5Q\x17\xd1\xd0\x980\xd1\x940\x11\
\x8b\x1b<jj\x5cU\x94\xc0\x0e\x02\xa5\xa4\xe8\x8ak\
\x98(\xd96&fr\xfd\xd3\xb9\xdc\xafN\xf5\x0e\xfc\
\xf4\xc8MW\xee\xa2\xa7\xe6\xf4\xec\x9c\xf3\x1d\xad\xd17\
\xa5\xc7\xad\xafN\x18x\xf2\xcb?Z\x7f\xf3\xc6\x0d\x9b\
8\xbd\x83?\xd5\xf5\xfe\xbfc\x00\x1b7\xaal\xc3\x06\
_\x1c\x05\xceYt\xd2~Udz\xe6}\x1aS\xae\
\xae\xabIcN%\x8f\x0e\xee\xfa\x8d\xa6\x0e\x16@)\
T\x5c6\x92\xad\xa0g\xba\x8c\xbe\xbc\x85\xbc\x0bX\x01\
G\xc0\x14@Q\x01=\xfcSe\xf2\xc6*\x0a\xc8\x97\
P\x1e\xc0)\x17\x08_\x96\xd1\xf7\xc4_\x18\xbc \x10\
7}\xb6\xa1`aR\xc7\xbc\x94\x89\xa6\xa8\x0eSU\
\xe0\xf2\x00\xae\xeb\xc3v=X\xb6\x8b\x92\xe7\xa1\xe4\x03\
z<\x8a\xfaL\x1c5)\x93\xeb\x9a\x1a\xd8~\xc0J\
\xaa\xa1\x14u\x1d\x93\x13\x93~\xbed=><6\xfe\
\xfd\x1d\x97\x9d\xff\x80\x02\xb8[U\xf4DoZ3K\
\xcd\x150\xf1\xdc\xa1\xb7\xac\xf3\xf8\xdd\x9csz\x97\xa7\
C\xdc\xff\x7f\x19\xc0\xad\x5c\xc1m\xe2\x06\x04t\xc3\xbe\
\xf4\xd1\xdb\xdej\xfb\xe5\xbfD\xa0\x5c\x18p\x0f\xb9T\
\x0a\xb9\x05\x0b|\x7f\xd92\xc5\xafm`\xfdcE\xf4\
\xf7\x8eb\x8cn:\xe5\x5c\x9a\x06P\x90W\x14(\x14\
\xc1\x85\x01\xd0\x17\x03\x17'\x9a\x81\xd1\xdf\xe9\xa4\x9f\xed\
l\x19\xfd\x95I\x83\xa0\x9f\xf1|\x5c\x98`xuW\
\x0d\x965$Q\x1b\xd1\xc5\xf3P\x85\xe0\x83\xc3\x17\xbf\
O\xcf#\x9f\xa3\xecz\x98.T\xd03Y\xc0\xd1\xf1\
\x1cF,\x0f\xb5\x99\x04\x16\xb5\xd4\xa0!e\x06\x16\x03\
\x9f\xf6\xb9j\x19\x11\xe4*6\x8e\x95\xad\xed\xaf\xfe\xd7\
/l[\xfb\x8d\xaf\xdc2\xf7\xf0\xed~\xf9\x85~\xa5\
\xf7]\xdf9h\xddq\xcdy\xd7}\xf0QW\xbc\x9d\
?A(\xa0J\xe8O\xf3\xe0\xe2R*`\xcc\xa7\xac\
\xa8i\xdb\xe1k>\xf4\xcb\x1f\xff\xfd\xea\xbb\xbf{\x99\
39\x09\x8fW\x02\x95\x83\x07\x0eT\x9bAuj\x9b\
05o\x05\xdc\x0b\xd6\xe1\xf0\x8a\x8b\x90O\xd6\x02\xa5\
\x22\xd4\xd0\xb53\x0a\xe8\xf4\xb4J\xe8\xd9e\xfc\x0d\xff\
\x0c\xff\x8f~\x8e<?}\x93\x91G\xa0\x9b\x0f\xc4<\
\x17\xef\xedN\xe1\xa6y\x8d`\xba\x06\xc7\x0f0\xe3s\
(\x81\x8f\xa8\xa6RV\x88\xa2\xeda\xc6\xf5\xe1z\xbe\
x=MW\x11\x8dE\xb0z^\x02k\xe65ch\
\xa2\x80'\x8f\x8d\xe2\xee\xe7\x8f!\x93\x8a*+:j\
\xd0]\x9f\xe0I\x86 \xea;\xccl\xae_\xbdpx\
z5[\xdd\xc1\x1b\xba\xa0\x8e;\xf5A\xb49\xb34\
r\xfb\xa373\xb0;9\xfe4^\xe0O\xe3\x016\
nT\xb1a\x83\xf8\xb0]w?\xbcr\xb2\xa9\xe9\x13\
5\xf5u\xaf\xf9\xc2\x87\xde\x85\xe43O\xf9\xa9O\xcc\
gs\xdf\xdb\xa9\xf0\x0a\xe0\x97\xa3(\x0d\x1a(\xec\x1a\
G\xfe\xc1c\xe0/\x8f\xc3n\x9c\x83\xcd\x1b\xde\x86;\
/\xba\x01S\xae/J<J\xf5\xc5\xf1Q\xc9\xedS\
9W=N\xf2#\x8a\xba\xeb\xf41#\xaf\xa0\x08\xcf\
\xa0Z\x0e>4'\x85k\x97\xb6a\xca\xf1a\x000\
\x18`\xa8*\x02\xdb\xc33\x039\xbc0UA\x7f\xc9\
A\xc1\xf6(\x03\x14\xc6d(\x0a\x92\x1aC[L\xc7\
\xec\xfa\x18\x964&0\xbf&\x86\x91\xe9\x22~\xb6g\
\x00\x9bG\xf3h\x89\x1aXU\x1fE\xd7\xdcf\xb4O\
\x0f\x07\xaf8\xff\x22\x1e\xfb\xfcE\xea\xf2\x0f\x9c\x0f'\
H\x05\xbb\xd6od\xfc\xc1\xbd\x03\xa5\xd7\xcd>\xe7\xbb\
\xeb\xff\xb9\xb8\xf8\xe0A~\xfb\xed\x221\xfc\x7f\xdb\x03\
\xd0Y\xdb\x04(\x07\xa9\x0c:\xdb\xb5\xc9S\xcf\xe8\xd4\
w\xdd\xfa\xe5L\xe1\x82\x8b\xfe!\x1b\x8f\x7f\xa0\x14\x8f\
\x9b\xcc\xb2y\xce\xf5\x83\x04STkf\x0a\xcdq\x15\
\x9emAi\x88A\xe9L\x01W5\xa1\xfc\xd1Wa\
p\xbb\x83\xfe[\x9f\xc7u_\xfb$\x96\xec\xdf\x8e[\
\xdf\xfe\xf7\xe8U5Q\xf6q\xba\xf9\x22\xc1\x0b\xc4\xc9\
\x16\x1e\xc0\x0f\xc4\x9f\x5c7\xa5q8\xb6\xcc\xf5t\x0d\
\xbe\xcf\xb0\xdcd\xb8tV\x1dNY.T*\xff\x14\
\x06EU1Q\xb0\xf0\xd5\xedC\xd8U\x09d\x88\x11\
\xc9\x82\x0c-\xa2|p\x03\x8c8\x1c\xc7\x8a.\x9e\x19\
-\xa0\x8e\x8d\xa0;n\xe0\xbc\x8e\x0c\xde\xb5\xa2\x13\x97\
L\xe6\xf1\xcd\x03#x\xf0\xc8\x18\xda&-|\xf6\xfe\
\x1f+\x88\xfbh\xbcv\x16`)0\xe2\x96\x12\xbdf\
\xb1\xef\xdd\xbf\xb7\xd3y)\xfb\xfeM\x9b6\xfc\x13\xbd\
\xc2\x92\xf5\xeb\xd5\xf5\x9b6\x11\xb0D\xb8\x07\xa7\xe8H\
\x8f\xdf\xba\x8e\xff\x97\x0d@d\xbb2\xab=\xed\xce8\
\xa0n\xd8\xb8\x11T\xcb\xd3}I\xfd\xea\xd9\xd7\x8ce\
j\xfe\x99\xa7\xd2\xf3\xedB\x1eJ>\xe7;\xf5\xf5\xea\
\xfes\xceS\xe7n}\x16}\xbf,\xa0\xf7\xad\xcd\xe8\
\xean\x85[\xb1\xc0\x1c\x07\xc1\xe4\x09\xa88\x81yK\
\xba\xd0\xf9\xd8k\xb0\xe3\x8e\xddh\xfb\x87\x07\xf0q\xcd\
\xc0G\xde\xf5\x8f(\x90\xb1(\x0a\x82jFO\xf1\x85\
\xdc5\x18\x22\xb18\xe6\xe6&\x90)\xe6p\xac\xa1\x13\
\xe3d\x0cv\x19J\x00\xb4\xb4\xc4P\xd44\x94]_\
\xb8\x09\x8bs\xa8\x1a\xb0o\xb2\x84]3\x16X\x22\x12\
\x22\x08\xf49(~\x84\xf7@\xe4\x16d\xcd\x01|\xa6\
`\x8a\xa9\x98*\x06\xd8y`\x02\xbf8>\x85\xcb:\
k\xb0aA\x0b~\xd4c\xa2!\x97\xc3\xa2G\xee\x85\
}m\x03\x1a\xe67\x83g]0\x15h\x5c\xd7\xae\x1c\
I\xaa\x01\xab\xed\xfa\xe4\x9c\x9f\xbf\x14e\x17\xcf\xfb,\
\x18\xb3\xfe\xa3\xca0\x04\x90\xf8\xffi\x03\xa0\x9b\xbfc\
U\xac\xc5\xcb\xf1.\x8b\xf9\xb9g\xde\xbc\xe68\xfb\xd4\
\x16\x0f\x1b6`\xf5\xfb\xff\xbe\xaeg\xdd+\xbfPN\
\xa7\xff\xccV\x19\xd8\xcc\x8c\x97\x88\x1a\xaa\xe1\xfa\xaa\xfa\
\xd2\x1e<e\xa5pY\xba\x1e\xc9\x89I\x1c~4\x8b\
\xee\xbfi\x87\xe2\x9aPt\x1djD\x14\xe0p\xa6\xc7\
\xa0\xe5\x8bX\xf3\xb1\x05\xd8\xdc?\x1b\xf3\xbe}?\xd6\
\x5c\xb5\x01O4\xcf\x82\xe28\xe1%\xe2\x22\xa9\xf3U\
\x1d\x1dJ\x80\x8f\xfd\xf8\x0et<\xf5(t'\x0b\xab\
{\x19\x1eY\xff.\xfcd\xd5e(\x97\xcb\x18\x98.\
\xa2D\xb1\x9d)\xe2\xf9)!\x9c\xb0}\xccmJ\xe0\
\x03\xcb\x1b\xb1g\xc6\xc6\xee\x9c\x85\x82\xc7\xc1\x02YA\
\x80\x07\xb2t\xe4\x1c\x81\xae#\xe3\xfb\xe8\xc8\xcf a\
W`\x04\xf4\x5c\x1c\xa3\x03\xbd\xd0\x99\x87K\xe2I\x5c\
\xbbk3\x94\xfc(j\xae_\x0bM\xd5\xe1\xc3\x82Z\
\xf1P\xd7\x9daX3\x8b\xd5l>d\xbei\xdf\x0b\
\x1f?rh\xfb5o\xdc\xf0\xaa\xdb\xe6\xef{b\xcc\
1\xb8\x96U\xd4B]\xc4\xcfM\xba\x5c\xbd\xea\xc6\x0b\
\x86\xd9\xed\x9b\xbd\xff\x0f\xee\xd7\x1f\xe7yD5\xc5\xc1\
\x9fM\xe9\x9fv\x0b\xfe\xfb,\x04\xb5\x1a\xe0*\x11\xe3\
h<\x08~v\xd7\xa7\xbf|\xe8\x07\xe7\xae\xfb\x17$\
b\x0bP\xca\x07\xe4'T\xddP\x1a\xfa\x06\x91\xdb{\
\x02\x95\x92\x0d0\x0d\x1f\xda\xf6\x10^\xb9\xf3!\x0c\x9c\
\x9f\xc2k\x1f8\x0f\x09\xdf@\xc0T\x8a\x1b\xe2\xedr\
\xee\xc2+O\xc3l\xee\xc6\xa9=\xc38\xb5v+\xee\
\xfa\xe0\x97\xf1\xd3s\xd7\x02\xe5\xa2,\xfdD\xc6\xae\xa2\
\x13\x1e\xfe\xe9\xbb\x9fD\xfd\x8bO!r\xdbeHv\
\xb6a\xfc\x8e'\x90::\x8e\x13\xd7\xbd\x11w\xbc\xf9\
\x16\x1c\xd2bX\xdfj\xe2\xcas\xbbQ\x098<\xdf\
\x87B.\x8b1\xe8*\xe5\xa8\xc0\xa9\xbc\x8d\xaf\xee\x1c\
\x82\xe3\xd2M\xa7\xfb\xef\x83\xb9\x1e\x98i\xe2\xda\xc1S\
\xf8\xcb\xef\x7f\x11\xe9\x9e\x83`\x95\xb2x\x8f\xba\xc8J\
|\xb8\x22\xdb\xf0\xc5W\xa1^\xc1y/\xbd\x0bu\xcd\
\x8d\x08l\x0b \xc4\xb21\x8d]\x9f\xdf\x87\xa9\x8f\xfe\
\x86\xc7\x85\xd7\xd4T\x0f\x01\xb8\xf0[\x80\x03\xb8\x00\xca\
\x94\xd5D\x12\xea\x91\xa9\xc6\xd8\x9b_\xd9S8\xfe\xc7\
D\x13\xff(\x1e`c\x18\x19\x9fM\x19\x1ft\x0b\xce\
?N\xaf\x8a\xa0\xfd\xf5\x0d|\xe0\x97%]\xdf3\xbd\
\xd4\x00>\xf7\xda\xbb\xbe\x81\xba\x5c\x0e;\xba\xe6\xfb\x95\
HT5\x19\x90\xde{\x18v\xcf\x08\x1c=\x0aSW\
`{\x9e\xb8\xe8\x81\xc2\x10\xf4Y\xc8O\xf8H6G\
\xc0\x1d2\xfcj\xfa@\x1e!\x09x9\x98\xa6\x0fn\
0\xcc\x9d\x1c\xc1\xea\xa1\x1e\xa4\x0ay\x18\x81\x87t\xa5\
\x80\xe6\x5c\x16kv<\x81\xf8\xde\x97\xe0\xbdm..\
\xb9u\x05T\xc4\x90}\xdd\xfbq\xe8\x9b\xdb\xd1y\xdb\
/\xf0\x95\x03\xbb\xf0\x83\xbf\xfc8~\xa9-\xc7\xf8\x0b\
'q\xe5\xe2V4\xa4\xa3\x02\x11\xa4\x83\xeeR\xee\x00\
\xa0\x7f\xba\x02\x97n\xbe\xc0\x8a\x09\x9c\xa4j\x83\xa1Y\
W\xf1\xc1\x1f~\x1e\x89\x93/ \xf3\xf9\xab\x11I\xc5\
13^A\x10(\x08\x5c\x17\x11\x8dC\xf3,\xa0\x04\
\xa4\x16d\x90i\xad\x03\xb7\x5c0\xf26T\xbe\x96m\
t\xbe\xa6\x0b\xc5\xbe\xf3\x99\xea\xf9\xaa\xefj\x01\x8b\xc7\
\x91\xcc\x18\x0a\x0c\xcae\x5c\xdd\xac\xafI\x97\x86Gx\
\xf4\x8b/\x9dW,Z\x1f\x04p\xcbm\x00\xbb\xfd\xff\
\x8a\x07\xa8\xc6\xa5g\x167$\xb2G\xa6\x0fZ\xcd\xac\
\xfd\x92'\x9ay\xfb\xe2\x1aul\xb0\x86\xbfx\xcb\x09\
\x9e\xbbo\x84S\x05\x1d\x07@\xd55\xe5\xed\xe4.T\
\x19U\xc5\x9bP\xc2?\xc9\xe4\xc9\xb4g\x92\x0c\xd7\xbc\
p1\xda\xda\x9b\xe1[\x8e\xc8\xda\xabF\x10\xb8\x15(\
\xa9\x00\xcf~\xe6 &\xffe\x10\x09\xe1\x1f\xc8KP\
\x93'\x10VM\x09H\x81^\xef\x86\xb9\xb8\xf8\xdb\x8b\
Q\x934\xe1\x97\x00-\x16\x072]\xe8\xd9Y\xc4\xb1\
woDr\xcf0\xb6\xfc\xf9\x87q\xdbeo\x84\xc2\
=,\xaeO\xa0\xab6\x86\x84\xa9\x8b|\xe2\xf0t\x05\
\xbb\xa6*\x10x1\x0b\x11BJ8=\x1f\xf5\xba\x86\
\x9f~\xee\x03\x88\x1c\xd8\x8a\xc2\x87/\xc0\x15\xff\xb0\x0e\
\xb1\x14\x03<\x07\xd0\x8c\xf0\x93\xd0\xfb\xd6\xa5\xe7\xc8\x95\
\x81\xc0\x0b=\x94\x22\xc2\x083u \x16\x93\xff\x16\x0f\
]^\x05N\x1e1\xc9'F\xb3\xd8\xf2\xfe\xbb\xbd9\
\xbf\xe9\xd7'k\xb4o\x5c5\xe5\xfc\x95pP\x7f\xa4\
\x92\xf1\x0f6\x80\x8d\x80\xba\x1e\x08\x1emS\xd7\xce\x0c\
\xe1\x99\xcc\x07\xe3\xfc\xba\xcf\xe8,{(\x8fdW\x17\
\x82t3\xfa_\xaa`\xe4\xa5\x00\xc5\xe3Y\xb8y\x1f\
F\x22\x02\x15\x1e\x14\x8d\xde\x80\x0a\xae\xd0E!s\xf0\
\xc1\xa2\x0a\xb8\xa7B\xefH\xe3\xbc\xb76\x22J\x1e\x81\
.:\xfd0\x19\x5c\xe0\x8bd\xcf5\x0c\xec\xf9\xe58\
06\x0d?\x96\x86\x115`F4\x90k\x09\x0cB\
\x04u\xc4\x1bM\xb4\x9d\xab\xc3\x0c\x1c\xf8e\x06\xa6\xe9\
\xe0>\x87\xefX0\x9a\x16!k\xa7\xb0\xed\xdd\xbfF\
r\xd3N\xec\xb8\xf9}\xf8\xe8+\xdf\x0b\xbb\x90\x93a\
\x84\x0c\x8en\x14\xe1\x00\x04\x0a\x9d}\xa5\xfc\x00\x8a\xe7\
\x894\xe0\x9a\x97\x9f\xc3'~\xf1\x15\x14\xc7\x060\xb2\
\xba\x06\x17\xff\xcb\x15\x98\xb7z6x\xc5A\xe0Ko\
!\x0cAQ\xc1T2\x84j/04}\xca+|\
O\xfaP\x0a\x1d\x9e\x0fE\x95\x86\xb1\xf7\xa9\xe3\xd8\xf2\
\xd7\x8f\xf3\xfaS\x0e\xbac\xec\xfe\x03sV\xdf\xf2\xe7\
\xfb_\x1e\x0ao\x1c\xff?a\x00\xcf\x00\xda\xe5\x8cy\
\x0f\xeb\xca\xd7\xa7=~\xcb\xf2{\x1b\xfcE\xab=\xd5\
\xce\x06`\xaa\x01U\x8b\xc0\xa8\x89\x02\x11\x13\x9c\x9b\x08\
|\x05\x8a\xaa\x811q\xf7\xe5\x09a\x86\xbc\x00\x94\x5c\
\xd17\x99)\xd0\x1a\x9e\x0b\x10xd\xe8d\x00d \
t\xd2\xc3\x8fN\xb5~\xca\x04\x98\x0d(f\xf8n\x14\
\xc0\xb7\xc9u\xca\x7f\xba6\xfc\x82\x87\x80G\xa0h\x11\
\xf1~\xc8\x90\x02\xdf\x86W\xcaCO\xb6\xc0J\xcd\xc6\
\xf3\xef\xbc\x1f\xb1\x9fm\xc73\xef\xfa{|\xf6\xca\x0d\
p+ep]?\x8d0\x06\xba\xe8\xf2\x9e\xa9\x04\xe8\
\xc6\xd2\xe9u\x5c\x04\xa7\xfa\xd1=9\x82\x0f\x1fz\x0e\
\xab7\xdf\x8f}5\x1e\x16\xdcv\x05.~\xcb\xf9\xd0\
\x0d\x86\xc0\xae\x80QMZ\x85\xa8\xe9!\xf1\xee\xb0\xb0\
\x0b\x01,2\x8c\x80C\x89k(\xe7]<\xf5\xcd-\
8q\xc7.d\xcc\xc6\xe0\xf97\xbd\x87\xfd\xa8}\xee\
\xfb\xbcO\xfc\xd9w\xa8\xcbxvg\xf4Oj\x00t\
\xfa7\x00\xfe\xd6\xc6\xc8\x9a\x99q\xe7\xc9\x99s\x8c\xe8\
\xab\x1f\xae\x85^\xb2\x98j\xd6\x84I\x1bG\xe0\xfa\xd4\
\xd5\x85\xa2\xe8\xe2F\xca\x07\xdd\x103<\x11\xba\x88\x8b\
2\x98\xc8\x8b\xc5\xa1\x81Q=F\xdf\xe7g\x7f\xde\xf0\
\xf7\x19\x9d\x1cY\x19\x886/\x99G\x08\xf7r\xdf\x0a\
m\x89\x8cP\x85\xaa\xc7\x00\xc5\x90\x06@\xbf\xaf\x90{\
\xf6\xe1\xe4F\xa0'\xeaQ\x8e\xb6`\xf3U\xbfBf\
\xe7\x18\xbeq\xeb\xb7\xf0\x8bY\x8b\xc1<G\xc6i\xf2\
\x04\xe4\x05Nw\xf0%\xce \xbe\xa8\xe5\x5c(\xc0\x1b\
\x1e\x01,\x1b\x1b\x86\x8e\xe0m\x8fm\xc2\xe8d?b\
\xefn\xc7\xda\x8f\x5c\x83\xd6Y\xad\xe0VI\xfe^\xf5\
\xf3\x9cN\xbd\xe8y|\xf9\x5c\xf4^\xe3*zv\xf4\
\xe3\x89\x8f?\x0b\xff\xe91X\xeb^\x83\x9f_\xf7Z\
\xbe\xa3\xbe\x03,\xa2\xb1FV\xf9\xe0\xd8\x1b\xae\xfaZ\
h\x04\xa7\xbb\x8b\x7f\x12\x03\xa8f\xa2/.Hw;\
}\xf9g\xfa\x1d\xa5{\xc9\xdd\xcd\xc1\xca+\x03\xa52\
\x09h\xd1\xa4\xb8\x09\xe2\xfe\xd1M\x12.\x95\xbet\xf1\
\xb9\xc5\xcd`\x1a\x98B1\x8f.J\x18\x03\xc3JW\
\xde\xccj\xdc\xa7l\x9cnBX\x82U3}q\x97\
\xc5\x93\x85\x1d\xbd\xb0\xb3\xe3\xdb\xe0\xd4Od\x5c\xb4~\
\x814\x14#.\x8d\x80n\xbe0<\xba\xf0d\x04\x03\
0\x9b\xdaq\xf4\xf9q\x9c\xbc\xfaaL^r\x1d\xde\
\xff\x81\xcf\xa1h\x95\xc1\x88\x03@\xf5\xbe\xf0\x04L\x84\
\x0fy\xe3\xc9\x17Q\xb6N\xaf\xe5Cql`b\x02\
A\xbe\x88\x05\xa5\x19\xfc\xdd\xf3\xbfAr\xe7VL\xae\
J\xe2\xa2\xdb\xd6\xe2\x9c\xcb\x97!\xb0J`\x94\x17\x88\
\x5c\xa6\xea\x09\xce4&\xbc\xc0\xc1K\x9b\xb6a\xdb\xa7\
^Br\xc4\xc4\xee+_\x85M\xaf\xb9\x19\xd3]\xad\
@\xb1\xc0[Z\xeb\xf99\xdd-\xca\xd8\xd1C\xb7\xed\
\xb9\xe2\xa2\xdb\xffX\x9e\xe0\xf7\xaa\x02\xc2\xcb\xcc_\xb9\
\xaa%\x96=<\xf2\x8b\x92\xa5v\xb7|\xac\xd6_\xf1\
J]\xad\xf4\x97\xa1E\xa3\xf2\xa6\x8b\xbb\xcf\x85+t\
-\x02e\xc85W\xc4\xcd\x09<\x15\xbeOF@\xa5\
\x95\x0e.B\x82\x02\xce=\xb8\x16\xe5JT\x10U[\
\xb3*\x02/@\xe0\xab\xf0=\x17\xaeK\xf1W\x1a\x03\
\x9d\xfe\x80\xd3\x8d\xa6\x1a]\xda\x88\xa2\x04P4\xfa\xd9\
\x00\x0ds\xbaP\xd7J\x09\x1d\x97aV$r6\xb8\
G\xa1\x22\x80\xa2\x9bp\xc7\xfb\xd1\xb8(\x82#m\x0c\
\x8d\x87\x0f\xa3\xa90\x85\xa2\x11\x13n\xbe\x0ak)>\
\xe5u\x1aTM\x13\xd5A@\xef\xc1\xa6\xcf\xc3\x11\x98\
\x06X[+\xb4D\x16G'T\xdcr\xd5\xdb\xf0\x99\
T\x13\xe6?\xf3+L\x1f\x1f\x07\xae7\x00\x8bJ\xc4\
\xb0\x11Q}#\x9c<#\xbd\x07\x0d\x85\x19\x0f\x87n\
;\x80\xf6\xd1(\xbew\xf3-x\xbae6p\xf4\x04\
\x0c\xeeb\xc1\xf9\x8b\xd9\xb2\x9a\x18\xb4\xc0\xf6\xf5E\x8b\
n\xd3^\xd8Q\xde\xc4\xd8\xe7\xff\x18F\xf0{\x19\xc0\
\xb3\x80z9\xe0=qr\xec\xcf\xdc2\xbb\x00oJ\
x\xaf\xf8d\x5cs\x86\xb3\x22\x1eWO+\xf7<\x18\
I\x0dO\xfft\x0c\xc7\x9e\xaa\x80\xdb\xe4\xb6}pW\
C`\x07p\x1d\xba\xa9aYEX~\xc0DG/\
p\x14\x04\xb6\x0f\xdb\x17\xb7W\xdc\x00\xban*\xdd\x5c\
\x22tx\xb2\x9dON\x83\x13\x07\xc7\x97i@@_\
~x\xc04\xc0r\x18\xd6}<\x85\xaboiC\x90\
\xb3\xa4W\xf1]\x04\xbe\x87\xc0\xb5\xa0h\x1eT\xdd\x82\
\x12Q1\xb5\xab\x0fV\x99\xc3`\x5c\xc4v\xe82\x1f\
\xe1\x1e\xa0\xb1\x00Zm\x02\xa6B\xe5\xbb\xac\xd1U\xca\
c4\x05A\x85\xaaui\x08^&\x035b\xc2\xca\
\x96\xa0Z.jM\x86\x96\x0b[E\xcd/O>=\
\x02p\xfay\x81.\x86\xdd\xc8\x8a\x8dLk\x03\x16]\
\xb7\x00\xecG{`'\xd2\xc2\x80\x153\x05\xaf\xe8\xa2\
\xb3P\xc6\xfc\x8e\x1a6l\xb9J\xc6\xb3\x03c\xee\xbc\
\x7f\xd1\x9e}\x81XR\xff\xb2\xf6\x99g\xb4\xcd\x97_\
\xee\xfdo\x1b\x00\x01\xec\xccR\xd5\x1b+5J\xb0\xe6\
\x1f\xa2L\xcd\x96\xe0X\x1cF\x9c\x92=q.\x00\xee\
\xa0R\xe1\xd8\x7fw\x05\xd3;\x1cP\x19(#\xa0#\
^8v\x96\xf3\xa7\xf2\xad\xea\xf0U\x04\xa1\x93<\xab\
o\x1f\x16U2\xbd\x93\x94.\x07@\xea\xea6D\x9a\
\x0d\xcc<>\x096\x9a\x17\xbf\xe7\x85\xbfU\x00Cc\
S\x09\xf0\x8b\xd2\x88D}nAQm\x18q\x0e'\
\xe7a\xe8\xe88\xfa\x0f\xe5\xb0{S\x05m\xd3@\xb9\
+\x8aI\x0aK!*\xa8\xba\x01XM\x0cn\xa9\x0c\
'W\x91\xb9;\xe7P\xc8`)4h!\xbbPT\
*\x1c~$\x829\x0d\x1aV\x9d:\x0a{\x09G\xdd\
\xec\x1a\xb2\xc40\xf1'\xe3/B\x89\x9a\x00\x19\x7f\xa0\
\x88\xca\x80\xae\x97\xc2-4\xber\x09&\xef\xdc\x86W\
\xf6\x1e\xc4\xf3\xb3\x17CI\x9a@2\x8eG{g\x84\
\xf1\xaf^\xda\xc1\x06m\x07\x8ak\x07\xcd\x0b\x17\xde\xf1\
\x8a'\x9e\x9b\xdc|\xf9\xa5?\xf8C\x8c\xe0\xf71\x00\
\x02!\x02~\x1bS~\x1d\xa0\xd3M\xe8\x8a\xc1\xbc\xc0\
\xce\xda\xd0\xe35!\x16\xef\x00\x81\x03\xddT0\xdc\xeb\
 \xd1\xeb\xa3\x85hW\xe4\x18\x8c\x14\x02E\x83\xadk\
\xf0\x14UzXA\xe4P\xe10\x06W\xd3ai\xba\
8\xe1\xb6\xa2\xc1Q\x14\x10\x1f\x8f\x22E\x82\x05h\x9f\
\xea\x83\x99\xcd\xa1\x02`\xee\xa7\xdb\xb1\xe6\xef\xe7BW\
S\x98\x18R\xb1\xf3\xb6}\x98\xba\xf3\x14\xe2\x0a\x11;\
\x18\x94h\x80\xda\xd9q\xc0\xf6DHa\xac\x04=\xe2\
!7n\xe1\xc0\xe3#8\xf0`\x01cG+\xf0F\
=t{\xc0|\x15\xf8\xde\x9c\x95\xc8\x06d\x80\x01\x02\
\x97\x8b\x1b,\xdc}\xae$\x93MM\x05g*\x02\x8a\
5\xbe\x07\xd5\xabv\x22\x19\x14z\xd3\x11\x03\x8b\x07N\
!:1\x00\xedm\xad\x88g\xd2\xe0%\x1b<p\xa1\
\xc0\x01\x8b\x9b8\xf1\xc2.4v\xb6!\xd59\x0bA\
\xb1\x0ch&P\xae\xa0\xe9\x82F\x0cw\xa7\xb1\xec\xc4\
a4\xafOcL\xe1`\xae\x0f_Q\xf1\xe0\xa9\x19\
a\xf4\xcb\x97\xb6\xb3\xde\x8a\x83\x0cQ\xe0\x16\xcc\xfb\xee\
\x9a\x07\x1e\x1f\xda|\xf9\xe5\x8f\xfd\xbe\xe1\xe0\x7fn\x00\
\xb7\xde\xcap\xfb\xed|9~\x5c\xff7\x8d\x1f\xab\xa9\
\x8c\x8db\xf8\x80\x82\xe5\x97\xaa(\xe7\x0b\xd0\xcc\xb8\x88\
\xcd\x9c\x10\xb0D\x14\xa7\xb6U\xc0\xa6|(\x8ca\xa4\
q6>\xbf\xfcZd\xbd\x00\x8e\xa2\x81\x00!\x9d\x9c\
<\xe3\xd08\x10\x170\xbe\xc4\xd8\xe3\xbe\x8b\x8cg\xa1\
\xce)\xa1\xb5RB[1\x8b\xd4\xd4\x08x6\x8fB\
\xd2\xc4\xdc[\xe7\xe0\xa2\x0f\xd4!\x18\x9cB\xd9\x99B\
}c3\xae\xfc\xde%\xd8\xda\x99\xc4\xc0m\x07\x91\x84\
\x0b=\xa9 \x92\xa2|\xc3\x81\x1e\xad\xc0\xad8\xd8~\
\xcf8\xb6\xfet\x06\xa5\x1de\xb4\x01X\x05 n\x98\
@S\x03\xeeZ|!\xbe\xbf\xe0<\x01P\x05a\xc2\
\x17P\xecq<Y\xb1Ech\xb3\xcb\xa8+\xe5\xe0\
FL\x0c\xa5\xd2\xc8\xd3M\xaf\x94O\x83Z`q\xac\
9\xb0\x1b./\xa3f\xedr(\xdc\x87g\x15\xa1\xc5\
Tx\xaa\x82\x17\xbe\xbd\x0d\xdb\xbe\xb4\x17MW\xd4\xe2\
\x9a\x7fP\xd0\xd4\xde\x0an[\x08, \xdd\x1c\x83\xb1\
n\x1e\x12w\x1f\xc7\x02'\x8bQ#-\x80#\x91\x8c\
j*\x1e\xe8\x9d\x11^p\xc5\xd2v6f\xbb\x5c\x8b\
F\xd4\xe6%\x8b\x7f\xba\xe0\xfb?\xb9d\x13cGE\
\xa9\xf5oi\xf2\x7fL\x03\xe0\x0cK6\x91\xed\xabJ\
[\xcb]/_r}\xeb\xa5\xbf\xfe^\xf0\xc2\xb7\x8a\
\xca\xc2\x0b\xd3\xd0\xb4\x82\xf8\xb0\xe4\xd0\xcd\x88\x8e\xc9I\
\x0d\xc7\x7f1\x838\x9df\xce\x11\x1b\x1a\xc6\x07J\x0f\
\xa3\xa4\x99pC\xb0E\xf5\x5cD<\x07\x11\xcfC\xc4\
\xe7\xd0|\x17\x9aS\x04\xb5L\x0cT\x84K\x17L]\
r\xed\xb5\x0a\xa2\xafo\xc5\x92\xbf\x9a\x85\xb9\x17'\xe0\
\x0eO!\xe0\x1a\xf4\x88\x8e\xca\xf8\x10\xf4r\x80\xcb>\
\xb9\x1cOU\xa61\xf9\xcf\x03\xa2|\xab\xe4\x1c(m\
9\x9c\xdc9\x83\xa7~P\xc4\xd0\xaf'\xb1\xd0\x07\x9a\
c)\x1c\x99\xbb\x18\xbf\xec\x5c\x84\xe3\xc9Z\xf4\xa5\xea\
1B\x0c\xa3T\x0a\xaa\xaeI\xbc\x9f\x9aJ\xe4\x05\x00\
$\x0c\x03\x7f\xb9\xf9^\xbc\xe2\xfe{\xa1\x17\xf3\x08\x94\
(F\xe7\xcf\xc7SW\xdd\x80G\x97\xae\xc2\x04\x19B\
\xb9\x88Z\xd7\xc2\xe2=/\xc3\xeefhX\x9a\x00\xcf\
\xcf@Ki\x98\x1a\xc9\xe2\xa9\xdb\xb6\xa1\xf7\x97\x03h\
\xf1\x19\xf2?\x1e\xc7/O\xfd\x06\x97}\xfc\x02,\xbb\
x\x15\x14\xdb\x12\xe1\xa1\xe6\x8avT\xee\xdc\x81\xf3\xa6\
\x06\xb0y\xf5\x5c\x18\x83\xa3p\xa8\x8c\xd6\x19\x02U\xc1\
\xc3\xa7\xa6\xa1k\x0a\xceY\xd4\xa6\x8cT,\xbf\xbe\xb6\
\xa6~\xd6\x05\x17\xdc\x9d\xbd\xf9\xaf_\xf1^\xa0r;\
\xb5\xdc\xff\x07\xf3\x09\xff\xb32p#W\xb1\x81\xf9\xd1\
\xef>xG\xa5\xb6\xe1\xa3\x9d\xdb\xb7\xfb\x9f\xfb\xfe\xa7\
\xd4\xd1\xa9q4\xfcy\x1d^\xff\x0f1\x18jYt\
\xcd<\x16\xc3\xbd_)b\xe2+9\xd4\xab\x0c\xca\x05\
i\xa8\x84o\x8f\x94@Ma%\xef\xc1)\x06\xe0\x14\
\x0f#\x0a\xd4\x84\x01\x96\x00\x94\x88\x06\xa3\xc6@\x105\
\x10m4\xa17\x9a\x886\xa8Hv\xc4Q;?\x82\
\x86\x0e\x15\x8a]\x843C\x00\x90\x01\x85\xd05\xd1\x9a\
\xd5\xe0\x96&\xa0\xc5\x1b\xe1F4<t\xdd\x0b(o\
+!\x7fy\x02\x89\xd6\x00\x83O\xbb\xa8\x1b\xb60\xdf\
\x88b\xef\x8a5\xf8\xf9\x82\x0b\xb0#Yw\x06\x94\xf1\
}jN\x81/\x5c\x08\xc4\x22\xe0tC)\xaeS\x02\
\x97H\xe1c\xcf=\x8c\xd7|\xff3p6\xb4 v\
}\x13\xfc\x93.*\x9b\x87\xc0w8\x18\x98\x7f\x11\x1e\
\xbf\xfe\xd5\xf8\xcd\x92UXX\x9a\xc1\x17\xdf\xf7V\xf8\
\xefPq\xf1W_\x01%H\xe3\xf0\xb6Sx\xea\xef\
_\x84\xbd\xa3\x82Y\x82\x8c\xa4B\xe1\x0ar\xdc\xc5x\
'\xc3\xd2\x0f\xaf\xc0\xa5o\xbe\x0c\xf14092\x81\
\xe3k6\xe2\xc8\x9a7\xe3\xbd\x1f\xfd\x04\x8cr\x11\xee\
T\x19n\xae$p\x09\xae(\xd0}\x0foZ\xdc\x8c\
\xf6y-\x98(\xdb\x9e\x95\xceh\xfd\x87\x8f\xfex\xf3\
\x05\xcb\xdf\xfe?\xc5\x08\xd8\xff\x94\xc5S\xfb\xcd\xfb\xd6\
\xe7\x1b\x9b6\x06\xc5\xa2\x1f\x14\xca\xca\x8d\x0f\xde\xc3\xde\
\xf6\xd8\x8fq\x98)\x88\x5c\x15\xc7\xaak4$k,\
\xec\xdfl`\xe0\x97E\xcc\xa5\xf2\xaf;\x86\xeb\x9ei\
EM}\x04\xa5\x22\x95d*\xdc\xb2\x0e\xc7\xd1`\x98\
\x06\x8c(\x87\xaa3\x18&EY_\xe0%\x0au\x00\
\x15*\xd5\x1cY\xef{\x0a`\x03n\x89\xeao\xaa\xcd\
\x09C\x10\xcc\xfe\x10/\xa0\xcc\xd3\x87[\xca!\xda\xd6\
\x8e=\x9b\x0e\xe1\xf0;\xfa\xc4U\xa0\x02\xac\x1b\xc0t\
\xe7<|\xf7\xfc\xeb\xf0Tc\x17`[\xa2\xccS\xe3\
1\xb0d\x120L\xf0\xdaZ\xf0xL\x94\x95\xa2\xa5\
\xec\xcb*\xa5\xce4\xf1\xd3/|\x08\xfc\xd8\x014\xde\
\xbd\x14\xab\xde\xd8\x0a/\xeb\xc21\xd3\x18?X\xc1\xe8\
7v\xc0\xdd\x94\xc3\xc0\xb2\xb5\x98\xeen\xc3\x82{\x7f\
\x8a\xb9\x8f\x9c\x87\xaeK\x17\xe3\xc9/\xbf\x8c]\x9f;\
\x00=kb\xae\xe2A\x8d\x19h\xf9\xc6rD\xd3\x11\
\x0c\x7f\xee0\x8a/\x8fa\x90\x1c\xcf\xebZ\xb0\xf6o\
.G\xd7\xeaZ\xbc\xf0\x8e\x87\xe0>n\xe0\xbdwo\
\xc2\x89x\x0cI\xd7\x85;S\x82?4\x0d\x07*|\
]E\x92\x07\xb8\xf9\xfc.\xc4\x1b3\x98t\x5c/\x1f\
\x89kS\xbbv\xfd\xd5\xe6\xab\xd7~\xe3\x7f\x92\x0f\xfc\
\xf7\x0c\xe0\xd6[\x15\xdc~{\x90\xfe\xdc\x9d\xb3\xcb\xdd\
s_\xf6\x18\xabU\x19\xe3\x91\xc1a\xa5\xfc\xe8\xd3x\
G\xef>\x5cy\xf2e\xf4\x07>\xc6\xe8V\xe8@\xca\
\x05\x16QFoF1m\xb8X\xb7)\x83\xae\xb9\x1e\
\xbc \x02E\x8dB5bP4\xc2\xc6=\x04\x02\xd1\
\xa3\xf7k\x88\xdc\x81B\x19\xc1\xc3b\xd0&<\xdd\x8c\
\x11V@\xf7\x9a<\x1c!\x8c\xbe,7\x05\x98\x22\xc1\
 B\x00=\xa7\x023\xae`\xf8\xe44\xb6\xdc0\x02\
^3\x07\x9e\x19\xc5\xcb\xed\xf3\xf0\x8b\xd9\xcb1\xcd\x15\
\xa8\x8e\x0d\xad\xae\x0e^k3\x82tJ\xb0\x83\x04\x9b\
\x98Z\xbct\xea\xc3L_x\x01\xdf\x83nD\xf1\x8d\
\x9f|\x1e\x8b\x9f\x7f\x14\x07\xe7\xc4p\xe9w:0w\
\x96\x0a\xc7\xe60jj\xe0\xd74\xa2\xf7\xf9I\xf4\xff\
\xd5\xcbP\x0e9\xc8\xd5\x19\x98\xfd\x8d%8v\x7f?\
\x06~>\x85\xdey\xab\x91\xe8\xea\xc0uO\xfe\x06\xa5\
k\xebq\xf5\xfdK\xa1*qd\x0bQ\xf4\xfet\x10\
c_8\x8c\xa1\xbe\x19\x14\xe7\xabX\xfb\xe5u\xd0\x0a\
>&n\xde\x8c\x87\xbe\xfe}lYu\x01\x86Si\
L{>jfr\xb0N\x8c\x22o\x05pu\x0dM\
\x86\x827_4\x07N\xcc\xe0E(|\xcav\xdd\x89\
\xed\xbb.\xde\xb6\xe1\xc6\x9d\xb7r\xae\xfc;cs\xbf\
W\x0e\xc0\xb0d\x09\xc3\xda\xb5Z\xa9\xa5\xeb;^$\
Z\xc7l\xdb\xd7J\x15\xd5\xdds\x04<\x9e\xc2\x9ds\
Va8U\x8fW\xf6\xed\xc6\xac\xdc\xa8`\xe2\xb0X\
\x1c;;\x16c\x22\xd3\x80\xcb\xb7=\x84\x1d?\x0f\xd0\
u\x87\x0eo\xca\x85n\xa4\xe1\xb9t\xc2\xe8FSq\
(#\xbd\xa8\xd3\xf5\xb8\xc8\xe0\x05\xb4+skYR\
\x8a,@\x02)\xa2%+\x0c\x81\xd2\x0d\x02\x01h\x06\
\xa8\x22\xb0\x07\xd3\x88B1\x0a\xe8\xdbW\x02\xb7\x0c|\
k\xf5Mx>]'\xea\x7fT,h\xb1\x18\xd8\x82\
\xf9\xf0\x1a\xeb\x05\xd3\x97\xbc\x00\xa7\x1bO \x12\x01T\
\xa2\x84\x95M\x1a\xf1z\x9e\x0f\xdb+\xe2_\x17^\x8c\
/\x1e\xdb\x83\xb6\x93\xa3\xd8\xfe\xafCh\xfel\x17\x12\
\xf1(\xbc\xa2\x07\x9e\x1f\xc2\xfcs\xd3\xa8\x7f\xe2z\xbc\
\xfc\xe7;\xe0>2\x88\x87o\xde\x8d\x8a\x96\xc1\xd1\x8b\
o\xc2S\xe7\xad\xc3\x17\x1f\xbb\x0b\x15\x04H_\xa0A\
q|T\xfa\x87\x10Op\x9c\xf3\x17\xed\x98\xb8q\x1d\
\xd2\xdf:\x84S\xdf9\x85-\x7f\xf6\x14\xd2\xabRh\
P|\x5c\xff\xa1[pM\xa6\x09'_}=\xee}\
\xeb\xdbq\xb0\xbd\x1b51\x03\xc6\xc1!L\x94\x5c\x8c\
\xf9\x0a\x9e\xday\x0a7^2\x9f\x95}\x8f\xd7$\x13\
\xa6\xbbh\xfe]M7\xff\xf5\x1a\x89\xb8\xfd\xd7\xf9\x00\
\xfb\xef\xba\xfe\xf8w\x1f\xfeP\xa5\xa9\xe9\xcb\xbcT\xf0\
\x0c\xa6h\xfc\x99mp\xf2%\x09\xf1\x96\x0b\xe0\x96\x8d\
\xa4S\xc1\xe2\xca\x0c\x92\x81\x8b\xfeX\x06\xc7\xcc\x14\xe6\
\xfb\x16\xbe\xb0\xe5n\xf4\xa0\x82\xab6\xb5`\xe1\xb96\
JY\x03F\x8cz\x05\xb2\xc5Jq\x9c\xdc9\x81>\
\x84\xdd\x8b\x13N\x0d\x1d\xc6\xa1\x84\x9c~\x01\xddz\xae\
\xc0T8\xb9f\xcf\x83G$M\x972vK\xf4\x1b\
\xe8\xb9\x1c_\xc5\xf1c\x1e^\xf8\x5c\x01\xb3O*\xf8\
\xfc\x07?\x8bm\x8c\x10\x07\x8e\x9at\x12Ns3J\
\xba!\xde3\xa3\x1bL\x1dBr\xf7d\x08\xa2_\xa1\
\xa1\x9e(h\x94\xbd\x83\xc1\x05\x93\xe5i.\x8f\x15\xc7\
\xf6\xe0K\x8f~\x1f\xe3\xd9)\xd4}\xae\x05\xeb\xde6\
\x1b\x81\x1b\x01WTx\xe5\x02\x22\x99\x08\xc6g\xcax\
i\xed\x0e\x94Ku\xf8\xc77\xdc\x82\x9ed\x13\xde\xdc\
\xbb\x17\x7f\xf9\x9bobD\xe3X\xf5H7f-\xef\
\x80[$\xe4\xd3\x83W\xceBO\x98\xd0\xda\x1aq\xe0\
\xde\x93\xd8\xb9\xfe\xb80\xc4\x84\xaa\xa2\xe9\x1f\xcf\x85R\
va}y\x0f\x8c\x9aF\xbc\xf0\xc9\xdb\xf0\x83\x1b^\
\x0f7\x9fG\xfe@?\xa6\x8b\x9e8\x16\xd7\xcf\xa9\xc3\
\xfc\xe5]\x94\x0f\xf8AM\xad:z\xe4\xf0\x97\x9e\xb9\
\xf0\xdc\xbf\xfe\xef\x84\x02\xed\xbf\xe4\xec\xbfA\xf1[\xbf\
\xbcq\xc1D\x22\xfe)^*\x06\x9a\xa6\xa9\xca\xf6\x03\
\xb0re\xb0hD\xa0Z,\x9a\x10e^\x81\xfb\xd8\
\xa66\x86\xa6E\xd0+\xc3`M#\x06\xea;\xd06\
t\x04[\xbfSA\xe7\xbf&\x91\xac\xf3\xe0\x07\x05\xc1\
\xe1\xf6]\x0e\x87\xb0\x1a\xcb\x85\xeb\xf8p\x1d\x05nE\
\x87\xe7\xf8\xb0\xf2eT\xf2\x0c\x95\xbc\x82B\xce\x82U\
pQ)\x02\xe5\x9c\xb8\xd3(e]\xf8\xf6Y}\x00\
J\xc4K\x80=\xa2bN\xce\xc7\xe0\xc2sqp\xe5\
j,qJx\xd5\xa3\xf7\xa1{\xefnp\xc3D\xcf\
y\xe7a\xe3\xea\xcbqJ\xd5\xa1\xd2\xcd\xa6N#S\
pN)\x8fw<q\x0fZ\x8e\x1eA`\x15\xc1\x8d\
\x14\xdcd\x0a\xf9\x96\x06L\x99q\x9c\xd2L\xec^t\
\x11\xce\x7f\xe1Q\x1c\xfbV\x0e#\x97\xb9h\xedN\x8b\
\xf6?a N!\x87T\xbd\x8e\xe42\x1dxI\xc5\
9\x9e\x835\xd4 z\xe9A\xe4\xfc\x00\xf1k\x9a\xd0\
\xbe\xba\x1e\xde\xa4\x0b\xc5\x88\x08\xf8RO\x18P\xd9\x0c\
&w\xf7\xe0\xc4\xc3\xe3H\x84\xdd\xc1\x86\x8f\xce\xc6\xc5\
\xb77\x89Crr\xc3l\x1c{\xebf\xac\xfb\xc0_\
\x22>5\x81;\xde\xfa>\xb0Em\xa8?0\x881\
\xdb\xc7\x96\xbe)\xb4\xd6\xc5\x10m\xa9S\x0a\x85\xbc\x1f\
mm\xfb\xe0\xaa\xfb\x9f\xb8w\x13c[\xc5\x88]\xc8\
\xc0\xfe\x9f{\x80\xf0\xf4G\xef|\xf4!'\x9d\xb9\xde\
\x0f\x5c?z\xb2_\xf5v\x1f\x83\x17\x8b\x8a\xf8+\x1b\
\x22\xc4\x92udS\xc4u\x11\x84\xd4l\xe8\x94\xcd\xa9\
\xb8a\xe0\x08n\xd9\xfaK\xf4\x98*\xd4k\xe2\xe8\x5c\
Ap\xbc\x83\xf2\x94\x0f\xabd\xc2\x1au\xe1U\x1cP\
\xd3\xcc\xb7\x18\xbc\x8a\x0an{\xf0J\x1c\x9e\x15\xf6\xcc\
O\xa3\x84\xa25$\xe8\x1f\xb2\xad\x22\x9b\xc4!\xfa\x8b\
\x08\x80\x0c\xe3\x88\xa6\xd2\xd8\xbc\xe6&\xe8\xb9\x1c\xce\xdd\
\xf7\x02P\x9a\x00[\x15\x85\xe2)`{K\xf0\xe6\xad\
\xc0\xd7\xde\xfe\x11l\xa9k\x86b\x95\xd1`D\xf0\x85\
;?\x87\x96]\x9ba\xd7h\x88]U\x0f>Q\x84\
?\xec\xc0\x9fp\xa0M\xcb\xd7.i:4?\xc0\x14\
\xf7\xd1\xfd\x95\xb9\xb8\xe8\xcf\x97\xc0\x9b\xe1`\x1a\x13\xd7\
\x80%\xf3x\xf8/\xf6\xa3\xf4\xcb<RP)e\x13\
\xa0\x95\xd5\x14\xc5\x9a\xfb\xe6\xa2cA\x04^>\x0e5\
\x92\x04\xf7\xc9\x10<\x1c\xdf3\x8d\xfb>~\x0c\x91\x97\
J\xe8\x8c\xea\x88\xbd\xb9\x15\x97|q\x16\xb4|\x01\xdc\
\xd5a\xb4\xc606^\x87\xdd\xaf\xdd\x8c\xfa]c\xf8\
\xf9\xf7\x7f\x84\xef\xbf\xe2Z4d\xa7Q\xdc\xd3\x871\
\x9bc~B\xc3\x95\x97.BNW\x02%\x96P&\
FFw\xf6\x7f\xea\x1f/Z\xbfq\xa3w\xbb\x0c\x03\
\xfc\x7ff\x00\xe1\xcdO}\xe3\xd7\x1b\xec\xba\x86_\xba\
\x81\xefk\x85\xa2\x1al\xde\x01\x8f\xbaZ\x823E\xe8\
\x16\xb5\xef\xa9\x14\xe3\xa2La\xba\x8e\xbaRA\x84\xec\
\x82a\xc0\x22\xa6\x9bU\xc6\xfb\x0eo\xc5%\xc7\xb6\xa2\
\xcf\x0e(8!z\x1a\x16V`\x86\xec z3\xd4\
\xd9\x97\xb9=}O\xf6\xdc\xaa7\x97\x1ea\x0b@<\
~7\xc3\x09\xd3A\x10&\xeaC\x87\xa1\x060\xe3\x1c\
\xfe\x9aV\xcc\xbbe\x0e\xe6\xaeK\x83+u8\xfc\xc8\
4\x8e\xff\xf9C0\xd4\x0e|\xfd\xfd\xb7\xe1\x99\xbaf\
,+f\xf1\xd9/|\x18\xde\xd4(\x92\xb74\xe1\xf2\
\xaf\xce\x17\x99\xb7\xeb\xc6`\x175\xd8Y\x06\xa7H}\
\x02\x0e\xbb\x1c\xc0\xf3l4.0Q\xdf\x9a\x11\x85\x8a\
@\x09\x03\x0fJ\xc4\xc1\xe1\x17]\xe4\x0f\x95\xa0h\x1a\
<f\xc0Hr\xb4\x9dg\xa0y\x96\x07w\xc6\x85f\
\xa6\xc2ODp\xb3+\xd0R\xf2\x5c1]\x83\x9eH\
\xa2n\x8e\x07\x96\x1f\x01\xf7#P\xcd\x18\xbcR\x0eF\
C\x14\xc3\xc3Q\xec\xbd\xeci\xa0a\x1e\xfe\xf6\xa7\xf7\
\xe2\x94f\xa0s&\x8f\xe1\x1d=\xc8\xab:^1\xab\
\x16\xf3\xcf\x9dEC,\xbe\x93J\xab\xe3\x07\x0f|`\
\xeb+.\xf8\xfa\x7f\x16\x0a\xfe}\x03\xa0\xe4\xe1\xb6\xdb\
\x18\xa6k\x13\xfa\xcaE{|\xd3\xe8fA\xc0\xcd\xad\
;\x94\xcaLId\xe3\x86\xc6\x10o\xac\x05oiD\
%\x19C\x90\x88\xe3\xd2\xec\x18\xd6=|/\x1a\xb6\xbc\
\x04^\xb6P\xa9\xadG%\x96B\x91\xd3\x8dt1k\
\xe8\x08L^\x12/Q\xbd\x89\xd5\x06\xdd\xe9\x19\xfd*\
=\x8c\x18S\xe4H\xa2\x0a`28\xc4\xfd\xd7T\xe8\
\x09\x15\x81)\xc9\x9aF\xca\x04\x8f0\x81>\x9ai\x05\
\xben#Zg\xc0h6\x91l4\x91h\x89\x22\xd1\
\xc9\x90i\xe60|K`\xff\x9c\xa5`v.\xc5\xb1\
\xadC\xd8}\xd3\xc3\x88G\xba\xf0\xe9\xf7\x7f\x12G\xd3\
\xf5\xf8\xd6\x97?\x84\xbaS'\x91]g\xe2\x8a\xaf\xb7\
#-:\xd7\x0a\xb4h\x0a\x8aA\x8c\x1e\xbao1@\
`\x0f:`3\x04N\x88\x01V\xbbS\x8a\x0f5A\
\xc9\xacv\xd6\xa7\xa4\x94\xcc\x16\x09\xa3\xe08\x08nc\
\xb5\xf3\x01(Q\x1fP-\xea\x88\x89V\xb3_\x94\x95\
\x10u*\xab?\xe3\x16Fav\xa6\xb1\xeb\xdb\x83\x98\
\xf9H\x0f~r\xe7O\xf1\xa3\x0b\xaf@s`#r\
|\x08\xfd'&\x10\x8b\x1a\xb8q\xcd\x1ch\x8d\xe9\xa0\
\xc2T\x96-\x14'O=\xb5ei\xcf\xfb\xde:!\
\xee\xe7\xbf3t\xc2\xfe3\xc0'\xf2\xcd\x07>\xe1\xd4\
\xd5~\x8a\xbb\x8e\xaf\xf7\xf4\xab\xde\xb6\xfdP\xe2Q\xa8\
\xdd\xadP\xe7w!\xa8\xcd\x88\x86\x89\xeds,\x1b\x1f\
\xc5_\xdf\xf6A\xa00\x80\xc8\xe5\x09\xe8t\xc1\xb26\
\xbc\x19\x1bnA\xb6b\x83\xa4\x09\xa3A\x15\x03\x95f\
\xda\x80Z\xa3A\xa3I\xdb\x8c\x0e\x16\xf7\x11M\x1b\x02\
\xf2\x8cF5\x98\x09\x1f\x81\xc6\x11\x8ds(Q\x22\x8a\
\x9a\xd04\x05\xa6\xe9IOC\x11\xc6\xa0\x0bJ\xb7\xc8\
\x10#\x82\xe2TQ\xfb\x8e\x9c.!x\x1eG@\x17\
\x9e&\x8c\xb8\x01-\x92\xa4T\x1f\x9e\xad#:g!\
vo\xec\xc7\xf17<\x0ee\xf1J\xfc\xe5{>\x8d\
7\xdc\xf3m\xbca\xeb\x838\x99\xd4\xb0\xe0;\xf5\xb8\
\xe0\xb26\xd8\x15\x06\x95\xb0z\xc1\xd5\x93\x5c\x05Qy\
\x12\xb9E\xdc=*U\xe5\x8d\x16e\xa9\xa8 \xfc3\
\xf8D\xb5\xe7/\xe8\x10Lt\x22E\xb5#\xc82\xd5\
\xdc\xc5\x97e\xb0h\x8dK\x1f&x\x12\xa7\xe9c\x0a\
|\x9b\xfa\x18%\x8c\x8e:\xd8}\xe9Q\x1c\x7f\xd5;\
\xf0\xe9O\xff3\xec|\x1e\x0d\x11\x03\xc5mG15\
c\xe1\x9c\xf64.\xbch\x01\xa6<\xdf\x0fjj\xd4\
\xe1\xc3G\xbe\xbcm\xcd\xb9\x1f\xf9\x8f\xbc\x80\xf6\xef\xd6\
\xfc\xeb\x11\xd4~\xe6\x87m\xf9H\xe4#\xdc\xb5\xb9Q\
(+l\xc7\x01h\x0d\x19h\xe7-\x83\xd3\xde\x8c\xc0\
\xb6\x81\xd1q\x18c\xe3\xf0J\x0e\xd6\xbc\xf8\x18*\xe3\
\x03\x98\xfd\xf9\x16\x5c\xf9>\x1f\x81M7\xad\x16\xae\xc3\
`[\x1e\x14\xa6\xc1084\x8d\x8bV*e\xdbt\
A\x84\xc3\x17\xe4\x0c*\xe5\xa8\xf5k\x01>\xf5\x06U\
\xb0\x808ragQ\xfaY\x04\x1e\x87B\xe5#]\
\xc02\x05\x08\xe2\x01xp\xc2QCy\x93h`4\
,\x13Y\x0cJT\x17\xc0\x92$dj\xd0\x0c\x07\xd6\
\xa9cX\xf9\xfa6L\xde\xd2\x0d\xf7\x1b\xbb\xf1\x96\xed\
\x8f\xe1\xfe\xf3\xae\xc25\x07^DMv\x0a'6\x96\
\xb1\xf4\x22\x0bq\x9d\x81\xa6Y\xe8\xd0\x8b\x93K\x84\x12\
An\x09o\x16\xa3\xfe\xa4rV\x9f\xdf\x07|\x1d\xbe\
K\xe4\x13i\x18r\x96\x80j\x8a\x0at\x83\xca\xd5\xd0\
HB\xc0I>\x17\x19\x0a\x19\xaf'x\x81\xf25$\
\xbd\x950\x10zj5\xeab\xfch\x0ee\x9fA=\
p\x0c\xf5\xfbO\x22;\xaf\x15\x93\x01G\xed\xa2vT\
\xb6\x1d\xc7\x91\x91<\x96\x0eM\x22\xd9\xd1\xa8T\x8a\xc5\
 YW\xf7\xde\xd9?\xf8\xd9\xb76\x01'\xfe\xbd^\
\xc1\xbf5\x80%\xb7\xd1\x95\x0b*\xdf~\xe8C~\x22\
\x91A\xa5\xe4G\xf7\xecW\x83\xd9m(_z\x01|\
\xcb\x86\xbac/\xfc\x93\xfd\xc0T\x16\x15\xc7C\xa0\xea\
\xa8\xed\x1f\x10u5\xb7\x8b\xb0N\x95\x08h\x131\x90\
<^L\xb4\x01U\xf0\xb2\x0a\xcfw\xe1\x0b\xce\x80!\
\x99<L\xf2\x07\xc2\xd9\xb1\xf0\x04\xd0E!$\x90N\
\x91|\x8b\xe42\x05\xf2\xc7\x5c9\x0cJo\x9d\xcaG\
\x11{\xc3\xc9\x9d0\x83\x16\xf8\x81@\x09\xabA\x85\xd8\
<v\xf8\xfc\xf4<:\xb8\x97E0\xa5`\xf9_5\
\xe1\xe9\x9f\xf5\xe2\xc2\xe7\x9e\xc0\x0f\xde\xbe\x0a?:\xef\
Z|\xf8\xd9_`\xec\xe1\x12\x1e\x5c<\x85uo\xaa\
\x81\x89<\xac\xb2\x05\xcf\xd2\xe0\x96]\xd86\x91\x12 \
H.v\xd9\x11$V\x05\x1a\x5c\xc7Cv\xd2C\xdb\
\xd2z,\xbeb.<\x8b\x06\x9eUa\x00\xaa\xee`\
\xe0\xe0 \x8e<3\x08]\xa3\x1b\xad\x01\x9e\xfc\xacL\
\xe7\xf0]\x06\xbfHDY\x85\xe8_t\xe6\xa1i:\
\x98\xc1\x04\xc18\x92\xe0\x98*\x99\xd8q\x97\x85E\x0e\
G\x7f\xba\x01\xfd{{\xd1\x00\x1f\xf6\xbcN\xe4\x131\
4\xb6\xd4\xa0\xf7\xd4$v\x1e\x1b\xc3\xba\xd6:\xe6q\
\x1e$\xeb\xeb\xa3MK\x97\xfdm\x0fc\xefY\xcf\xb9\
\xb2\xe9?\xf5\x00\xe1\xe9\xaf\xff\xccOZ\xb2\xba\xfe.\
\xeeX<29\xa1X\xed\xcd`K\x16A;r\x12\
|\xd7~\xf8\xd3\x05xtgM\x02]\xa8\x99\xad\xa1\
\x9cL\x92X\x03N<\xe3a\xd5+\x09\xcc\xa9\xd0\x7f\
\x16\xa7\x91S\xde\xae\x98\xe2\x22\x81\xf8y0\xc5I\x12\
`\xcei\xff(\xddg@\xa7\x94P>q\xb3\x09\x13\
\xa0\x9b/O\xb9\xa4\x96\x89\xa3(\x1f\x81\x03E#F\
\x0d\xd1\xa8\xc3\x18\x5c\xd5y!4Q\xd8\x94*\x07y\
\xb8\x04y\x98\x12\x117\x84\x8c\xb32y\x0a5m\x0d\
\x88]\xa0\xc2}l\x18\xddn\x11\xf7,\xbc\x00sg\
\xc6q\xed\xce'\xb0\xe7\x9fF\xf1\xdd\x8dY$4\x1f\
A\xc1\x13\xd20\xe4C}\xe9\x8c\x00\x8f\xc1\xb3\xb9 \
\xa9\x10S\x99rm\x1a.\xb9\xe4\xef\x18\x96\xac\xeb\x14\
\x87\x9c\x08\xb0\x84(2\xc3\xc7\xe8\xc9,^\xfcTY\
\x0c\x9fJ\x9e\xa3d=I3\xd5\x91Y\x97\x81\xd3[\
A\xf1d9\x1cC'\xa3\x95~A\x89@4\xda\x08\
\xd2\xd6\xf4\x08\x1e\xed^\x02[U\x90\xdd\xdb\x07#\x19\
G\xb6\xa9\x0eZ{=\x12cY\x9c\x1c/b\xf9\xe0\
\x04\x12\xdd\xcdJ\xa1P\xe4\x91t\xfa\xe6\x95?\xfe\xf1\
\xbflb\xecD\x15\xd5\xfd\xf7\x0d <\xfd\xe5o?\
\xfc\x1e?\x91\xacQ\xb2\xd3>O\xa5U\xa7\xb1\x09\xda\
\xd3[\xc1\x8f\xf4\xc2\xa3\xc4\x84\xb0\xf3j0\x0c\xa9Y\
\xa7\x92\x8dX\xc5\x18\x06^p0p<\x89\xf9\xf3\xcb\
\xb0\xca.\xcc\x88!\xb3c1\xcb//\x14\x91)\x88\
<\xc1\x03M\xf2\xec\x04\xb6O\xb5\x00\x011d\x04\xc4\
\xdc\xa5\xb0\xe0\x09\xd6\x90U\x0eDN\x11\xaf!V1\
\x11:\xe4MT5\x8eB\xb6\x84\x13/\x8e\x8a\x89\x1e\
\xe2\xee1\xae\x0a\xde\x81\xae\xfb0\x93:\xa2I\x13\x91\
\xa4\x0e3\xe6\x8b.\x9aBH\xa1F\xe8\xa2\x0d\xa6Z\
\xd0\x95\xb2\xc8)(\x98D\xc8RjS\xf8\xf29k\
\x917L\x5c~d;\xbc\x13\x93p g\x0c\xabA\
\xa6Z\x95\xd0\xb3\xc8\xb2\x94R\x0byM\xa9\x17\x1a\x8f\
:\x82\xbe$\x85'B\x95\x1b\x22\x97\xf8\xc0\x02p$\
(=\x01\x818\x0c\xc8\x18P\x96\xa7\xb0\xf0\x03\xcdX\
\xf4\xea&dG\x81-\xef9\x00\xfb\xa1QXm\xed\
\xa2:2\x8b\x16\x02\x9bCO\x04(\xd44\xe2\xcb+\
\xd7\xe1pc\xab\xa0\xa6\x175\x1d\xe6\x9eS\xa8\xbf\xd0\
D6\x1aEmC\x06\xc5\xfei\xec?9\x89\x8b\xdb\
\xea\x99\x17p?R_\x1f\x8d\xcf_\xf6.\x00\x1f[\
\x7f\xdbml\xd3\xedg\xc6J\xce\x18\x80\x84\x0d\xfd\x9a\
\xbf\xfbN\xba\xa4+\x7f\xce\xac\x12\xe7\x0ac\xbe\xaaA\
{j+\xbc\xa1\x09\xf0xB\x9eN\x11\xfb(\xec\x91\
\x08\x83Ltv\xd5w\xe2\xeat#R\xd91l\xf9\
v\x1eK\xbe\x93\x10`\x8d\xaa\x04\xa2]K7\xdb\xf3\
8*\xd3\x1e\xca9\x97\x18\xdbH\xb7\xc6\x10K\x93\x0b\
'.\x171y\x15h1\x03\xd9q\x86\xfb?\xdc\x83\
\xca4\xf5\xf2\x81\xfc\x8c\x8b\xceK\x93x\xf3\x17\xdb\xc1\
m\xc9\xff\x125t\x9ca\xec\x84\x8d\x87>\x98\x87[\
\x01\x1c\x01>\x91\x91\x85SDI\x065\xce\x10M1\
$\x9b\x81T\x9b\x8eL;G\xba\x8d\xa1\xb6NCm\
]\x14;\x9f\x9bD\xdf\xf3\x1e\xea\x93\xf5\x18\xd4\x13t\
\xf7\xe04\xd4\xe3\x9b\xc6Z<\xb4\xe8\x02\xdcq\xff\xb7\
\x91)\x0d\xa1\xed+\xf3\x10O\xa7\x91\xdf_\x817\xe1\
\xa22\xcd\x11X\x1e\x98\xae@u\x89!D\xe7\x80C\
\xf7|\xa4\x17\xa4\x80\x80B\xdciq\x02 \xd0Q;\
\xaf\x0dM\xef2\x91\xacW\x11\x99\x13\x83V\x93D\xb2\
\xd3D\xfdB\x05\xa6\xee\xc3\xe9\x9b@&\x1d\xc5+~\
8\x0f[\xaf\xcb#?\xd3\x84\xcf_\xbb\x01v\xb9\x22\
\xa6\x9f\x03E\xc1X$\x8e\x8a\x11Aj\xf9|\x04%\
\x1b\x95\xf1<l\xfa\xec\x07\xfa\xa0-\x9f\x8brC\x06\
\x06y\x81\xc92\xe6\x8d\xcc@k\xadc4\x03\xa9&\
\x92o[~\xeb\x97\xef\xd8\xc4X\xf6l\x88\xf8\x8c\x01\
\xdc\xf6\xac`S\x95;\x1a_\x13\xc4\x12m(\xe4|\
\xc50T\xfd\xc5\x9d\xb0\x07'\xc0c1!\x98 \xc6\
\xae\xe9\xe7\xe9\xe4\xd2\xbd\x17\xae/\xc0\x90\x11\xc5\x96\xd9\
\xe7\xe1\xba\xdd\x0f\xe1\xf8\x93\x0e~r[\x04W\xbcV\
Eq\xdaEn\x92a|\xc8\xc6\xe4I\x07\xb9~\x0f\
n>\x10o\xfa\xb5_\x01\x96_\x1e\x13u5\xb9@\
\x0a\xac^\xc5F\xb2\xc5\x10$\x12\x7f\x8f+NX\x1d\
\xbd\xd1q\x17\x011d\x14j\x12\xc90!\xdc\xbcm\
\xa3\xadH9\xba\xc4\x16$\xc7\x98\xd2F\x0e\xe2}:\
\x93\xf2T\x16\xf6\x03\xd3p\xa9\xa1\x08/\xca\xa0\xd70\
h\xa92\x9c\x11\x86\xd59\x1fO\xaf\x5c\x8c\x11\xd5\x84\
J\xe4\xd2L\x1a0tL\xd8.\xcaf\x0azi\x08\
\xe9\xc5\x0e\xe6\xae\x0c\x10\x5c\x9f\x12\xacb\x1ft\x18\xb4\
\x90\xd2.\x9c\xb4\xbc\x8e\xa4Hf\xf9\xf0K\x15\xe1i\
d\xc9\xc7\xe1\x95|t\x9f\xd3\x84Y\x176\x13\xffK\
\xe6:\xd4\x9f \xe0\xac \xf3\x0aE5Q\x1a\x9dD\
fv-\xe6\xdc\xd6\x0d\xfd\xc6\x9d\xb8\xb0o\x05~\xd4\
\xbe\x08\x02%\x13\x83%\x80\xde\xd6\x04+\x9d\x02\xeaT\
\x98\x14\xcaF\xb3\xc8M\x16\x91\xee\x1f\x85\xdf\xd9\x8cH\
\x22\x8a\xfct\x19'\xfa\xa7\xb1\xbc\xb5V\xb1l\xdb\x8f\
\xd4\xd6\xb5\xc6/]\xfdj\x00?\x5c\xfb\xec\xb3\xeaf\
\x19Y\xce6\x80\xcb|\xdc\x0e\x16\xe8\xfa\xbb=\xd7\xe1\
\x8a\x19\x81y\xe8(\x9c\x9ea \x11\x03\x5c\x1f\x81E\
\xe3J2~\x92\x1b\xa7$\xc6\x17\x13\xb34A\xe3\xe3\
\xfeY\xe7\xa09?\x86\x95'v\xe0\xf8Or\xd8\xf5\
K\x91\xaa\x89\xa9]\x03\x1c\x99\x90\x07Hh]\xa2V\
E\xd3\x22\x1dn\xa5$\xe6\xfdD\xec\x86\x02\x959(\
\xe7\xca0-\x0fI\x06\xcct\xceCf\xa0\x0f\xb1\x98\
\x0bN\x17ZH\x80\x84\x91S\xe1\xb0-\x07*\xe3P\
#i\xfc\xe4\xbck\xe1\xaa\x1a\xf4\x80#\xe6VPW\
\xce\xa3\xce\xb3\xd0\x5c\x9aA[9\x87X\xb9\x04n\x97\
Q\xa9\x04p*\x01\x94a j\x1axy\xd9\x85\xb8\
k\xd1\x85PuE\x8cz\x8b\xe7\x8e\xc6`\xa7#\x18\
ok\x150\xf6\xd1_\x95\xd0\xda\xca\xa0X*\x98\x91\
\x84\xa2Z\x22\x1f\x11\xb9J\x95\x8e,'V\xc0\xb5\x88\
\x84\xb5\x04:\x1d6\xb1\x98\x0a\xbf\xc2\x01j\x1e\x11c\
J\xf4;d\xdeBy\x02\xd5\xfc\xf4\xd2\xaa^Ae\
p\x12\x1d+\x1385\x0f\xb8\xee\xc0^<\xb8\xfc\x22\
\xe4\xfc$\x98\x11\x81__\x0b\xbf\xb1V\x0e\xcc\x10\xef\
\xa2\xbd\x11*S\xe0\x8f\xce\xa0\xd2;\x09=\x91\x80\x9b\
N@\xc9\x96\xd17Y\xc4\xec\xe9\x12\xd4L\x9c\x90Y\
\xee\xd5\xd6\xddL\x06\xf0\xece\x97QasV\x08X\
\xbf\x91\xb2-?\xfd\x85\x8d\xab\x8a\xaaq!A\x9a\xc6\
tV\x0d\x0e\x1c\x87\x17\x89\x00E\x0bFD\xc1\xbcs\
:0g~\x072\x8d5p#\x11\xa1\xc45\x91\xcd\
czt\x1aS'\x87\x90\x1f\xcd\xe1\xbb\x8b/\xc3\xab\
\xcd\x18^\xd1\xb3\x13s+%\xf1\x02\x06\xc9\xb8D\xe3\
\x98L5\xc3W\x02dFO!~\xa1\x8a:\x22\xcc\
N)\xd0\xe3D\x07\x97\x137J\x14\x98\xee3`\xf5\
q\xb8z\x12\xc7\xdb\x97\xe1\xc2\xbe\x1e\x18I\x06\x85\x9a\
'\x81*\xa8\xd9\xd5\xa9\x1a\x11z9\xe0Dbx\xac\
\xbe\x0b\x0ee\xd6a\x88\x12\x89%\xb1k\x19\x10\xf7\x1d\
d\xec2\x8d\x9b\xa0\xc3s\x10c\x01&\xb5\x08\xa65\
\x1d=f\x02,\x9e\x10 \x8d\xe84\xd2m\x09\xb8p\
r\x07\x1b\xbbp\x118\xc6\x1e\xc9al\x83\x81\xee\xf6\
\x1aXv\x08\xe4\x08\xcd \xe5t\x03K\xfc[\x0cz\
P\x12K\xde\xa1j\x04\xc4\x86v\xa0j\x0c\xcc\x90Y\
\x03\xe5E2<\x84\xf3F\xe2u\xa9\x0a\x08\xe09\x96\
\x04\x91kt4\xec<\x8e\xf9I\x13/\xd6wC!\
\x0c!bH~#=?E\x16b0\xb75\xc0t\
}8\x93y\x04=#\xf0\xda\xeaE\x8b\xbbd\xfb\x18\
\x19\x9cBWm\x5c)\x96J\xd4\x09\xbdd\xde\x8f~\
\xbe\x881vX\xf4yngB-\x15X\xbf^\xc8\
[\x96c\x91\x0d<\x1aQ\xb5r\xd1S\xf6\x1e\xd1\xca\
\x1e\xe9\xe7\xd9X\xbc\xb2\x13\xaf\xb8b%Z:[Q\
\x01C\xc1\x0b\x90s}\x90xF\xba\xb3\x0d\xc9\xe5@\
c\xd9\xc2\xf8\xa1\x1e\xf4=\xbf\x07\xbf\xecX\x81\xcd\x8d\
s\xb187\x8eH\x10\xa0\xa8\x1a\xe8\x8b$0\x92\xaa\
\xc3\xdf\x1c\xd9\x824\x093\x5c\xa9@\xe3E\xb8\x88\x87\
% \x81!\xd4XR\xd1\xffr\x1eZ\x05\x18lm\
\xc5\x84a\x08z\x98\xafGC\xf4\xac\xaa\xd4AU@\
Ed\xca\x82\xf4\x11\x89\xc1hh\x84\x9f\xcf\xc9Pe\
\xea\x82n\xcd+\x15\x91\xa7\x164\x05\x85H\x06\xaf\x19\
?\x81\x0b\x0e\xee\x84\xe7\xda\x18\x9e;\x1f?\x9e{\xa1\
x>\xa5\xa6V\xd2\xbb\xc3\xfeF@7\xa4\x5c\xc4\x93\
\xed\x8b\xf0\xaa\xfaf\xd4\x1d\x1d\xc5\x91\x07\x1d\xcc\xfaX\
\x05Q\x8bn^uT\x5c&\xb2\x81Kme\x1f>\
W\xa1D\xebD\xf2&=C\xd8\xac\xe2\x16\xf2\x93%\
\x04vAT\xb6\xac\xca;\xa4\x0a\x89\xc0,\xe6\x82\x05\
\xf4[\xae\xf8\xfb\xc1\xede\x14N\xa90\xfc\x1c\xd6\xee\
~\x11\xd6\x85W`_M=|\x9a\x8d\x0c\xf3\x0d\x19\
uhX\xd6\x83\xdf\xd1\x08\xc3va\xcf\x14\xc1\x22\xa6\
0\x14\x94lL\x8c\xe51\xdbr\x99\xa9\xa9\x9eRS\
c\x96\xbb\xe7P\x188\xbc\xf6\xb2g\x95\xcd\xb7\x0b\xf4\
\x05\x8cP\xbf\xae\xb7\xdf\x1a\x19\x04{-Y\xa2\xd1;\
\xa8\x94G\xa7\x91LEp\xedM\x17`\xd9\xea%\xb0\
=\x8e\xbdS\x05\x0cU\x1c\xccx\x01\xca$\xbd\x12\x04\
\xd0\x84\xd6\x8e\x80\xe5`,\x9d\x87\xf9]-\x18~\xe8\
9\x8c\xee\xef\xc1h]wH\xe2\x97'\xf2\xd2\xdc0\
V\xf4\xedG\xa1E\xc3\xdc\xab2\xa2\x9dL\xe1D\x9c\
\x1a\xcaKT\x0fv\x89\xa3\xe7\xe1\x02\xd2\x00v6t\
\xc3\xa0\x9c/,\x85d6->\xbdP\x8f\x12\x09\x89\
'\xcbB;\x1a\x87\x9dL\xc1\x8fDE\xf5\xc03I\
\xf0\xc6z(\xe52\xb4c'\xe1\x15m\xbcs\xe8\x08\
^\xf5\xfc=(\xae\x88\x22>/\x869\x9b\x9eE[\
\xb1\x88O\xdf\xf8.X\x06\xc1\xbb\x9a\xe0\x03F\xb8\x87\
2\x19\x82\x1f`\xa4\xa1\x19_\xbct\x03\xfe\xf1\xf1\x1f\
`\xea;\x05\xdco\xb9hj\xd0\xe1\x96*\xa8\xe4m\
!IP\xc9\x893.\xdc:\x11]_\xf1\xc1s\xd0\
\xb5\xa8\x1e.\x85\x19\x1a5'\x9e\xa3ia\xeb\x9d\xbd\
8\xf0h\x01\x11\x93\xc0\x22YC\x88A'\xc5\x95c\
\x03T)\x18\x5c\xcc)\x14O)h\x9dp1\x0e\x15\
\xe7>\xf0\x03\x5c\xf2\xeb\x9f\xe1\xf0\xf5\xaf\xc2Wnz\
+\x86(\xf4T\xa7\x96B\xa4Q\xc8\x8cu6\x81\x1d\
\x1f\x04\x9f)\x82'\xa2\xa2*\x9a\xc8[\xc8M\xe6`\
\xb45\xb0\x8a\xe7\xc1I$n\x04p\xc7\xe6\xcb.\x13\
\xa8\xa0\x86\x8d\x1b\x15j\xfa\xe4\x97-9\x8f\x9b\xe6\x1c\
%\x97\xe7\xfe\xc1\xe3JM&\x82\x9b\xde~5\xe6\xcc\
\xe9\xc0\xb1\xc9<\xf6\x17*(\x93\x9a&\x119U\x05\
\x09\x85\xc1\x0e%\xb9H9\xcb\xf7*(\x13\xcd\xca0\
\x91y\xf5:(\xa6\x8e\xec\xce#PLC\xb0jc\
\xb1\x08^}j3*\x81\x87\xf6\x9b\x93h\xeaT\x90\
?\x05Dh\x9c\x9a\x22\xa5SF$\x19\xe0\xf0n \
\xffR\x80\x94\xa2c{c7.\x0b\x8a\xf2\xe6S\xcb\
\x96\x124\x01\xb3\x92\xdd\xca\x0fN'O\x18\x08}\xe0\
\xe6z\xb0\x911\xf8\x16\x80\xc9\x1c4\xdb\x85:\xa7\x03\
\xf6\xda\x8b\xd0}\xf2\x14\xae~\xf8[\x18\x8f3\x5c\xfd\
\x9dY\xe8<?\x82\x9f]nc\xce\xb3{q^y\
\x02/\xa4\xe6\xe0\x8d\x07^\xc6\xc5{\x9e\x87\x92\xb3Q\
\xac\xadA)\x19E)\x99\xc4\xf1x\x1d\xf6.\x5c\x89\
\xa5\xbb\xb7\xa2\xffK\x16\x0e\x87)\xdfY\x8as\xa2C\
)\xfeW\xe7\x83}\x98f\x01\xebC\x90*\x1cn\xd5\
9\xd4\x8a\x8d\xf4Q\x8e\x84\x94\xb5B \x18\x07d4\
\xb2\x99\x14Ba\x22o\xa8% \xe8\x9c\x14\x96\x7f\xa6\
\x0b\xa9\x05M8|\xe7 \x96\xfc\xcb\x8f\xf0\xb9\x93\xc7\
\xf1\xe9W\xbf\x07}\x8d\xb5P\x9a\xeaa\x11\xa7\x92J\
f\x92\xc3\x89\xea\xd0\x9bj`\x8fL\x8b\xe1\x162\x80\
J\xc00:8\x83\xf9mu\xcaP\xa9\x04fFV\
/\xbes\xe3\xc2C\x8c\x1d\x22dP\xc3\xc1\x06\xf1\xca\
y\xc3\xb8\x1e\x89\x04S\x0f\x1c\xf3\xa2\x9e\xa3\xdd\xf8\xe7\
\xafBG{\x0b^\x1c\x9c\xc2\xde\x8a\x83\xb8\xa1\xa3\xce\
\xd0@]OQ\xfaS\x1dN|~\x82uT\x15\x96\
\xef\xc3\xa6\xa4\xc4q`\xbb.b\xeb\xd6\xc0\xa5~~\
\xef(\xbc\xdaz\xbcf\xe80\xba\xfa\x8ec\xa6\xdb\xc0\
\xaa\xbf\x88\xc3\x1a+@#D\x84\x91\x07 ZX\x19\
>b\xd8\xb1\xa9\x8cx\xc5\xc7\xa9\xe6.\x0c4v \
>qD\xbc\x86\xa1\x92'\xb1\xa1\x88I`\x19;\xe9\
=\xb8\xd4\xde%\x0f\xa0G\xe0\xd5\xa4\x80D\x04\xca\xd0\
8\xf8d\x16\x1eM\xe8l\xdf\x07e\xfel\x5c\x9c\x1b\
\x82Z\x9cD\xe2\x02\x1du\xb5y\x04\x13\x05\xc4\x1b,\
\xaa;\x90,\xcc\xe0\x15\xca\x00\xde\xb9\xf1\xab\x98ip\
\x11;/\x0e\xff\xb0\x05\xf4\xf8P,\xe0rQ\xdf\x13\
\x90\xcb\xd1~V\xc3\xaa\xfa\x08\xa3\xbap\xfbe\x8aN\
\x1a\x85\x12\xe9\xf5\x04\xb9EX\x09Q\xe0\x1d4#\x10\
\xd5\xca\x19\x8eS\x15\x03\x0d5\xcdb\x0ax\xbd\x8a\xc4\
\x0d\xcd8\xf7\xef;PS_\x02/\x8f\xa1\xf5\x8ef\
lm\xf6\x11|\xe4\x05|X\x8f\xe0c\xeb\xde\x02>\
<!\xfa2vk\x83x>\xca\x0d\xecL\x02,[\
\x02\x17(\xa3\x84\xa7\xc7(\x19,\xdb\xccTU\x9f\xa7\
3z0\xab\xe3J\x00\x87Hq]\xa3\xec_\xc8M\
\xe8\xea\xe5(\x95\x10\xe9\xede\x97\xbf~-\xba;[\
\xb0e`\x12']\x1f\x0dD\xdcT\x15\xa8\xc4H5\
t\xa9\xa5\x07\x06\xc3\xf3\xc0-\x07\x0e\x8d{\x09M>\
I\xa4\xcc\xbb\x9e\x10\xb8\xa8\xb9\xe4\x5c\x14\x0a\xdbp\xc5\
\xd4\x10n\xd8\xfb\x18&\x19\xc7\xaaO%QW\xcb\x91\
\xeb\xf5\x11\xcbdD,\xf3,\x1b\xd1T\x04G\xf7\x19\
\x18\xba?\x87\xf9\x0apO\xfb2 \x99@d\x84`\
\x18 \x9a!\x18[*\x85\x08XXP\xc8\xe4I\xa2\
\x9bQ\xa2\xbe\xf3\xd0\x08\x94\xae\x16\xf0\x05]`t2\
\x06\xc6`\x07\x1a\xd8\xa9\x11,|\xe1I!\xd9\x12\x9b\
\xad\x88\x81\x15A\xfa\x85.N!1z\x96\xf4\x1fF\
\x96\xbbh\xfbD#.\xb8\xa5\x0b\xc5Q\x86\xd2\xb4/\
\xfe,\x0f\x95\xe1\x8eWP\x9e(\x81UH>NE\
\x99\x06:\x04\xacO\x89&\xc5xE\xb0\x95\x22\x8d@\
\xb26&g\xfe\xa9c(B$\xb9z\x13M\x97\xcd\
\x06\xa2\x0e\xcc\x04G$j\x88|\xc77\x14\xc4S\x0a\
\xd4X\x003\xa1A\xcf\xe8H\xb4\xe8\xc84x\x08\xb2\
\x13(\xf7Q\x95\xc4\xa0\x16\x8bX\xf3\xfe\x14\x1e\xdf]\
\x83\xf9?y\x1ao\xe9^\x84o.\xba\x08\xfa\x89A\
\xe83E\xf8\xf3:\xe0\xea\xb23\xa9d\x12\x08&\xf3\
\xa7\xc51\xb3\x96\x8f\xa9\xc9\x02\xcc\xd6Za(\x85X\
r-\x80\xaf5^F\x85,c<s\xebw:m\
S?\xc7\xe99\x85\x85K\xda\x94\xa5\xe7-\xc2K\x03\
\x93\xd8Wv\x9014\xd84\xbfG\x03\x90\x86\x86\xf2\
L\x1e\xa5\xc9\x1c\x98\xed \x9aI\x22\xdd\xde\x08\x83\x86\
;+\x16\xca\x9e\x8f\x8aG\x1az\x0c\x9aea\xa8\xa9\
\x09\x97v\xc4\xf0\xae\xfb~\x8e\x5c\xb9\x84\xb6\x0f\xa6\xb1\
\xea\xb5Q\xe4OL\xc0L\xd0\x00)\x0du\xd2\xcc\x9e\
\x0d\xdb\x8fb\xeb]%\xd4\xcf\xd88\xd5<\x1b[\xda\
\x17\x0aY\xb7\xa8]\x16oZMQ<\xa5\xd3/\xb3\
o\xd1VU\x5c1\xa8)\x94E\xa8,\x1d\x1aG\xb4\
X\x82\xb5x.\xfcy\x9dP\x131\x04\xc7\xfa\xc4\x98\
_\xca.\x0a\x0c\xa0\xb9\x8b\x8c\x98\x9aM@$\xc6I\
\xbdE\x18X\xc5\xf3E\xb52~\xa4\x0c\xa7\xaf\x1ff\
\xc5G<\x19GK\xbd\x06\xac4\x00\xa3\x06Pj%\
\xff\x10\x1a\x02\xa1A i)\xb2\xe4\x13\xdc6\x88\xbc\
\xba\xe4KU\x13\x1a+\xa7\xf7G\xadm\xcb\xc0\xb2W\
vc\xd9\xeb\xc2&\x105\xe6\xc2!\x18\xd1\xe8\xa2\xaa\
\x80\xfa\xdfD/\xb2m8\xc3\x15q\x03\x8dd\x8d\xc8\
\xb1\x9c\xc2\xa4 \xa5\xac\xbe\xad\x1e\xcfm)\xe0\xaa\xcd\
\x8f\xe0\x81\xb9\xe7b\xc0\x8c\x08O\xa7\x1f8\x09mA\
7\x5c\xd3@\x10\x8f\x00\xf9\xb2\x1c\x9eUT\xf1\xb9\xf3\
\x13\x05\xb4\xb6\xd5\xb2\xa2m\xc11\xb4\x8bj\xfe\xee\x9f\
\xd3\x9b\x18\xcb\x89*\xa0\x98\xacY\xc3\x98\x1e\xab+e\
\xfd\x8b^y\x91\xda;Y\xc0\xce\x5cY\xd4\xc8e\xaa\
\xce\x22\x11\x94&\xf3\xa8\xec>\x8a\xc2\xc8\x8c(\xb5\xa8\
\xf6\xd7T\x86\x96\x8e\x1at\xae]\x0e\xae\x19\xb0\x1d_\
\xfc<a\x06\xc5d\x0a\x17\x1f>\x84w\xfe\xeck\xb0\
\xcb%$\xdf\x90\xc6\xd5\xb7\xa7`\x8d\x14D\x83D\xf2\
\xf99|\xab\x82XM\x14[\x1f\xb51\xf9`\x09\x0b\
T\x1d\xdf\x99s!*\x22\x99\xe3\xd0\xac\x8a\xb8Az\
\x92\xb8{t\xee\xdd3X\x80\xe8\x0f\xd0M\x00|5\
\x82 \x12Gq\xaa\x00u\xfb\x01\x98Kf\xc3n\xa9\
\x03\x8f\x99\xa8\xeb\x1dAfjR\x5c\x88\xcc\xdc\x08\x18\
\xe5\x12\xccB\xa4QA\x91\x01\x09\xdb\x12\x15\x8a\xc99\
\x066\x07\x18}\x1b\xd0^g\xc0u48\x15b\x05\
\xd2i\xa6\xf9>E\x0c\xb7\xca\xc6\x14\x01@t\xc2%\
(,\xcb\xc2\xea\x88;i\x1b\x90\x1aI\xd8}\x0d\x89\
\xa6\xc1\x14U\x0f\xe4\xc5d\x06pz\xbc]T6T\
\xd6QF(\xc1\x1ehQ\xa8\x0aU\x18~\x98D\xc6\
Q\x99\xce\xa3~V-\x9a\xdf\x9cD\xf6s\xfd\xb8`\
\xe4\x04\x06\xe6\xac\x10U\x83c\xfb\xd0\x8e\xf6A\xa16\
\xbd\xa6\x82\xc5\x22`\x05\xe2lJjmn\xba\x88N\
\xd7\xa3A%\xaeEb\xcd5\x17\x9d\xbft\x06x^\
\xbecS\xbf\xc8\x9d\xc9\xe1\x9cy\xad<\x96J\xe1\xb9\
\x91ixLA\x9e\x94\xb6\xa31\x14\x8f\x9c\xc2\xd8\x03\
[1\xd9?\x0d[5\xc0\xe3q\xb0d\x02^<\x8e\
\x81\x81\x1c\x8e>\xbdG`\xf7\x14\x83HC\xb7\x92\xcc\
\xe0\xaa\x97_\xc2\xbbn\xbd\x05lh\x08\xd1\xf5)\xdc\
\xf4\xcd\x98\x18\xeb\xf2J\x16\xf4(\xe1vL(q\xc4\
31\xf4\x9eT\xf0\xecW,\xb4\x97=<;\xfb\x5c\
\xec\xac\xef\x80bh\x02\x17\x88:\x84\xc3\x03\x11*\x0b\
NK\xaeP2H'\x90\xce\x1f\x13\xe2\x8e\xed\xa5I\
\xcc.\x17\xd0\xa1\x015\x8e\x87\x9a=G\xd1\xd6\xd3\x8f\
\x9ad\x0c\x97\xf8\xe3\x88e\x87\x11$\x144,\x8d\xc0\
\xadT\xc4\xb5\x8e\xcd\x8a\x08-\xe0\xe5'\x0f\x09\xfd\xc0\
\xbc\x1e\x85q\xc4F\xef\x0e\x0b\xaa\xa9\xc0w\x08\xcd\x8b\
\x80i\x94QKz\x1b%\xb9D$\x15_\xbad@\
1\xd2\xa9'\x92\x8ai\x88\xc1O5\xae\x0aY;-\
\x02h\x11\x0e-\xeaC\x8b\xf8P#>\xb4(\xfd\x9b\
A\x8f\x02F\x9c\x04#\xe9O@\x8f\xfa0b.\x8c\
\x88\x07=\xc2\xc4\x97\xaa\xbbP5\xaa\x10l(*\x01\
p\x01P\x99A\xfa\x1c\xc0b\x1ef\x0d\xf7\xc8\x8a\x88\
\x0cM%\xce\x80\x07\xb5g\x08\x0a\x11d\xc9\x08D\xcf\
I\xe6\x22S%\x1b^\xd9F\x5cS\xfdx\x22\x81D\
2ESq\x22\xa7\x83\xe7\x07+3\xdc\xc1\x8a\xc5\xb3\
\xd9\x0bC\x93\x18w<$\xa8\x14\x89E\xa1\x1d\xeeA\
\xf6\x85\x83p\x09(\xa1\xc1\xc8\x10\xf0\xaa\x92\x19\xa8\xe6\
\xcc\x8f\xe7\x91\x18\x1aG\xbe\xa1\x1e\x8dZ\x047\xfc\xe6\
g\xb8\xf2\xbb_G9pQ\xfb\x17I\x5c{G=\
\xd4b\x16\x95\x99<LB\x15\x11\x81[.\x8a\xe1\x88\
\xd1\x91\x08~\xf5\x99i\xa4\xf6\xdb\x98l\xe8\xc6\x0fg\
\xad\x96dS:e4\xb8\x11P\xe4\x06T\x83\xe2\xa8\
l\xad\xd2\xcd\xa7\xb9\x00\xea5'\xeaU\x14\x03\x8e\xa6\
c;q\xeb\x89\xa3\x80\x19\x11\xfaA\x1e'\x9c\xc1\x01\
\x12qDG\x060\x03\x0f\xcdo\xca\xa0e\x1e`\x0d\
\x97a\xa8\x09t_\x12\xc3\xfeL\x16K\x0f<\x879\
\x0b\xcf\xc53+\xd7\xe2\xba\x97\x1f\xc5\x91\x1f\xb9Xy\
\xa5\x81t\x9a&x\xcb\x12\xf5\x14~\x5cN\xc7\x09\x0c\
'(Q\xdc\x11\xdf\xf3CTW0\x94\xdd\x006\xa9\
S\xb1\x00\x5c\xd3\x85\x1a)\xf5@T5\x80\x11\xf3\xc0\
\xa9\xfc\x13\xf9\x87/4\x0d\xe8\xbfK\x01\x14\xca\xa3\xe8\
\x89%\x98\xad\x08\xc4\xd5\x83\x16Q\xa0\xeb\x81\x109%\
\x0e\xc5L\x1fG\xef\x16Y6G\xbc2X*\x0e\x8c\
\x97doFU\xe1\x15JP\x86\xc7\xc1[\x1b\x85\xda\
\x1as\xa8_\xa1\xa1\xe2\x04(e\xcb\xd49$%J\
\x04\xa6\xb6Z\x18\xc0\x9c\xcf\xde\xd9p\xa2l\xcd[\xda\
\x9a$\xb1De\xf7XV\xea\xf9\x98\x11\xa4G&1\
\xfe\xd2!\xf8\xd4\x04R\xc8\xfdQ<\xab\x22W\xd5\x01\
\x8a\x00\x9a\xe7\x8b\xeeY\xb7c\xe3u_\xfbg,x\
\xfaQdc\x0a\xe6\xdfZ\x83\xcbnI\xc1\x19\xc9\xa2\
B\x12n\x89\xa8\x98\xb4\xf1\x9d\x19\xc4kR\x18\x194\
\xf1\x93[\xb3p\x1f/\xa1)\x99\xc1g\x17\xafE!\
\x9e\x80\x12\x8b\x09\x8f\x22^+\xc4;\x0c\x9d.\x9e%\
cnH\x94\xf1\xcb>\xe6_]\x8f\xd1\xbf\x0d0\xfa\
\x84\x0d;K\x03\xa0%\xa1\x00*\xe6\xfc\x99\x02M\x19\
\x87\xba2\x89YW&\xb1\xe6oR\xe0\x84\x88E\x88\
\xe7\xe7\xa2\xa9#\x8ay\x7f\xdd\x80\x13\x9f\x18\xc3\x0d/\
<\x8c\x1f^\xfc\x1a\xac8\xb6\x13\xee\xcb\x93\xb8\xfb\xe3\
38\xff\xa6\x18\x02\xc7\x11'\x87\x18\xc9\xa8\xa8\xb0\x0b\
6,bo\xd9@9\x1f\x80\x17\xe9\x00\xa9(\x93\x16\
\x91\xcbQ\xb3(\x86+\xde\xde(\xba\x8e.7Dn\
12T\xc2\xc9\xcd\x93\x98\xd9BL%\xd95\x14H\
.\xddG\xfa\x22\x06\xbc\xd4\xc18\x8d\x1d\x89n{\xd8\
zVk\x140J?\x92\x01\xfc\x92\x06}/\xc3<\
p\x1cM6\x827\xd7CW9\x5cj\xd6\x91\xed\x10\
\xff`2\x0b\x92\x9b\xe3\x94\xb7Y\x12\xdc\xf2\x5c\x1f\x85\
\x99\x22j;\x1b\xe0y.\xca\x86\xb1\x90,M\xeb\xd5\
\xa2]\x9a\xe7\xd5\xcf\xae\x89\xe3\xa5\xf1\x1c+r A\
\x94+/@q\xdbA\xf8D\x87\x12W\xbb*fD\
\xc3\x14\x92\x8d+\xc6\xbaU\x03Z<\x81\xab\x0fl\xc7\
\xc5?\xfb\x1e2\xbd\xbd(.\x8b\xe0\xd2\xcf\xc7\xb0\xe4\
\x12\x8eB\xcf\xb8Hp\xa8#H<~\xea\xd4\xc5k\
kqpo\x80{>\x93\x03{\xb1\x849\xd1(\xbe\
\xbd\xfc*\x1cK\xd6AI\xa7E\xd7K\xbc\x16\xa9\x81\
\x89\x8c\x9f\xc8\x17\x14\x1f\xa9\x5c\xb4\xa0Q;X\xe1\xf0\
*.tE\xc3\xb5\xb7u\xa2\xfcQ\x1a5#\xb2\xa6\
\xe4\x00H3%:\x97\x87\x08\xd1\xcdL\x0b\xc1\x8c\x03\
\xd7eBgPC\x19\xd6D\x80\xd5\xef\xae\xc1\xa9{\
\xb3h\xdeu\x045\x8b\xc6\xb0i\xf9\x15x\xef\xe6_\
\xa2gS\x16\xbf\xb9\x7fF\xea\xda\xd9\xd4\xf7\xe0P\xb9\
d\x1fW[\xc0\x92\xc1@\xfd\x0e.D\xa6\xa9\xaaO\
\xad\xd4\xd1\xf2\x8a\x1a\x04Y\x9a|\xd2\x84\x9c\xfd<U\
\xc1\x9a\x0d]x\xfe['q\xf0o\xc6\x10\x0b\xe5e\
\xce<G\x15\x01\xa8\xb2\x9cCrk\x5cA\xc3\xdb\x1b\
P\x98,cl#\x0d\xca\x12\x5c\xec\xa3\x95\xa0\xe9t\
\x13\x9e\xebZ\x04\xe6T\xe0\xd7\xd7H\x8a\xe9\xc08|\
\xd3\x10\xc9\xa326\x09\xd6T/\xbd\x00\x85\x08\xce\x91\
\xcd\x95Q\xe3QK\xcd\x85\xcd\x94\xce\xf8W\xbe\xd7\xa0\
y\x8e;\xa76\x19\xd7T]\xe5\x87F\xb3\xccPT\
\xf8\x9a\x0e\xf7H/\x8a9\x0b \xfa7!y\xe4\x06\
\xe9\xe6\x8b\xd1\xef\x00\xd4&\xa68sa~\x14\xaf\xdc\
\xf5\x04Z\x8f\xef\x12IV\xe2=i\x5c\xf7w@&\
\xea#w\xb4(r\x1a\xa6R\x8f?@4\xae\xc2*\
\xa5\xf0\xe8O\x03<\xf9\x9d,\xeaN9\xe8\x88%\xf0\
\xads\xaf\xc7\x0b\xf1\x06(\x89\x04\x02C2\x8e\x05/\
\x80\x01#5\x0d\x98\x07`x\x8f\x8ee\xd7E\x10\x90\
H\x03\x11.i\xfe\x9ft\x04Je\x94\xb3\x05\x91\x8b\
%\x08k\x17\xc6\x13\x96`\xa2O\xaf\x83g\x89\x22H\
\x97\x9a\xa4cH(\xca\x80f\x98p\xca\x05\xc4\xcd\x0a\
\xe6n\x88\xe3\xe8\xaei\xdcp\xeceT\x5c\x1f%\x06\
4\xd6jh\x9cr\x85\x08\x19]x)b!o\xce\
\xd9FP\x85\xb1\xe9\xefy\x00\xad+(Ns\xb8\x85\
2\x14ZZ!F\xd68\x8cz\x1d\xads]L\xc0\
\x13B\x19UFF\x15L\xaa\xe2\x02Z\x84! \xde\
\xc2\xc2\x08\x16~\xaa\x09\xf3\xaf&M\xa3&\xec\xban\
\x0a\x07o\x19A\xcc\xe2\xd8\xdbu\x0e~\xb2\xf4r\x8c\
\xd4\xd6\x0a\x041p\x1d\x04M\xb5\x88\x06\x1c\xce\xf0$\
<\xc3\x10\x8d;J\x02\x09\x07\xa0%Y\xd4\xfd)S\
\x1e\xe0y\xcc\x12\xbc\x0b\xa5.\xde\xdc6K\x83\xedv\
wt\xc4\xd0o\xb9A\xd1\x0bT#fB);(\
\x9f\x18\x92RiUE\xa0r\x05\xaa\xeb\xc0W\x14\xe1\
BWM\x0e\xe3\xf2\x93/a\xe1\xc1\x1d(\xc1\x01\xbf\
\xc4\xc0\x05\x1fI`\xc9Z\x0d\xd6P\x1e\xd3cT\xef\
*BW\xc74i\xd0C\xc3\xbe\xe7\x5c<\xfd\x93\x0a\
\x06\x9f\xb51\x87\x9e\xabu\x0e\xfe\xe5\x9cu8@'\
\xbf\xaeV\x84\x1d\x14\xca\xa1\x90\xa2\x14\x81\xda\xdb\xd8\x85\
\xab\xa0\xe1\xc4C\x15\xcc\xdb\x90\xc1\x9c.\x1d\xa5\x99)\
\xa8F\x5c\xb2p\xc4\xce\x082\x1a\xd9\xa1\x0eaC\x99\
\xa1\x0b\x1f\x17\x15\x99\x8e\x22B\x07\xb9C\x22_JV\
\xb1\xaa\x99\x08J\x15\xa4\x9ai\x80TE{\xdf>9\
fx]\x0a\x97~{6&\xb7\xda\x98\xd9]\x82\x9d\
\xb3\xe18t\x92B\xb9:\x8a1\xe4\x0dhg\x11%\
z\xba):\x92\xa9\xb4\x82\xd9\xd7$\x10X*\xd4h\
8\xbcJ9\x8b\xc2\x11\x94\x1d$\xdb\x9a1\xfb{-\
`\xdc\x15\xe1\x82\x800US\xa0\xa9\x0e\xd4$\xa9\x9e\
\xea\x88\xc5#P\xd3.\xd2m\x06\xe2Z\x11\xd6\xf1i\
\x04L\xc3\xb9\x7f\x96Aa\xc2\xc7\xa9\x8f\x8e\x22\x9fn\
\xc0\xa9\xb6YPSIiH\x14*\x1d\x17VK=\
L\xc7\x85?U\x00\xa7$\xbaT\x06\xa3a\xd7P@\
\xdb\xb1<\xd1<b\x9a\xceU\xc3T\xd3\xe9\xf4,j\
K\xb45Gu\xf4\xe4\x88\x86\xc4\xe0\x1b\x06\xfc\x9ea\
8\xa4}\x13\x8b\x0a`\x87\xe5r\xa2\xce\xa7\xa7\xc9h\
*\xfej\xe7\x03\x98\x7fb\xbfH\xac*\x17D\xb0\xe2\
\x1d\xb5Xx\xa5\x8fH\xe0b\xe6p\x0eF\xccG\xa6\
!\x0aM5Q\xcey8\xb0S\xc3\xd6_[8\xfe\
\xa4\x8bL\xce\xc3r\x82\xa1\xe6\x9d\x8f;\xcfY\x8bi\
\xdd\x80Z[\x83\xa0\xb1\x1e,\x1a\x95\xb2\xef\xe33@\
\x9e\x82\xab\x8b]\xa9\x06\xf4\xb6\xceF\xe6\xd81<\xf8\
\xb9\x19\xbc\xe1\x935hn\xa9\x85U.\xc2w\x89S\
C\xf2o\xb2\x1e\x17\xa5\x18\xdd\x1c\x01\x82\x11\xa7\xd0\x0c\
\xa1XJ\xb0\xa8N\x97L[\xee\x11\xb6\xe0@U=\
\xf8\xdc\xc4\xa1g\x09\xd6\xe2\xa8\xe8:t\xdb\x13\x83\x1f\
\xb5\xd12\x9a\xaf\x07\xf0\xeaz\xa9\x10F\xeb\xc2\x84\xe1\
\x84BO\xa7\xb5\x1e\xab\xb2u\xa1K\xc8V$\x17\x90\
\x14/\xc2\x82\x8fH\xf1\xc4\xe8i\x99\x95B\x0bM\x0d\
U\x1f\xa2\xfe\xa7\x09h\xf2hU\x11j[`\x01~\
9\x0f\xdbaP)\x1f*\x17a\x9f\x9a\xc6\x9a\xbfH\
c\xf8\xbe)\x5c\xfe\xfc\x16\x1c\xeeZ\x86\xc7\xe6\xcf\x82\
F{\x0d\xc2*\x80\xe2\x9f\xd3\xde\x04\xbdl\x0b~\xa2\
\xe8\x15\x90\x80vH\x90\xf1\x1cW\xc0\xe3\x86a\x06%\
ESuM\xed\xd6b\xa6\xdaF=\xf0q\xcb\x83N\
\xa7\xdb\xf3\xe1\x0e\x8eK\xed}\x82\xcb\xe8\xe6\x93;a\
$\x98h`\xdd\xf81,<\xb1\x1b3\x0d*V\x7f\
:\x83\x95\xafVE\xadNL\x1f:\x81\x99Z\x13^\
\x85\xa1\x7f/\xc3\xb1\x03.\xf6?\xe7ch\xbb\x8dt\
\xde\xc52\x9a\x90\xa9m\xc2\xcf\xe7\xad\xc1\xe3m\xf3\xc5\
ESkk\xe1\xd7\xd5\xc8\xac\x88\xca3\x1a\xd7\x9e\xdd\
\x0e6\x93\x87::\x89\xb2\xe3\xe2'\x8b.\xc6?L\
\xf5c\xea\x81\x02~Xtq\xf5{L,Z\xa1\xc3\
4\xe9\xb8:\xf0\xe9B\x0aOE\xcc\xa3*\x17\x902\
5\xe9M\x14\xc1?$\xe2\x0a\xcdK\xd2\xdc\x9f'N\
LnZ\xc33\xf7z8\xb8\xa9\x829\x0a\xc7\xa1\xb9\
k\xb0\xe2\xf8\x0e\x14_\xb2pb\xe7\x14\xe6\xcd\xa5Y\
\xc44T5*a\xdd\x90\x90\xf1\xdb]\x80\xf0K\xd4\
\xa7\xbe\x90\x82\x93\xdc\xffPB[@\xc2\x04\x5c\xe9\xc2\
0\x82|6\x9ct\x92B\xd2\xf4~\xc83\x89\xd9H\
\xd1Z\x96\x99\x01c1\xa1*B\x1e\xcb\x88k\xb0\xf3\
\x93B\xf9t\xe1{S8\xfc\xfc\x14.?\xb2\x0bO\
\xb6\xcd\x81\xa6v\xc2\xab\xaf\x91\xfc\x00:\xc0\x8cC\xef\
l\x84zl\x00\x1e\xc5P!x%\xd7\xea\x90j\x1a\
-\xc1\x08\x88\xb0D\x1e\x81\xf36-\x15\x8b4\x17|\
\x0fE\xd7ez4\x8a\xa0P\x81W\xa8\x00DP\xa8\
\x94\x84\x00\xa2,\xc9\xa4\xa0\xa1\xe6\xdaB\x9c\xa9\x94R\
\xa1el\x8cm'R\x86\xe8\xf7`fD\xc1P\x0f\
\xc7\xe0\xa1\x00\xc3G}\xf8C.h\xba\x8dn|%\
\xd3\x84'\xda\x96\xe2\x89\x969\x98\xa2YB\xea\x92\xb5\
\xb6\xc2\x8f\x93N\xb6\xd0\x1c\x91%f\xb1,\xe0e\x96\
\x8c\x83\xc5\xa3\xd0\xc6&\xb1\xb3R\xc6\xc6\x05\x97\xe2\xe6\
\x03O\xe2\xe8\xd3\x15\xfc\xe2\xa0\x8bY\x97\xa8\x98\xb3:\
\x82\xc6N\x1f5\x0d\x1c\xd1\x98\x0e\xdd\xf4\xa0\x19\x22(\
\xca\xd4,\xcc\xb2\xa9$$\x97\xeb\x94\x1d\x94\xb2\x1cS\
#:\x06\x8e98\xba\xdd\xc1\xf8N\x07\x0b|\x1f\xc5\
\xbaN\xfcp\xf6j|\xa40\x8e\xd9\xfdG\xd0\xf3\xa8\
\x87\xc5\x1f\xaf\x85?MbP!\xe4+\xb8\x8c\x04E\
\x13& \xe3\xbe\xe4\xb2\xd2\xf3\xd3\xbd>3#p\xe6\
\xcf3\x9d\x03r\xfdL%\x1c\x80<\x89+\x09\xb0\xa7\
\x81\xa2\xb3\xd8\xda\xa2\x14\xa0?h\xa8\xac\xfat\x1c\xce\
T\x11\x9d\xab\xe38\xdc\x90C\xc3\xc4\x00\xa2\x8e\x8b\x12\
!\x80+\x16\x80\xd3\x8c\x06\x9dv\xcea\xc7\xa30\x1a\
\xd2\x08Fg\x10\xa8\x11\x99\xc3Q\xf3\xce\xf7\x91\xb3\xe8\
g$\x83\x0a\xaa^\xafi\x86V\x93\xb5]\x02\x0c\x98\
B1kzF\x94j\x02?-\x94~\xab\xe5H\xae\
iw\xaa\x05W\x191\xa8'\xcb\xb8\xeb\xed\x06\xb4Z\
*\x03\x19<\x8b\x83\x97]!\xf3B\xcc\x9f9\x94\xd0\
\x18Q\x8c\xd77\xe3\x9e\xe6\xf9x!\xdd\x89\x02\x81'\
\xae\x03\x95z\xf6z\x9d\x90<\xa1\xb12q\x19D\xf3\
\x82\xae\x95\x22\xb4\xfe9\xcd\xc5\x19\x86\x98<\xa2\x89\xa0\
_\xfa\xae\x90\x99\xb9\xf1\xc46\xd4\x8c\x150\xf4+\x0f\
\xc7\x7fe#H\xa80\xd3*\xf4\xa8\x0b#\xc6a\xc6\
\xc8\xa3\x92\xb2\x87\xcc\xce\x09n\xb6+\x01H\xb2\x88>\
\x8b\x93\xe7p\xb3\x15h\x16\x17-g2\xceRm\x1b\
\xbe\xbfl\x1d\xc6#1<\xd7\xb1\x0c\xcb\x06\x8e\xe2\xd4\
\xfd\x15L\xbf\xbf\x16\xb5\x19\x05\x81cAa\x92\xfd\x14\
\xd8\x86P\x0e\xf7\x9c\x12\x1c[\x83g\xfbB\xd6.\xdd\
\x1eG$n\xc2')\x5c-.\x08 r0\x84\x8c\
\x91\x8c\x9b\x9aW4\xc8\xe2`f\xb8\x04+_\x22M\
\x0ap\xe2M\x92(\x86\xc1\xa1Gi\x1aH\xe65*\
\xf1\xa6\x88\x0d\xadhP\x0d\x07\xba\xaeBc\x06\xc6\x0e\
[\xb0+\x1c\xbeA\x1c\x02zN\x06e\xefQ\xc4V\
/A%\x16\x15\xdc\x00\x1aw\x0f\x9a\xea\xa0N\xe7C\
\xf2\x88\xdc\x85@\xc9\xa0K\xea\xa6\xc4\xa3\x0f|\xaa\xe2\
Z\xb4\x5c\xc0kre[\xb62\xe9\x09sEi\xe9\
\xe5\xb2lh\x08\x96\x8ctX\x14\xcb\x8eE\x12\xb8{\
\xc9\x95x\xfd\x91g\xb1\xaa\x92\x875\x22\xdd\x89L\x17\
\x15\x14\xeb[\xd1\xd75\x17[\xcdz\x1c\xe4\x11\xf4\xc7\
i\x0e\x8e\xe2\x93#t\x03x4!\xf3\x0c\xc7\x87r\
\xf4\x14\x94\x9a4\xb4\xd6F\xf8I\x1a\x96\xa4>9\x11\
\x00\xe4r'\xc2\xc4Ik\x90\xa7SP\xe6\xcc\xc2o\
T\x0d;RM\xb8r\xe4\x18\x96L\xf6\xa0\xb5\x90\x05\
+\xfap\xe9+\xcc\xa4\xab4\xeb\xaa\xae\x10\x9d?\xba\
\xd1rO\xb0<g64\x94RiTb5\xb8\xaf\
y\x1e\xb64\xceBA7\x04`\xb2\xb9u>^W\
\xd3\x8c\xe4\xa9\x11<xG\x0e\x17\xbd^\xc5Lo\x05\
\xb9\x11\x0f\xf9\x81\x003\xc3\x0c%\x9a\x0d\xc8s\xf8\x15\
&v\x08$Z5\xbc\xf3\x07&\x22\xe2\x85cb\xf6\
B\x5c3\xbf\x02\xcf%(\x9b!B\x18\xbd\xebCO\
\xaa\xc8\x96\x81\xbbo\xcf\xc3=\xe8\xa2\xa6\x96B+\xe0\
i\x01\x92\x19\xa23\xd3<\xa3\x01#(\x8b\x13kD\
4$\x1a\x14\xc4\xe2\x14b\x1d\xec{\xdcC{\xd1\xc7\
\xc8\x9c:\x94h\xb8\x86\xb8\x8f>\x87\xba\xef8\x94\xd5\
K\xa4b\x19-\xc0\xa01\xba\xfa4\x94\xe1)1m\
%F\xce\xa8mo{\x82\x9e\xa7R\x9f@WM\xc6\
\xbe\xbci\x08*ke\x9e\xc3\x8dT\x8a\x05\xbb\x8f\xc1\
!I\xb4lN<QU#W(f\xf8\x9e\xd0\xf3\
\xa3\xd0\xd2b\x15\xb127\x82\x06\xe6!0uL'\
jq\xaa\xb1\x15}\xb5M(E\xa8\xd0\x0101\x09\
\xd6? \xe8K\x9c\xd4Ci._\x9c\x8aj\xe8\x94\
1J\xa5\xc6H]\x06\xbc\xbd\x05<\x12\x15\x931\xd5\
\x8d^\xd2\x8bJ\x8d\x00\xc5\xb6\xe1\x0f\x8d\x02c\xe3b\
;G\xbb]BG9\x8f\xa6\xca\x0c2.\x892K\
5\xcf \x99\x84\xef:\xd0JE\xf0\x92\x05\xcf4Q\
1\xa3\x18j\xe9\xc0hm#&-\x1f\xe3\xa4\xb2\x11\
\x89\x84\xc6\xe9\x82ej\x80X\x5c\xbc\xf6MG\xb7\xe3\
C\xdb\xef\xc3^\xce1\xd2\xc0\xe0\x15\x01^\xe1\x02\x98\
\xa9r\x1a\xc9\xa9S[\x97\xa0\xa9\xf3\xbeR\x87W\xbc\
\x9b\xfa\xf04&^+\xc9\xadv\x19\xba\x9e\xc7\x96\xdf\
\x94q\xea\x90\x857\xfd]\x83\xa8\x22H\x05\xc5\xc8\x98\
\x18\x1f\x0f\xf0\xc4?\x8d\xa2\xe7\xc7y\x18b\x94U(\
\xe0\xc86\xc0\xe9\xd1Q\xa9\x8b('\x08\xe4\xbf\xa9\x1d\
\xdddD\xf1\xd9\x8b\xde\x88\xed\xf3\x97\x0b\x94R\xa8\x9b\
X\x16\xa2\xadu\x08\x96\xcc\x85mK7\xaf\xd1\x1c\xc5\
\xb1~\xe2\x18I*\x9a\xed\xa2\xeb\xdc\xd9\x88-\xee\x0c\
\x9c\x00\x8a5=sP\x93\x5c\xc6p\xc4\xda\xa77N\
\x99)\x8d{\x87#O\x02\x95\x08$6\xdf\xd6\x82 \
\x93\x11\x9d\xbe\x91c=\x18\xa1)WR\xaeom\x02\
(\x96\x93\xdb#\xf8\x96dQ\xa3\x11`^7\xf49\
\x9dp\x0e\x9e\x00\x04\x9d;\x9c\xd69\xad\xfeH\x13\x9e\
\xf4\xf1\x03`*\x0f%[\x84\xd6\xd2\x80\xa0\xa5Y\xee\
\xe9#\xed\x01\x81\x06J\xd5\xd1\xc00\xa1\xcc\x9d\x05V\
\x97A\xe9T\x1f\x8e\xe45\x1cI5\xca1\xaa\xea\xae\
 \x0aW\xc4\x0bh\x0au\x0aF'\x81\x99l\x15N\
\x04j\x1b\x80x\x0c\x18\x9b\x00\x1b\x1f\x07\xa30SC\
M#)\x0dK\xf8\xc3\x03\x1d\x8b\x90pm\xbc\xf6\xd8\
\x0bh\x9b\xc8\x9d\xf1p\x86\x86,\xf1\x07U\x1d\x99\xca\
$9(\xa4\xdf\x18\xc7%\xef\xae\x833V\x82\x16%\
\xfe2!\x9de0o\x1a\x13\x05\x17\xbb\x7fT\xc6\xf8\
\x01\x17\xdb/\xca\xe1\xe2+R\xc2\xf5[\xe3%4\xa4\
\x22x\xcb\xf7\xdbq\xec\x1dyl\xbfc\x06\xd9G\xf3\
\xa8\x85\x82r}\x03&\xe2\x19\xa8\xae\x8b\x84\xe7\x22\xed\
Y\x88\xb9\x0e\xe2\x96%.\xf5`};>3{\x0d\
v\xd4\xb4\xca\xbd\xc7U\xc5q\xd3\x84;4\x8eHm\
\x0a^S\x03|\x9a\x8944\x18\xe98\xd8d^\x0a\
^\x93l/\xf7)\x140Z\xa9\xcb=\xafV#M\
\x1cB\x8bD\xeeI]>\x8a\xff\x8e#9gt\xbf\
|\x1fz\xcc\x04\xceY\x08?\x95\x84::\x0e\xe5T\
?\x14\x92L\xa5\x18e;`'z\xc0\xe6\xcdBP\
\x93\x11\xd8A@\x9c4C\x17\xee\xc8\x89\xc5\xa0\x9d\x7f\
\x0e\xfcm\xfbe\xd9VM\xf6\xaatH\x91c(\xf2\
\xf7\x88f60\x0amz\x06JG\x1b\xfc\xda\x1a!\
@!\xde\x13\xc51\x82\xf9(\x17\xad#\xdc\xa0\x0e\xea\
\xc0 X\xef\x00\x82\x8a%\xab\x96\x90\xa7\x87\x81!(\
\x93\x13@W\x07\x82\xd6\x06!\xe9J\xde\x88JY6\
8\x04\xa5\xad\x05\xfe\xea\x95\xa2\xea\xc0\x89~\xe9\xe9\xc2\
\x8e\x9d\xa8\xf0\x22\x11\xdc\xdd\xbe\x18[\xd2M\xc2\xcb\xc5\
\x5c\x0b\x93\x91\x14\x0eg\x9a\xd1\x04\x17\xef>\xfa\x1c\x8a\
\xd9\x09\xe8W%p\xe9\x17(Q\xa4j#!\xa5\xe8\
]\x0b\x813CJ7x\xe6\xfb\x1c\xceN\x1b\x9d\x01\
\xc7\xd6/\x95\xd1>/\x82\xceV\x0e\xbb\xe4\xc2)q\
p\x92\x80]\x1e\xc3\xac\x8d\xad8\xbc\xa5\x16\x87\xee\xcc\
!\xf7d\x11n)\x8a\x9e\x86&\x9cliD\x7f\xa6\
\x0e9\x1a\x8c%\x05\x93\x80cF\x8f\x88\x1b\xa9\x1a\xda\
\x19e\x13\xba6t\xab\x14\x1d\xfe\xa9!(\xf5\xb5\xe2\
\x9e\x8a\x90\x9aNB\x9b\xc8\x8a\xd8O\x87\xc4\xf3\x03\xd1\
\xf5\xd4(Y$g\xce\xbe\xb8q\x08\x8c\xb5\xb2\xc0\xe3\
1]g\xd6\xae\xc3\xf0\xf3%\xa0X\x12D\x09\x81~\
\xadX\x88\xa0\xbe\x0e\xca\xd88\xf8\xee\x83R\xc8\x95\xba\
M!(OI\x87\x127\xa1\x5c\xb0\x12~\x18o\xc4\
6\x0cb\x0fQ\x19Fh\x22\xd5\xf5\xbb\x0e\x899\xc2\
\xeaI\xad\xael\xad\xf2a\xc8\x18\xc5\xbf=O4\x81\
X}\x0d\xbc\xcev\x1a\xf3\x01\xa7\xe3\x16.q\x10\x22\
\xce\xa4\xe5\x17\x8d\x82\xd1\xc9\xe8\xe9\x13\xdb8|*\xa1\
\xc4\x80\xa9|}\x85\xfa\x14\xb3;\xe0\xce\xea\x04\xcb\xe6\
\xc1O\xf6\x0b\x14\x93\xe2&\x0d\xba\xf2e\x0bDC\x86\
\x1d<\x8e`rFx\xa3j\xb7\x8b\x94C\xfc|^\
\xea\xfc\x12@\xa5j\xb8v\xec\x18\xde\xba\xeb\x19\xc0\x9e\
F\xe4-\x19\x5c\xf5\xf9FD(\xce\x975DRi\
\xf8\x8e\x07\xdf\x9d\x11\x22UOm\xf2\xf0\xcc'&\xb1\
(\xe7\x0a\x81\xb3\xd1\x00H\xbe9\x8a\xb7\x7f\xb6\x06\xba\
K^%\x0e\x95XL\xe5i\xc1r6\x1a\xd3\x08\x0c\
\x15\xfd\xfbT\x9c\xb8'\x87\x89G&P8\xc4QD\
\x0a#\xa9\x16\xf445a0]\x83\x91d\x1d&\x1b\
\xdbQI\xd7\xc8\xad$\xa2\x9bG\x84RJ\x18\x19\x98\
m#\xbax\x16\xac\x96Fy8\xe9z\x1d\xef\x87\xef\
\xd15\xf1\xd1\xb2\xa2\x0b\xb1%\xb3\x82\x8a\x07%\xc8\xe5\
\xf60\xf5\xf3\xbf\x1c\xe6\x0ak\xa1\xab\xa6\xaa*\x0bv\
\x1e\x16\xb2\xe7\xc4\xa8\x15R\xe8m\x0d\x08\x16\xce\x85J\
\xa7e\xc7~\xf1!E\xa6\x1eZ\x9e\xac\x81io\x83\
\x0d}\xc1,\xb8\xf3h/\x9e,G\xa4F~\x18\xf3\
#\x11(\x83#\x08N\x0e\x9eu\xa1\xa5!\x887\x1e\
\xeed\x15\x1e!\xdc\x0cB;\xfe\xc4\xe4Mw\x07\x82\
\xdaZ\xb1\x87\xa7\xea9\xaa\xfb\x16\xa8sH\xae]\x1b\
\x19\x03\x1f\x1c\x17ml\xa9)$C\x02\xcd$\x88\xcf\
\xb0x\xbe(/A\xf3\x8dd\xe0T\xd2\x9a\x1a\xf8\xd2\
y\xf0\xeb\xeb\xc0\x8e\xf7\x02\xbd\xc3\xa2\x99\x22\x0dW\x8e\
\x80\x93\x11]83\x80\xd7\xecy\x0e\xb3\x06\xf6\xa3\xd4\
\xac`\xf6'\x1ap\xe1[\xd3\x00M8\x95=\x98\x89\
\x0c|\x87\xc0\xa4\x82`-=\xf3`\x80Gn+\xe2\
\xdcI\x0b\xdb\x17],\xf6\x05\x5cxj\x0f\x0e\x19\x06\
\x96|4\x8e\xd7\xbf\xd7\x10\x22\xd3\xc4H\xa2\x9b\x1fx\
%\xf8\x8e-.\x95Y\x1b\x03Ru(\x164\xf4\xef\
-a\xe8\x89,\xb2\xcf\xe4\xe1\x1c\x02\xbc\x12\x91\x90\xe2\
\x98J\xb6a\xa4\xae\x15\x93\xedm\xe8km\xc3\xbe\x9a\
6\xc9\xc3\x105\xaf\x87X2\x02\xf7\xdc\xa5\xf0\x5cJ\
\xe2\x15\xa8C\xe3\x08\xa6\x09\xa8fh_\xd1\x09eQ\
w\x90\x0f\x98\xa2\xe7\xf2/\x92\x106\x95\xc9r[\x05\
\x1d r'a\x1d\xaa\x92\xc0c35\x14\x14(\xa3\
\x13\xf0*\x96\xd0\xd3\xa3\x1b#\x905\x01\x88\x87\xdcw\
M\x83?>\x05\xb5\xb3M\xc6\xef\xea\x0d\x96;\xda\xc1\
-\x0b\xbc\xb9\x01\xca\xe4\x0c\x82|\xb8\x83'\xdc\xde-\
\xac7L\x0a\xcf\xacv\xa5\xfc\xc0\x14! 8\xda\x03\
\xb51\x07t\xb6\x89\xe9\x18\xeeQ\xfbL\xd2\xc2(\xf9\
\xe1\x8e\x0b\xaf\xb9\x11z,\x0a\xf5\xe4\x00|\x02&(\
\xe1\xa4\xac\xdf0E\x93D)U\xc0V,F\xb0r\
\x11\x94\xa3\xbd\xe0cS\x02{\xd2v\x1d\x866\xbb\x15\
|n\xb7\x10\xa7\xe4\xc4\xaa\xd5L\x112W\xe6Gq\
\xe3\xbe\x171\xff\xe8\xcbp\xe0B}W\x0cW}\xb8\
\x11-\xdd*\xec\xd12\x02\x8fX\xbc\x11xN\x1e\x86\
a#?\xc1\xf1\xe8\xcf]\xbc\xf0\xdd\x22\x96\xcf\xb8\x98\
n\x9e\x8b\xefv\xad@\xd4q07;\x8a\xb93\xa3\
8\xf8\xaf\x0c\xc9\x1a\x8ek\xdf\xa8\x83\x17\x8b\xf0\x1cS\
@\xc9,\x22\x11E;\xa7\x22\x98\x1a\x82a\xa8X\xbc\
\xdc\xc4\xe25\x19\xd8\x1f\xad\xc5\xe4\x100~\xc4\xc1\xcc\
\xc1\x22\x0a\x07\x8ea\xee\xa9\xe3\xb0\x8fr\xd8[5\x94\
\xbb\x16\xe3\x1bk\xd7\xe3D\x84\xf2\x13Uh+i\xd9\
\x02\x90\xa2r\xd4\xa7\xe9\x17\xc9\x1b \xa0O\x93\xfcM\
\x8f\x00\xb3\x8a\xadi>\x0f&\xa0\x18\x1d\xe4#\x185\
\xa7\x85\x15\xc8\xa1Ob\xd3\xf8\x940Q]9\x93\x97\
\xad\x10\xf2\x0a\x04\x18Q<\x95\x8dm\xb9\xf5\x96n2\
]Q\x8a\xe3\xd4M\x0cO2\xbd\xb0\xd8\xf9\x13\x86\x0a\
J\x18Y\xf68x I!2\x0c\x84\xc9\x9b\x98\xde\
\xae\x8ez\x87\xff\x81r\x03\x82;'f\xa0\x16\x8a`\
\xdd\xed\x22\x11\x0d\xa8\xcf]\x0d!\xe4\x8d\x8a%\x91o\
\xb0\xa5\xf3\xa0\x9e\x1a\x10.\x9d\x04\xa1\x84E\x99&\x82\
\x99\x02\xb4\x97\xf7\x82-[\x80`\xf1\x5c\xc1\x19\xe4}\
\xc3\xf0(\xa6\x9e\x1a\x15\xbdXe\xf1\x5c\xcc\xe1\x1e\xce\
\x7f\xf2q,:r\x00\x1d\x93DH\xf5\xc1n\x88\xe3\
\xbc[\x9a\xb0\xe8\xc2\x08\x82\x82\x85\xc2\xc9iA\x1f'\
\x9d\x7fU\xb3\x85J\xc8\x81-\x16\x1e\xfb\xa1\x85\xa1'\
\x1d\xac\xf0\x03\xe4Z\x17\xe0\xb3\x8b\xd6\x8a9\x8aJ\x22\
\x85\xef-\xbf\x1a\x1f\xddv/\xbaf\x0ax\xee3\xd4\
I\x8d\xe0\xfa\xf5\xba0V\x92\xcc\xd3h?\x81\xd8Q\
D\xcfK\xf9\x90\x8d\xca\xb4\x0b>>.\x06J\x9aS\
:\xda.\xd3\x81k\x22\xe0j\x1c\x95\x8a\x86\x8a\xa5\xe3\
\xd0o\x0a\xe8\xfd\xc0>\xdc\xbc\xb7\x01\xb7]\xf4j\x01\
/\x0bb\xd1\xc44\x94\x0cUC\xae`\x08U7\xaa\
\x92G\xb0<\xda\x5c\xc8\x90b\x18\xa1jcZ\x92\x1d\
8\xbcp\xd5\xba<\xc0\x1c\x8a\xa1\x8b\xae\x1f\xb9w\xbf\
\x1a\x83\xe9I\x9a\xeb\xa1\xf6\x0f\x8b\xf8)\xfc\x169\x02\
\x1a\xc2 \xc9\x18\xba(t\xa3\xc3\xb2E\xe8\xed\x0a\x10\
\x84\xba5.\x90\x8c\x897&\xd4\xb7\x09\x18:\x03|\
\x9d\xde\xccI\xc8\xa3\xc4\xaf\xe9\xf7\xc3\x8d\xddT-x\
\x81\xc0\x0eXK\x03\xd4\xb6V\xa1\xe8),\x5c\xb8|\
&\xa1d\xe2\xcb\xcf\xe9\x12\xac#\x0c\x8c\xc2#\x06\x13\
}\xcf$\x88\xda\x85\xb2c?\x94\x05\xb3\xe1\xcf\xed\x82\
\x9eI\xa3y\xff!\xb4Tf0w\xcb^\xcc\xda4\
\x86\xd6\xde\xa3\x88\x04\x93\xd0\x9b\x80\xe4;\xa3\x98\xbf>\
\x8e\xf9\xab#\xd0\x5c\x86\xe2\xe0\x18\x02\xee\x22\x92\xd0\xa1\
)\x81\xe0\xfd\x1f\xdf\x0b\xbct_\x11G\x1es`\x8e\
{8\x17\xc0\xd1\xcee\xf8\xfa\xfc5\xc8A\x85\x92H\
\x09\x03\xdc\x1fp|{\xd9\xb5\xf8\x8b}\x0f\xa3s\xa6\
\x84\xe7>\xad\xa04\xa9\xe3\x86\xb7$\x10O\xb9\xb0\xad\
\x1cT\x1a9\xd3hD\x8c\x08\xb8\x06TC\xae\x94!\
\xa8\xd8umT\xc6rBU\x8dnP$f\xa0\x8e\
\xf2\x18\x83a\x9a~>\x9f\x15Tp\xa94\xa2\x88\x9c\
G\xf5$</\xc2\x1a%\xc9\x04\x12)\x0cEB\xb4\
\xc8\xb4+n\x9e8>\xc3\x14w\x83 \xe0\x94\xb5S\
\xf6^]n \xc2h\xc89\x17\x05Ax\xda\xa8\xc4\
\xe3\xf55\xc0\xe0\xa8\x1c\xd6\xa4\xc5Jsg\xc1\x98\xd5\
\x0e\x87f\xe0\xc8(\x04+\x96\xe2\xbb*\x1aJ\xd4\xe4\
\xa9\x0aK!\x93\x82\x9a-\x86\xbc\xb80\xa6\xff\xd6R\
\xd4\xb3J\xbaP\xf0\xa1\x1a\xfc\xc9\x1b(Cc\xd0r\
\x05\xa8\xb3:\xe0\x98\xa6\xfc\xe0\xd5\x0e\x22\xf1\xe3\xa9-\
\xda5\x1bhh\x06\xfa\x87\x81\x5cA@\xa9\xa0\xcc\x99\
.\xc2\xb1^\x5c09\x86W\xee|\x14\xe9\xbd\xfba\
\xbaR\x8a]\x9f\x05d\xde\xc4\xd0vy\x14]\x17D\
Q\xdb\xa4\x88\xbc\xc1\x1a\xf3P\xe1\x16\xccH\x00\xeeD\
1\xd3\xa3\xa1g\xb7\x8d\xbd\xcf;\xe8}\xd1\x03\x1bw\
\xd1M\x8c\xe3H\x0c\x0f\xcc\xbf\x08\xbfj\x9e/PC\
%\x9d\x11\x98\x84\xe8G\xa4Sx\x1e\x1d\xe0\xe7\xbe\x12\
\xef\xd8\xff(\xe6\xe5\xb3\xd8\xf3E\x0fc=\xc0M\x7f\
n`\xd6\x22\x02Is\xf0)qSIM\x95\xfa\x0e\
\x92\xda-\xa0gT\x04\xc6\x11KQ\xa5\xa1a\xaaO\
\xc1\x8b\xdf\xad\xe0\xe5\x1fU\xb00\x08p\xa0\xb6IJ\
\xf6\x11\xc4\xae28\x15\x0b\x0a\xf5p\xa8\x0f F\xd8\
\x98\x98\x99$P\x88\x009!\xd4\x1d\xf0!-\xf0\xfd\
\x93R\xc2$D\xfb\xc4~\xbc\x10\x15\xa4\xec\x9e\xd0#\
\xaa\xdfE\x0f^n\xdd\xa0\xb9t\x7fN7X\x22.\
\xac-Q\x93\xc1\xfa\x03[1\xeb\x89\x9f\x22\x1fK\xa3\
w\xf1B\x1c\xed\x98\x87I\xe8\xc8j&\xacd\x02\x01\
\xa9ET\x91\x9dz\x13\x98!v\x8cLRNc\xe7\
U\xbe\xd9\xd9nA\xd8\xc3Y]s\xda(\x12\xa1J\
\xd5\x85rr\x10zW\x1b\xdcTJ$?\x06u.\
\x15\xa05?\x8d5\xbb\x9fC]~\x1aV&\x8d\x17\
\x93\xed8\xe0\x90\x04\x8d/`e\xd5\x88\xe2\x95\x8f\xde\
\x8d\x8e\xbe}P\xce7\xd0\xf6\x9a\x0c\x1a\x173t,\
cH\xa5d\xa9\xe9\x17m8\xa4{\xeb\x134\xed\xc1\
\xce\xea8q\x88\xe3\xf0v\x0b'\xb7s\xcc\x9c\xf4\x10\
s\x03\xcc\x05P\xab2\x1cjZ\x88\x9f\xcd^\x85#\
\xc9za\xfcJ\xa6\x06AB\xde|\xfa\x0a\x224]\
\xcd\xf1\x02Z1}\xfek\xf0\xce\x83\xcf`\xe9h/\
Nm*\xe0\x87\x07\x0d\xacy\x9b\x865\xd7\xc6\x90\xae\
\xa7\xd1\xf9<<[b\x97Tj\xfb\x9e#.S\x80\
\x1a\xecy\xda\xc3\xd1\x17\xcb8\xf6<G\xf9PY@\
\xeeG[\x17\xe3\xde\x0b/GD1\xc5h\x18%\xc5\
\x02\xce\xa7\xc4]K\xca\x89n\xca\xe3\xe8@\x12\xb2\xeb\
\xf9\x8c\x92e\xcbs\xfb\xc8\x00\x0e\xd1\x07d\xa4\x1fC\
F`\x9a\x82\xcb\xc6T\x1b\x8c,\xa8X\x12\x82\x10T\
r\x81\x14\xab\xc9\x95LNCmj\x84\xd7X\x07\x16\
\x8d\xe1-\xcf=\x84K\x9f\xf8\x05J\xb3\x18Z\x8a\x1c\
\xdd\xf7\xbd\x88W@\x85m\xd4\xa2\x92\x88\xa3\x14K`\
\xaa\xad\x0d\x0e%d\x0a\x17\x1d[=[\x80j\xd9\xd0\
i\xb2\x97<\x84\x10g\xf6\xc5\x06o:\xf1\xa4\x88-\
\x1c\x95Bc\x92\xa4\x0b$yp\x92gKu,U\
\x09\x84\x87s\xf8\xa9\x94`Y\xeb\x81O{uP7\
6\x0c5\xc8\x9dF\xcf\x96\xc7\xeb\xb0m\xe9%\xd84\
\xe7|\xd0(H\x8c\x07H\xd8E\x14\x14\x15\x9d\xd7\xc7\
q\xc9\x1b#\xe0\xf9\x22\xecq\x0fS\xbd\x1cN\x81\xa1\
RtQ\x9c\xd105\xe4c\xe4\x84\x8f\xa1\xc3\x0c\x93\
\xa7\x00\xa5\xe4\xa0>\xecu$\x0c\x1d\xa7\xea\xda\xf1\xf3\
\xf6\xa5x\xba\xa6]\x181E\xd1\xa0\xb6\x01\x01\xa1\x8c\
\x227\x0ai#\xe4\xcd#1\xb1\xf9\xe3\x08\x0f\xf0\xe9\
\x157\xe0u\x03\x07q\xf9\xf1\x17Q9d\xe3\xb9\x8f\
;\xd8\xf3 p\xfe\xfa(\x96_\xac\xa0\xb6\xdeA\x10\
T`W\xe4\x1c\xa2\x1a\xaf\xc3\xaf\xbej\xe1\xe5o\x16\
\xd1P\x91M6%\x9a\xc0\xe6\xf9\x17\xe2W\xdd\xcba\
G\xa30Z[\xa0d\x8f\xc8\x89m\xca\xc5\xf2eA\
\xe0\x15%9\xd5\xfe\xba\x02W\xa5]J>\xa3\xde@\
\xa5R\xea\xd7t\xcb9\x11\x18\xba\x13\xa8\xaa\xc1|\x9f\
3\xd3`\xb2%I\xde\x9fC\x1f\x9f\x02\xa3y\xf9t\
\x12l|Z\xb8t\x8a\xdfZ\xff \xd0\xde\x8a\xb8m\
c\xf1\xde\x97QL1\x5c\xfe\xd3&4t\x01}[\
<\x0c>ocj{\x01\xc5\xe3\x13\xc8\x0c\x03\xed\x83\
\x07~k\x9a\xa6\xba*\xa6\xca\xe1\x10\x00\x0c}\x85N\
\x80\xf8\x1c\x82\x88+e\x03\xce\xd0p\x84\xbaF\xf8s\
D\x96\xa1t\xc1\x0d7\xc1\x11q\x92\x0a\x84\x0b\xe2\x98\
}s\x17\x1aW\xc41\xb4\xcf\xc1\xde\xcf\x0db\xed\xb6\
\xfb0wz\x10\xdf;\xf7z\x0cF\xa2\xd8\xdd\xb1\x14\
\xd7\x8d\xf6`\xe7\x17\x0b8\xf8@\x09\xc9$\x893\x91\
@\x02q\xfd\x18h\xed\x81[\xb4\x11\x14\xb9`\xf0\x10\
\xc6\xb7B\x84S\x1d\x93\xe9zl\xa9\xef\xc2\xb6\xfaY\
8\x18I\x08\xda\x9a\x98l\x8e\xc7\xe1\xa7\xd2\x92)\x5c\
\xd5&\x0a\xc5\xa7O\x0f}\x11\xe7\x81TUs3\xf8\
a\xf7\x0a\xec\xa9\xef\xc0\xebOn\xc3\xe2\xc1c\x98\xde\
Z\xc6c/Zx\xe1\x1c\x86E\xeb4,X\x13C\
[w\x0c\xb1X\x80\xa7\x1fd\xd8\xfd\xafy,\xb3|\
L4uc[\xd3,<\xd3\xb6\x00}\xf1\x1a1c\
\xa0&\x12ph\x90\xb6>\x03\x7f<+<\x07a$\
\x14\xc2\x05nB}\x05\x0a\x81\x0a\xe3\x94\xef\xb3\x8am\
+3\xb9~\xcd\x9c\x1c\x1a,'\xe7OA\xd3[H\
\xc2\x8cf\xf9\x88\xb7OH\x12\xd5B\x1ee\x93\x84,\
\xd5d\xc0R\x13\xc2\xaa\x88\x17\xe0\x0f\x8e\x8b\x1a;\xd1\
\xdc \xefd\x85\xa3t\xbc\x82\xb6\x8c\x83ek\x0d,\
\xbf>\x02\xc7\xadE~\xd2E~\xaa$\xda\xa5\xf4\xc1\
\x05*\xc2b`\x1a5\x95\x09\xcd\x2251B\xf2\xe8\
BI\xc1(\xba`\xc4\x84\xd5)\xa14\xe5RH.\
D\xa1\xab\xd1AJ\xab\x91>\x00='m%\xd3D\
\xf2$ \x1e\x98\xf1\x08\x0c\x9e\x873\x9d\xc3\xbc\xf3\xe7\
c\xf1\x0d\xadx\xe4\x83\x87\xd1r\xefN\xfc}i\x06\
\xff\xbc\xf6f\xdc\xbd\xf0<\xa8v\x11\xeb\x0el\xc5\xe4\
N\x073a\x1aJ\x8e\x97^\x91Dp\x12b`\xca\
@>]\x8b\x9eL\x13\x1e\xaamCo\xbc\x0eY\xcd\
\x00q'+*\xad\xbd\x919\x13%{\x01\x89h\x10\
\x95\xad\xca\x19\x10\x9d\xa9p\xe8\xeb\xb4R\x08\x95\xa6\x06\
\x11'\xc0\x0a9\xec\x89\xd7\xe0\xc09W\xe3\xe2\xd6E\
X7|\x08+\x86{\x90\xdf\xedc\xd7n\x1f/\xd5\
xh\x98\xaf \x92\xe1\x18y\x89c\xb1\xe5\xe3\xc4\xdc\
\x95\xf8\xfc\x92u\xe2$SHS\x89\xe8?g\x96\xc8\
5hX'\xa8MC\x99\x90\x1d]\x81\x9cR\x85\x14\
\x02sn,\x0e\x9bK\xbd\x1a\xd5\xf5\xc7\x12;\x8f\xf6\
\x8bk\xad\xde\xfe\xc3=A2\xb9\x98[\x95@QU\
\x85\x1d\xebE0>%\xcb:\xa1\xc5\xa3\x00\xf3g\x0b\
j\x11;vJ\xacp\x13\x85\xb2\xeb i\x1a\xf8\xe8\
\xae\xfb\xd12|\x02]\x1fN\xe2\xfcw\xd9p\xf34\
\x0b\xafB\xd1U\x98Q\xa2=\x85m\x001&EI\
\x89\x1c,\x09\x0b\xbepzX\xd2\xb8\xc4\xfaX\xfaS\
\x5c5\x0a\x03ROT\xb6\xa4e\x9e\x22PD!\xad\
&;\x90r@$\xa4\xaa3\x19\xff|\x97\xb4\xfe\x19\
|_G\xa2}\x1e\xdcX\x14\xf7\xfc\xd9\x01\xb8\x9b\xc6\
\xd1\xbbb-\xfe\xf9\x82W\xc1\xc9N`\xc1\xd8\x006\
\xf4\xed\xc3\xdc\xbe\x83pi\xf5\xbb0\x00\x0d~S\x1b\
N\xd6\xb6\xe3\xb9L+\xfa\xcd\xa8x\xdd\xce\xdc\x04\x96\
\xf5\x1dG\xd3\xf4\x18Lb\x14\xb1\x18z\x16.\xc5\x03\
K/\xc5H,\x05\x85f\x1c\xcd\x08t\x06\x98\xb4\xbb\
\xa0:\xf8I-[Zm'<\x9c\x5coG\x142\
\x02\x99P)\xc1\xa9\x94\xe1\x8b*\xc9\xc3y\xc5)\xbc\
jp/f\x0f\x1cF\xde\x090\x1dzHj\x02\xf5\
u/\xc5g\x17^!V\xdf\xaa\xc4\xfa\xad\xc9\x00\xad\
-\xe0\x99\x94L\x99\xc2\xe4\x9dp\x0e\x02\xf3\x94\xd6z\
\xf8\xdd\xed\xc2;\xa9}C\x88u5\xa2\xb2\xb0\xdb\xf7\
\xb9\xa2\xea\xd33O;\x7fv\xed:2x\x97\x17r\
}H\xa7\x17\x93\x1a(Q\x89I'G\x10\xd1)7\
\xd05\xd1FT\x8f\x9e\x04\xebh\x05fu@\xed\x1d\
\x12\xc6@\xfd\xfa\x02q\xd5#\x09t\x12\x881H\x19\
\xac*\xca$\x95\x5c2=\xb9\xe3\x89\xfe\xb5T\xed\x22\
\xffL\xcc\x09ys\xa5\x94\x1b\x19C\xb8\x07\x80\x92\x1e\
\xd1\xbb\xa6\x81\xadj%\x12\xce\xce\x86\xf1A\xec\x12 \
_-\xfe.\xd7\xd3\xc9*A\xfe.S\x88NN\xaf\
\x1f\x11b\x10\x9c\x17Q\x1c\xd8\x8dD\xdb\x12\xdc\xf8\xc5\
v\xdc\xb3+\x8b9\x87\xf7`\xf6\x8do\xc6\xd1\x88\x8a\
\x19\x9a\x87\x9c\x9a\xc0d\x92A[\x9cD\xc3b\x13\xe3\
/W0\xb3\x7f\x18\x91\xb1q\x5c\xaa\x1f\x82\xe9\xbbH\
\x07\xb44\x8a#1OA\xd7{3b\xb3I\xcfc\
%D\x9e\xdf\x82\x85c\x03\xf8\xd6\xba7\xe1x\xa2\x16\
W\x0d\x1d\xc3\x15\xfb\x9e\x87^(  \xb8Z|.\
\xf2z\xb4\x18K\xc6:\x91\xd3\x84a\x81\x8c\x82<\x86\
'V\xd7s\xb8\x0aMCY\xc8:\x02\x81@\xc7\xb9\
\xd4_q\x91\xdfVF\xdd\xd8 \xcek\x1b\xc7\xb6t\
\xab,\x89\x9a\x9a\xc1)\xd7\x10\xd9?\x0d\xd2\xc8\xec\x9e\
\x13\xa0\x95\x95\xea\xe9\xe2{4`C=\x9dD\x0cE\
\xc7\xe3\x94\x04\xc3u\x0f\xd2;\x10\xdc%u|\xe2\xb8\
\xdf\xd6y\x9d\x98\xbc\xa2\x1b\x9b\x8c\x8br\x81\xb9t3\
\xa8\xaf\xa8\xc2\xa7\xd3\xdf3\x00\x95\xe6\xee3)\x81\xed\
+\xc4FU4diK(\x0d\x1d\x92\xb03\xa3\xb7\
M\xb5+\x81AR\xb0\x89\x84\xc5\x08\xcc\x08\x99\xee\xa1\
\x92\x86\x5c\x16!\x89\xd6\x12Q\x14y\xa8p\x9b4v\
%\xbfG\xf21\x8c\xb2\xc6py\xb4\xd4\x06\x90(\x1f\
\x19\x8fT\xe7\xa4\xe7T\xc3\xc5\xd2\xb2\xe5\xec\x12\x93I\
H\xb8\xc4\x11M\x07\xb0\xc6\x8f\x223\xa7\x1b\xed\xaf4\
1\xfe\x95<\x1ar\x138\xb2\xf2\x22\x5c;t\x0cm\
\xf9\x11\xf8\xd7\xc4\xb0\xe1\xae$\xe2f\x04%;\x89\xc3\
OZ8\xb4)\x8f\xf2\x89\x9cHF\xb4\xfa\x18\xe6\xde\
\x94\xc6\xca7$\x91I\x93\xea\x10\xc7+\xfe\xa6\x16/\
\xfe\xac\x80C\x1f9\x85\xb7\xbdx\x1f\x9e\xbe\xf0\x06\xbc\
\xfd\xc9\x1f\xc3\xad\xad@\x99k\x003\x8e\xd0\xbd\x14Z\
\x92\x14\xf1\xc2\xaaFLW\x87\xf7'\xfc\x98\xd2\x17\xca\
a(\xa0\x19\x88\xaf\x88c\xcekj\xb1\xf0\x9a\x18\x98\
\xe9`\xd7F\x1b\xfb\xfev\x14\xef\xdb\xf9\x18JW\xdc\
\x8c\x03\xe4\xa7F\xc7\x10\xcc\x9d-H\xe6\xc4\xd8\xaa\x02\
k\x84\xc5\x08\xa8\x9e\xaa9\xdf\x03'-G\x8d\xc1\x8a\
G\x085e\x9c\x84'mg\xdbi\x03PFF\x8f\
aA\x05.\xb9\x10\xcf\x83\x92\x88\x89\x8e\x98\xc0\xceC\
\x84N\x0c\x1c0\x05\x1e\xe1\xe84R\x19\x8e\x1e\x91\xc1\
L\xebI\xd95\x167'\x5c\xf3 n2\xe9\xff\xeb\
\x18\x1b\x0a\xe0\xd0\xd6\xf0\x18\xb5[C\x92$\xddl1\
:M5*\xd1\xae%kE\xc4S\x95\x89\xae\x15\xb7\
\xc8\xb5\x87P3u(=\x8a\xaf\xe4\xdai\xd4\x80\xa4\
\xe6i\xb6WN\xe40R\x0d\x13\xf5\xae\x83h[\x02\
]K\xa2`\xde\x0c\xf1\xac\x01n\xc2\x882L\x0fd\
1\xb8\xc3\x87\x06\x15\x85C\xc7\x80\x9a\x0eX\xe9\x840\
H\xaf\xd7Ei\x80\xda\xc6\x0e\x94\xa8\x8a\xd57\xd6`\
\xf5k\x1aQ\xa6\x155~ \xd8\xbf\xba\xe2\xc1\x9e\x18\
@a\x82\x86T8\xb4X\x14\xafxw\x1d\x14;\x83\
\xbd\x7fu\x10oyv\x06\xd3\xae\x83%\x1fm\xc4%\
\xef\xcf\xa0<F|EW\xa0\x8c\xa2\xd1E9\x0f\x85\
&\xca{\x08\x14\xa3\xf6y\xb8\x01E\x90MEK\x96\
\xc3LP9JB\xc5.\xdc\x89!\xe1\x1d.y{\
-j\xba[\xf1\xfc\x86!\xbc}\xd7\x93\xf8\xece\xeb\
\x91\xcf\x97\xa0NO\x0bB\xad\x88\xf7\xe2\xf3\x87\xa1\x80\
\xb2c\xbagTj[\x0e|\xda\x83D2\xad\x9e\xaf\
\x06v\xce\x0f\xa6\xa7w\x9d6\x00\xf4\xf7\x1fb\xd4>\
miR\x05\x0b'\x1a\x91#\xc6\x05\xb2t\xd9\xa5\x13\
\x89\x97p\x17\xd4\x08\x0a\x11\xb8j\xc9.\x85zCm\
.b\xe2V\x0b0\x05zD\xc1\x13wy\xd8\xfb\x1b\
\x1f\xb1\x04\xc5\xf7\x90\xadCoL\xd0\x0d\xe4\x88\xb7J\
q\x9c\xb4\x03E\xa8 \xd7A\xae\x8bd\xe8H\x98\x8a\
v\x06\xd1~\x05y\xa1D\x1aC\x86&\x95U\xe5r\
G]J\xc8\x13\xda\x98\x98\xe7\xe1\xcdw%\xd0PK\
04\xc9\xcf1\x10u\xa1\xe7\x89\x22\xa6\xb7V\x90\x89\
$1Bt\x8e=\x07q\xd2'\xd54\x05\xde4P\
\xc8\x99\xa8\x9f\x15\xc0\xb2\x5c\x14\xfa\xa7\x85!\x92p\x14\
\x19\xad\x97\x0b\x84J\x0au\xf0h9&}\xcf)\xd9\
pz&p\xce\xb5\x09\x1c\x9a\xa5\x81\xf7\x0c\xc3d\x0c\
3[\xf3P_\xef!VqD(\x14\xee\x99\x12\x03\
\xfad\x94\x00\x86\xb3\x0b\xc4\x0b\x94\xe3n\xb2k'\x86\
J9\xb1v\x02X\x03\x96\x1c\xf00\xe8p\x95Q<\
8\x8a%k\x1b0\xf3\xd9\x1a\x1c\x7f\xdfa\xac?\xb5\
\x17\xdf\xeb>\x17\xea\xc8\xb8`U\x89\x01\x10:\x80!\
\xd9\xa6\x0a\xae\x11\xbd\x8e\x98\xc1zm\x02\x96\x80wU\
\xc6\xca\x95\x9e\xb9\xfb\x1f?y\xa8j\x00v\xdf\xd0\x09\
mx\xb8\xac\xb46\xc7\xb8\x18\xd8\xf7X@B\x03#\
\xe4VC\x06+e\x9baBS\xa5\xf4H\xa9\xb9P\
\x93W\x08gr\xc1N\x95*hr\xd92\xe5\x91\x86\
\xe7\xa3\xa1\xc0\xc1\x0aL\xb0^HC\x8b\x9c\xb8\x8c\x83\
r\xe8\xa2\x0a\xf5\xc8\xc1\xed\xb3\x05\x18\xe4\xebV\x11\xc1\
3b\x8d\xa1j'\xd1?itj\x06\x88\x87\xcfe\
\x97H\x89K\xca\xaey\x0ee\x87\xaeh\x22\xb9\x05\x07\
\x94\xce\x11c)G\xc0\x94\x02\xf4{&*F\x1cZ\
\xa5(\xc6\xc08#V/\xed;\x96\xfc\x02\xa1kL\
\x05\x91\xa9!\x88\xc8}\xc4U\x12\x9cJ\xfa5~\x80\
J\xce\x06\xb7\x02\xc9\xe4\xe1\x1c\x93/\xb8\x98\x9c\xd2Q\
\x97\x22\x0e\x9e)0\x0a\xb1\xffO\xf8\xfa\xea`+\xc5\
\x00Jv%\x89\x86(\xecr(!l\x95\x1b\xf4\xba\
RM\x95\x5c6\xd3<X=38\xf7\xb5I\x9c\xfc\
\x9e\x86\xf3w?\x87\x87:\x16c\x984\x09ff`\
7\xd4K\x060\x19\x97\x98`\x96\xa8)\xa1\x83\x9a\xef\
\xc3O\xc6\xa9;\x1803\xaap\xcb\xddrh\xd3&\
\x87D\xc1\xe5q\xb3\x0e\x0e\x05\x93SG\x14\xcb!\xc4\
\x88\x0b\xb7\x91\x88C\xa1FP(\x81V\xbd\x09\xa7u\
\x02\xab\xbbu\xa4d\xb6,\xddH\xdf&\xe4\xc9\xcb\xac\
\x5c\xce\xd1\x90\xac\x0c\x89\x814\xaf\x8d\xe2\x9a;k1\
\xeb\x86\x04\x22\x0d\x8a\x88\xfe\xf4\xb1\x8d\xf0O\xa9\xc9-\
\xa5\xe5\xa4\x1a\xe7\x99]\x01\x94\xd0\xd1\x97\xc0\x0ft\x05\
ARE\xcd\xf5\x09\x5c\xf9h+^\xbf\xbb\x1bs?\
\x93B\x89\xa6tE\x173\xdcAD^\x84.\xb4\x18\
(\x95l\x1f\x82\x15\x0aF\x02\x96P\xd9\x0a\x90\x8f&\
QL\xd4\x13Q\x12\xbeG&&\x7f\x9e\xc2I\xb9\x18\
\xc7\x03_\xf4\xf0\xf3\x7f,\xe3\xe7\x1f+`\xfbCr\
`\x93\x0c\x8a~\x8e\x1a-J$\x8a\x17\xef\xb1\xa1\x0e\
\x07\xe0u-\xf0cI8\x13\x1c\x03\x87\xb9\x98\x0c\xa6\
6o\xe0\x17DS\x89\x96PR\x08\x0b\x15\xe4\xc0I\
\xe4*La\xa9\xc7@\x03\xaf\x22\x0f\x12\x92\xb9\x04i\
\xfb\x08|G\x10i\xe8\x83\x97fl\xc4\xa2.Z/\
\xd7\x01gF\x88p\xd1\x942\x9b\xce\xca\xf5vb\xae\
@\xb2\xb9\xc4\xf4\x14]~\xc7\x13]]Zp\x0d\xc7\
c\xe4\x0d\xb4R\xe1)q\x93\x0e>\xcb4\xac]\xab\
b\xf3f\x8fO\xcd<\xafLL\xadTZ\x1a\x82\xc0\
\xb2\x14\x9aRa\x0d5`\xc4\x0d\x08[\xaf\xc2\x0cD\
\xbc:#i\x22mA\xfe+\x1a#',!\x5c\x8a\
CT\x86\xd1<\x9f\xa2K\xb7\xdd|\x0e\xc7%ob\
p_\x95\xc1\xf4H\x06c\xc7]\x14zi\xf82\x80\
j(b\xe2Zh\xe11;l\x0b\x93\x9bT\x10\x8d\
\x91f?\xddx\xd2\xe0cB~6R\xab\xa0y\xb6\
\x0e\xcd)\xc0\xb1\x18\xae\xfaX\x1d\xf14\xd0\xf7\xa5\x9c\
\x00n\xa4\xc28\x91?\xe8\x82KI5\x91+\xd05\
\xa1Vq\xc8\x19p\x98\x82\x8a\x1e\x85F#\xb3\xd4\xb7\
\x10\x5crM\x5c\xb4\x8aS\xc1\xe1_W\xe0\x8eK\xb1\
I\x16\x9b\xc1\xea\x9bH\xb47\x06\xcf\x22\xe9\xbc\x18\x0e\
\xef\xf1q\xf4\x076\x960\xe0[\xb3\xce\xc3\x8a\xa9^\
,<\xb5\x1f\x07\xef\xab\xe0\xbckL\xc4\xc5\x14s8\
H&NEHX\x11\xef\x84\xf2\x13\xca\x9b\xc2\x09A\
\x02\xd9\xc4{&3\x8f\x85{\x93$k\x8a6c\x9b\
u\x0c\xa51\x86\x91\xa3\x92\xd4\x12)\x97\x09\x87\x16\x82\
U\x84\xda\x8a\xae\x1f\xfd>\x1d`\x1a\xf0\xa5\xc3K\x9c\
\xcb\x1a2x\x85\xb3 Py>_pGN='\
\xef\xdc\xb3\xa1L\x9c<\xd0;\xfd\x81A\xc6\x1bj\xa4\
C\xa7\x11\xa3\x9a\x94\xa0ms\xa2\x8d\x87k\xd4\xab\x0f\
\x11\x87C\x80\xe3\xb4\xd0\x91A\x7f\x0f\xdb\xb4\xc4:\x15\
%\xbb\x06\x9f3\x01\xaa\x9c\xdc\xc2\xd1\xb7\xc7E\x8d\x9e\
C\xa6&\x86&\xdamui\x15%\x13\xf3\xcdb\xe1\
\xb4$\xdc\x87Z\x80\xe2\xce\xd1\x07;\xc3\xb3\xe7\x1e\xad\
\xa0\xf7`\x8f\xb8(\x13s\xc7\xa1\xb1\xec\x14.z_\
\x02\x83?/\x09\xdd`Y5H\x11\x09)A\xc7\xe0\
{\xea\x990FF\xedK\xd1FJh\xc5fr\xd9\
\xf2\x0aKS\x9a\xcdW\xd0\x1cg\x88+\x1c9\x00-\
\xb3\xe8\x1e)\x82tIa=_\xd2\xf0\xec\xbf\xe6Q\
?\xe1c\xbc\xa6\x19O%\x9b1\xac\xe88\xa7\xff\x10\
N\xfc\xa6\x88\x1f&9f\xcd\x01\x9c\x92#dp\x88\
\xc6 \x14\xe3\xa4|\x94x\xed*\x1b^\xa5\xcf\xa52\
\x98B\x0d\x95B5\x95\xb54a\x14\xc00t(Q\
.\xda\xc4\xbb\x9e\xb70\xfc\x88\x87\xf9\xaa\x8a\xfe(\xad\
\xe9\xa5|\x0c\xc2\x00\x04\xd7\x91\xbc\x05MW\x11Q\x86\
\xa0u\xcf\x85\x1f\x8fR)\x1f0\xddP\x98S|\x89\
\x7f\xfd\xf6\xc13:\x81\x9b/\x0b\x80\xcdD\x1ax6\
\x18\x1f+(\xd3\x1dI?\x93\xe24\x0c'(W\xf5\
\x19\xa0oX\xf4\xe5\xab\xa7[\xd4\x9a\xa2\xec\xf8\x9d5\
4.\xb98\x89\xdd\xcb#,UDi&^\xec\xdb\
9\xe0\xe2\xe4^\x86\x8b\xd7\x06(L\xe4`\x17B\xd9\
\xf70\xc1\xa4S+5\xfe\x09\xe8!\x17\x16\x9e\x9a\xd3\
i\x07y\x22\x225{\xa7/\x92\x1e\x89A\x8f\xd8\xb0\
s\x05d:#h\xbf\xc9\xc0\xc0\x83e0\xa1\xb4M\
\x8b\x99\xc2\x0e&=;\xb5\x93E\xd9U]\xe2\xa0H\
\xd8\x99\x5c\xad\xec\x81\xc9\xd7\x14^N\xaas\x10E\x82\
\xba\x8b\xb4\xba\xb5~\x81\xacvx`\x83\x19q<\xf5\
]\x0b\x95\xc7\x1dt\xab\x0a\xbe\xddv\x0elU\xc7\x9e\
\x9aV\xfcz\xf6\x85x\xd5\xf1\xe7q\xfc\xce\x22\x8e\x9e\
5\x01\xfc\xbb\xdb9\xce^\xe4S\xcdy\xcelN\xf1\
~K5\x8c\x8a!\x85\xdb\x82\x91\xbc\x00\xc0\xde\x8es\
p8^+\x0011_A\xa7\xde\x0b\xdd\xbf\xd8\xa6\
\xa1\x89C\xcct\x15>\x19\x83\xc8\x0f4\x86b\xf97\
\xf2\x95n\x134 \x0d \xe9p\xce\xf0\x22\xeb\xe3k\
\xde\xfa\x12\x86\xc7\xafd\x99T\xc09W\x89\x07\xc0\x1b\
j\xc5\xa8\xb1\x10B\xac\x92<\x84*\xb7\xdc\xa9'.\
V\x18\xc7\x041\x84N\xb0X\xac@\xd9-]p\xa9\
\x87C\xa8X\xd2\x0f\xd0\xf3\x10\xc7\xa5\xd7e\xc0rY\
\xf9\xc1i\x10B\xdcp9\x18O\x22\x08D\x90\x10\x13\
\xb7t,\x05\x97\x80J\xc3\xea\x0e\x81*@$\xbb\x08\
\xc2\x18B\x1d\x1e\x85;h]\x19\xe0\xe4\x83\xd2\x9bp\
\x1a\x0f\x13\x00Q\x18g\xc3\x11w\xf1\x14\x22Y\xc2i\
\xd6\xb3\xfc\x00\xf4\xde\xe58\x11\xe1\x0b\xbe\xa7\xc3#/\
A9H#C\xd3\x5c\x0dN\xb1\x82hB\xc5\xcb\xcf\
r\x1c\xfev\x05\xcbx\x80=\x8d\x8b\x85J\xa9\xd0\x04\
RTlj_\x822Sq\xd1t\x0fR6\xa9~\
J\xc3\x13\x00\x9008j~\x9d\xf1\xa22\xea\x93\xf9\
S\xa9\x1d\xf69\x08-\xa5` \x04T\xa9\xdcU\xe0\
)\x01\x0a\xf18\x9e\xac\x9b\x8f\xdf4\xcf\x85\x1b\xaa\x9a\
\x8a\xebA\x06 ht$( \xf30\xd1&\xafO\
S\x1b\x9f\x94(T\xe4s\xa5`\xb8\xef\xe1\xf0W\xc4\
\xc5\x08\x95B7(\xd8$0\xd8\x8d\xc1\xd8\xe4UJ\
[\x13\xfcdB>)M\x0b\xb76\x82\x9d\xa2ia\
:\x15\xe1R\x06Q\xaf\x07\x82.&\xb3sZnL\
\xd7\xd5\x90\x10g8H\x22T\x0b\x98-\x02CB\x09\
0\xfc\x8c\x87\xa771\x5c\xf1\xba\x14\x02\xb7 +<\
\x87\xc1\xf5h\xca\x86\x92+\x1d\xd1\x8c\x01\xeefEW\
K8f\xdd\x80\x95c\xf0KT\x12\x0a\xb9gq*\
T\xd5\x00\x11z\xb4\x98\x82\x88\xa9\xc0*\xa9\xe8\xdf\x1d\
\x08\xa1&\x89\xb5\x11\xeaX\xbd\xa2F\xb8\x14\x92\xee\xf7\
Yg\x91\xd1g1d#\x8a\xaev8\xe0\x22\xaa\x9f\
@Fcz\xef\xe9\x15\x062\xcd\x8eH\x06\x86Gb\
\xd8\xfc\xa5\x02\xda*.r\xe9\x06|\xbb\xfb\x5c\x04\x9a\
\x0e\xd2W\x16\xcf\x10\x98x\xb0c1\x1eo\x99\x8f\xa8\
 h\x84\x1b\xcf\xc29A\xf2x\x22\xd1\x0d\xdb\xe3j\
x\xb3\xc5\xed\xac\xceB\x08\xae\xa4\x22\xb6\xac\xd3\xd5\x8c\
R\xb8 \xc97\xea=\x88\x10'KJ\x11\xe7\xc3\x12\
P\x1cH\x1a\xbe\xa1\x03J\xee\x9f^*\x11'\xf0'\
\x80\x19QP(<\x85\xef\xdc\xde[u\xffg\x0c`\
\xd3\xc605\x8d\xdd\x8fJ\xe9s\xe8\x1b\xacgK\x17\
\x09\xb9x\x1a&\x08\xeajE\x83\xc1/[g(X\
\xd5\xe4D\xc8\xb5I\xeb\x0e\xafb\xb8\x0e6\x14pc\
$\xf3B' \x8a\x91\x86\x164\x8e\x9d\xc4\xb3\xb7e\
q\xf4%\x0d\xb4\xd0\x93\x0e\xa9=\x19 \x9f\xf7\xe1\xe7\
|\xb8n\x01\xaf\xfcL\x1d\x96\xae\x88\xa0Rt\xa4\x91\
\x81\xe3\xde\xafz\x18\xdcg\x83\xe64e\xd2\xa9 \xaa\
;P\xa3L\xcc\xda\xd1\x88\xb7\xe3\xe41\xb1\xc9EM\
\x83*\x16D\xc8\x9f\xa4\x13-[\x89\xa4\xb5#\xc4&\
\xe8\xcdWw\x0d\x06\x14\xa6h\x0b\x09\xfd\x95\xc0\x17\xaa\
\xc9\xc3\xde\x04\x1c1NEt\xcfY\x97Fa\xe8\x0e\
J\x9e\x8eg\x7f\xea\x82\x1d$\x82H\x14_\x98w\x09\
\x86#1\x92\x1c\x83O\x10+='Q\xd1hR\xd7\
\xa7$3\x9c[?}T\xcfl\xb69]RU\xdb\
\xa0g\x17\xf1\xe2:\xfaX\x96\x1d\xc4\xb9\xc3=h\x1e\
\x1e\x15w\xab\xafc.\x1em[\x82l\xd8$;m\
\xd5b\xd3\xb9\xf4V\xe2s\xd3\xdf\x93q\x044\xe2\xef\
\x91\xf6\x8b\xc6P.\xfd\x8c\x9f\xe5\xfe\xcf\x18\x00\xbd\xfa\
\xfa\xf5*6}{\x9c_\xf2g\xf7\x05\x133\xefR\
\xb29\xdf\xcf\xa44I#\x0a\x80\xf6f(\xc7z\xc4\
\xacz\xd5\x8a\xab\x14.1./\x9eE\xd6\xec\xa2\xa1\
#:}\xf2\x83\x11\xf2\x15\x81\x8dM\xcd\x0bqI\xc0\
\xb0|\xe2\x04z~\xe5aT\xbc\x01O\x94f\xd5\xd2\
\x8f\xaai\xbbHsu\xf4E\xd0\xae&@\x8eJ\x8f\
\x0dv@\xb6f)\x0e\x12\xa7\xb6\x02\x05Vx\x93'\
@\xafa\x81\xf6\x91\x8a\x84\x95\x92?B\xe0\xc4\xfb\x94\
Z\xbd\xa7\xe3\xacX*@\x9d\xc9\x90qT\xcdA\x99\
\x1c\xa9\x96\xabl\xc8vi\x1a\x89\xe2)\xd0\xb8\x8c\x12\
Q\x15\x87\xf7*8qW\x11\x8bT\x86\x1f\xcf\xbb\x08\
\xfb\x92M\x82\x8017\xb01\x7f\xa0OR\xd1\x09\x84\
#\xf7\xed{\xa2\xbc\x0c\x88\xf3@\x87\x84(\xe8b?\
R8\x0f!\xee\xb5\xec\xd5{\xf4\x9a\xc2\x9b\xd2\x0c\x1f\
`\xfa\x1e:F\xfa\xd04v\x12\xe4?\xcd\xb9*\xb8\
\xa7`\xd6\x81~,\xce\x8e\xe3\x1b\xab\xaf\xc7\xb8H\xc0\
\xa5\xda\x08\x19\x8c@RC\x9e&\xcd\x11P\x0b_\xf2\
\xe84%\xc8\xe7\x06\xd1\x7f\xf4Q\xf1\x81o\xbf\xdd\xff\
O6\x87\xf2\xbb\xb8\xe7\xbd\x13=\xbd*[y\x8e|\
r\x12#\x8eG\xa1\x10\xab\x97\x04\x88D+2L_\
\x05\xfcH\xa74\xa4\xf1\x09\x10\x88\x83\xd1z\x0cB\xf5\
\x88\xdfO\xba\x81\xe0\x98R\x0d|~\xf9Ux]_\
\x13\x96\xe5\xfa\xd1R)\x89536\x89\x18\x991\xd4\
O\x0f\xa3H\xde\x82\xc6\x9d\x84<\x1a]I\x0a3>\
\x0c3@\x93\xa2\xe2\xf1e\x97aL\x8baui\x0c\
K\xc7z\xe0\xcfL\xc2\xd7\xa2\x88D\x0c<\xb2\xe4r\
t\xf6\xf6`\xa1\xb7\x1f\x01#\xa1)\xb9TZ\xb8G\
q\x08e\xcc\xacn\x07G\x18{\xc9C\xc9F\x0d\xe5\
\x13U\xe3\x96\x1a{r]\x0d\x87&\x821C\xdb\xe2\
\x04\x9a\xcfw0\xf1\x9c\x8b\xf3GO\xe2Pm\x1b\x92\
A\x04\xb7\xbc\xf8+x\xf9)\x18$\xfa\xe0\x9cI\x8e\
\xcfN\xfc\xce\xe6C\x9c\x9d>\x9f\xad\x12R\x95\x8d\x11\
YP\x06\x88\xdd\x98\xc2\xaa\xb7\xa40\xe7\x15\x8a0\xdc\
\x17\xbeg\xc3\xff\xe4\x01\xbcO\xd7q\xc7\xf9\xaf\x14\x15\
\x89\x18\xb6\x09\x09\xbb\xe25\xe9\xcfd\x5c\xca\xc58\x0e\
g4\xd8cY\xbf\xe0?\xfbz\xbe\xba\x0f\xf2\xdf\x1a\
\xc0\xa6M>p\xab\x82\xad\xb7\xbf\x80K\xde\xf9L\x90\
-^\xa1\x8c\x8e\xfb~s\xa3*x|\xe4\x09\x1a\xeb\
\xa1\xe6\x0a\xf0\x0ae\xb9\x9e%\xccmO7v\xb50\
{\x16\xb5m\x88\x07\x08\x8c\x9b\x0cDA\x5cW1\xcf\
-c\xa8\xb6\x19\x07\x9b\xbb\x90\xe7\xaa\x98\x18.h\x1a\
1Tq\xeb\x8b\x9b\x10TfN{\x10\x91 Tu\
t\xc5\xec\xbb\x82X\xe0b\xe1\xe8I\xb4\x0d\xf5b\x0a\
\x15\x18\x0b#pJ.\x0a\x03\x15t\xf4\xefG\x8c\xc5\
A-o\xd9l\xa9v\x1b\xe9\xc4W\xa7\xedH\xdc+\
l@A\xc6Z\xca\xb4\xe4\xd2/\xeaO\x9c\xc9\xc3\xc5\
\xe7\xa0\xf5M\x9e\x8f\x9e\x97\x5c\xccZ\xa2\xa3\xb1\xd6\xc1\
\x9b\xeen\xc3\xaf\xdf5\x0c\xed\xf1^\xfc\xd5a\x1fN\
\xa2\x01v~\x0a\xed\x7f\x99\xc6\xca\xbf\xc8\xa0t2@\
9\x17&\xaeU\x83\x13\xea\x22\x82?\x0f\x95\x11\xad\xde\
\x17\x93\xbf\x8cD6\xc5\xd4\xb0l\x13kZ\x80H\x9c\
6\x9d\xe8H6{\xa8o\xa1i^\x0b\x16m1\x85\
\x82\xeb?\xda\x88\x07\x9d&\xb0\xcf\xec\xc6\xebkZ\xf1\
\xd39\xe7B!\xd54Vm\xab3\xc9\x11H\xa7\xc0\
]a\x89\x0a\x8a\x85\x8a>=\xfe}Jqq\xf0\xe0\
o\x95n\xbf\xed\x01\xd6\x1fb\xd8$\x84\xcf\xbe\xce\x15\
\xe3\x0a\xde\xd3\xcb\x04\xce\x1cN\x01\x91\x8b\xf1;[\xa1\
\x1c\xe9\x91R\xe7\xa1yK\xc7U\xbd\xbe\xe1\x9cn8\
\x1f\x1fP\xd7\xaf\xec\x8bf\xd8\xebzw 36$\
V2[\xd0\x90W\xd2\x98N\xa4\xc5:\xd6\xb4kC\
-\xe6\xc4\xcf\x91\x9a!5\x91\x18\xc5l\xc2\xc3I\xb3\
\xc8b(\xf8..\xda\xbfE\xbe\xf1\xf3bX\xf0\xee\
F\x9cs\x83\x86\xecP\x11\xf7\xbc\xa1\x82\xf6\xbe\x93H\
SX\x98M\x98\xe1\x19\x1d~a\x8c\x84\xc2\x85\xdb\xc5\
H\xe3\xf8\xb4\xa7\xe2a\x1e \x88\xc5Uo\x11V\x1f\
\x81\x22&r\xa3`8|g\x05\x9d\x97D\xd0\xd5\x92\
C$\xe2\xe0\x8d?I\xe3\x17ow\xe0<:\x80\xcc\
\xd4\x00\x0a\x8c\xa1\xbe\xc1\xc7\xacN\x0b\xa0\xb1\xc4\x98!\
\xa7K\xaa\x22\x11Ta\x88\x9c\x89\xfe\x0c\x83\x9eh\x8d\
\xd3\xdcz\xd8W\x11\xef+TW\xa7*\xc6\xf6\xe1L\
\xf8\xb4yG\xea,\xd9.\x8a\xc7Gq\xd5\x87\x9bp\
\xf7s&\xd6l}\x16/5\xcf\xc6\x89dF\xf0\x0d\
\xc5\xe5\xf7\x5c\xf0\x14q05:\xf5\x01b)\x15\xd3\
\x13\x0f8\xdf\xfe\xe4\xd1\xffzm\xdc\xa6M2}\x1f\
\x1d{\x04m\x1d\x07\xb9\x83\xc5\xca\xc9S\x01\x16-P\
\x84\xf8\x00\xb9{jft\xb5\x81\x9d\xe8\x93\xa1\x80<\
O\x15*\x167]P\x0cNk\xf9J-4\xfa\xd8\
\x1e\x92c\xbd\xf0f\xabX\xf1\xa1\x0c&\x0e\x06\x98\xd9\
\x95C\xe3\xf8\x145\xe0\xa0\xd0li[\x04\xe9\xd9*\
\xba\x97P\xa7\x8f\x921\xf2j\x01\x0cM\xc3+\xfe\xa6\
\x1eSG+0\xeb\x15\xd4\xcd\x8f\xa0}1e\xfe\x1e\
\xec\xd1It.J`\xcd'\xd3\xd8\xfc\xee,R4\
\x8f/\xd6\xf2\x85\xeePv\x8eBQI\xf9>\xe9\x84\
\x9c\x19Pda\xc2W\x9d-\xafz\x07\xaaH$\x9b\
\x96\xcc[\x1dt\xb1\xedg\x15t}\x22\x0e{&\x8f\
\x98\xc6q\xc3\x17\xd3\xf8\xc5\x91,\xac>Op\x19'\
\x8e:(OF\x85H\xb6F\xd7I\x5c\x83PZO\
\xe4M\xd4]\xa5w!\x11N\xe9\x9dB\x1a\xb7$\xd1\
Ko@\x9aK0\x85\xca\x18Q\xe7UM.\x964\
b\xba\x90\xa8\x8fYY\xac\xfaP\x0c\xcf\xbf0\x83\x8b\
\xfb\x0e\xe1\xc4\xca\xcb\xc3\x92<<\x8c\xe1L%Y\x0d\
\xab\x94|u:\xfb\x15\x81*l\xd8\xf0\xbbP\xc4\xbf\
\xc9\x01\xc2dp\x93\x8d\x96w~\x81\x9b\xb1\xbb\xfc\x91\
\xf1\x80\xd5\xd5\x81\xd7\xd5J^\xbf\xc3\xc1iH\xb4\xa3\
\x05\xac\x7fHL\xdeH\xd1\xf3\xaa\xe4\xb9$v\x10\xee\
N,\x17\x01b\x84\xdax\xe4\xc2\xf5\xb8\x8eU7i\
\x88\xbe\x91t\x85\xebQ)\x91d\x0ba\xefR\xc37\
\x1a\xd7\xa8-\x87J\x96\xdc\xa2\xdc\xfeC\xbbs\x97\x5c\
\x1a\x05.\x974(n\xe5`O;(\xd2{!\xef\
:X\xc2\xca\xeb\xd28t\xa9\x02g\x0b!j2\xc3\
\x96\x17\xb9*jI\xdb8\xe4)\xf1)#\x137\x87\
\x9d\x89\xc2\xe2\xad\x87\x0a\xdb\xb4\xbcA\xd8\xb3\x84\x5c]\
3\x0d\xdd+#\xfbX\x09\xa3o\x8d\xa3\xa3\xcb@a\
\xa2\x80\x86\xb6\x0cV~(\x86\xed\x1f\xce\x8b\xb1\xf1\xa9\
#\x02?\x13CI\x12\xc5#r\x8a\x5c\x05#5\x03\
\xf4\xb0d\xa3q0\xbaa\xc4\x99\xa0\xecH\xe6&\x92\
\x0c#\xbdV(\xe2\x22\xbc\x10]C\xc9-\xa4\x92\x18\
(\x8e\x15\xd0}N\x0c\xdb\x97(\xe8\xea\x1b\x80v.\
\x89WH98\xd6R\x0fNk\xd3l\xdbG$\xa6\
bz\xf2>\xef\xbb\xff\xf0b\xb8.\xee\xdfl\x0e=\
;/9\xcb\x0bp\x86\xfe\x93\xbf\x80c\x1f\x84\x11U\
\x94\x93=\x81B\x03\x88\xf4?\xca<\x1dY\x1a\xb2\x86\
:\xc9F9\x03\xa0\xca7}:\xf3&o\xc6A;\
\x1b\xe9g\xa2\x08P8\xe8b\xf7\x03\x14\xb3\x0b\xa8\xf4\
\x8f\xc1\xac\x14\x10w\x0a\x88XY\xa8\xb9)X\x03\x13\
\xa8d\xa5Q\xc8N\xa3*T8r\x03\x05d{f\
\x90\xeb+\xa10I\xfb\x09hg\xb0\x0e\xcdT\x85\xa0\
\x95\x81<\xe6\xbeJ\x93\xe2\xcf\xa2\xa8%\xd7O\xcd\x14\
\xe2\x14\x84\x09_\xe8\xa9|\x01+KpH\xa4OD\
5\x17\xde\x80\xb6\x8fH\x0e\x82,a\x194\x8fc\xa4\
\xa6\x0d\x13\xb5\x8dPG\x02\x0c\x92\x8c<5\xb7\xa2\x0a\
*\x13\x15,\xbbNCr\xa9\x84\x98\xf3G\x81\xe1#\
\x0c\xf1\x96\x94P\xfe6\xe31\xd1S\xe0\xa4_X\x09\
\xc4\x1e\x83 \xef\xc3\xcdQ\x1b\x98BjI\xc8\xe4\x0b\
\xd1*ZDY\xd6\xe1\x17!\xc4 \x83\x02\x03/z\
P\xa9\x05M\x9bB\xc5fYW\xecj\xd0\x0dC`\
\x0a\x81\x1a R.\x0a\xfa\x99hvE#\x08(\xf6\
\xdb\x0eg\x8a\xc2X\xb9lk3\x93\xb7\xfd[\x0c\xf2\
?\xf6\x00\xa1\x17\xd8\xa0b\xd3fK\xe9\x9c\xf7\xb9@\
7~\xea\x97\xf2\x81v\xfc$\xfc\x85\x0b\x84p\xb1\xb0\
T\x9a\xd7oi\x94\xe8\xdd`8\xb4\x19\xa2ud\x0e\
\x82\xc9\x15\xd6\xeb$\x1fC^\xc1N&\x10\xcb\xe7\xb0\
\xef>\x07\xcb\xaf\x89\xc0\x1d-\xcafQ\xa8\xc4\xaa\xea\
*\x14C\x12I\xe4\x08\x00=\x8f\xbc\x11\x91\x94\x01\x8d\
T<\x18\xed\x0c\xf0\x84\x14\x0bM\xc9x\x9et\xaf\xd6\
\x8c\x8f\xce\x15*\xf6\x12N \xf4\x11\xa8&\xae6\x9a\
C6R@\xa8\x5c\xb5\x0a\x90\xb1\x9e\xf22]\x0e\xce\
\x8a\x93yZQ,\xec\xad\x93S\x98\xa0m^\xa9f\
4O\x0ca\xea\x88\x0b\xefz\x12\xbb\x8e\x8a\x0d\xe2\x89\
H\x05]\xd7Eqp\x7f\x11\xd1\x8a\x87\x87>>\x83\
\x93\xaf\xd1a8\x01\x0a\xa3\x01\xf2cD\xbf\x96U\x86\
\x006]\x8eh\xad\x82\xab>\x16CK\x9b\x02\xc7\xa6\
) \x86b\xc1\xc7\xaf\xfe\xb9\x88\xe2\x08\x89t\xd3\xcc\
!\x8d\xcc\xd3\xc8\x98\x83d\x86!S\xcf\xd1\xd0\xc9\x90\
\xae\x09\x10o0\xf1\xe2\xf3&\xb2\x07+p\x92\xbaX\
\xdc\xa1\xd2\x96\x94\xa6\xd6\xea\xce\xa2\x80\x1b\x09\x95M\x8f\
|\xcf\xfd\xfe\xed{~7\xf3\xff\xaf\x0c@z\x81[\
oU\x82\x07\x1f\xdc\x08\xe5\xdc\x0f \x12?\xdf\x1f\x9b\
\xf4\xd5TR\x0dZ[\xc3)\xddp\x1b\x06\xcd\xfa\xf5\
\x12\x87VB\xc4\xe1dg8\xf5M-\xd0\xb8\x802\
i\x19\xea#\xdd\xe7\xe3\xeac/als\x19\xbb\x9f\
\xab\xc5%W\xaa\xb0\x8a.4a8\xf2FQ\xb2G\
\x90*\xcd\xc6\x89\x9e\xbe\xe2\x81i)\x8c\x1cS\x90\x9d\
p\x84\x18\x15s|\xd0,H\xba\x99!Vo\x22\x9a\
4`\x92\xb8\xf2\x98\x04\xa8(\xdb\x16\xa0\x0ee\xde\xe2\
\xedHivj\xc7V\xf1\x8a\xea\x83\x89\x05Q\x12k\
\xf7\xc4Nb\x19\x93\x85!\xf8T\xcd\xbb\xf0x\x80\xde\
t\xab\xe8[\xd9}\x0e<\x9fh\xa3TX\xa8\xe0\x96\
\x8f\xceK\x0c\x1c\xfa\xaa\x82\x88\xe3\xc3>\xec\xe0\x85\xc3\
\xcei\xd3\xa3\xd0@\x8d\xb0j\x9bI0\x01:(\xd5\
 \x1e\x80\x00%$AV\xb7\x91\xdf\xe7\xa3x\x8c\xa3\
,\xfc\xa7\x0c\x9b\xf4{\xc3\xd4G!\xd6R\x9d\x82h\
=\x83\x12\xf5P<\xec`\xa9\xc5\xf1\xc4\xbc\xd9\xf0\x1c\
\x1fFS\x06\x0e\x95{$\x0a\xac\xe9\x0a+\xe6Gc\
\xfdC\x9f.\x91\xeb\xff\x9d\xcc\xff\xbf6\x00z\xef\x87\
\x0e)\xd8\xb9\xd3\xd5.9\xe7\xa3\xbe\xaa=\xcd\x8d\x08\
\x82S\xfd\x9c\xc5\xe2\xc4W\x12\xd9f\xb8u\x01,N\
\x0d\x1a\x99\xc5J\x05-B\x0c\xcf\xcc\xfe\xd3\x0f\x11H\
z\x88v\xf0u,\xc3\x0d\xc7_\xc0\xbd\x9f.b\xa2\
\xcfD2\xe2\xc1\x9aQ\x91\x9b\x96K%\xad\x19\x8e\x0b\
oNb\xc5:\xdaM )d\xc4g\xbb\xff\x8b\x16\
\x12\x1d&\xd6\xbc\xa3\x06\xc3\xc7m\xec\xb8\xbf\x84\xc9\x17\
}$Z,\xb4\x9fc\xa3y\xb1\x86\x83/\xaa\x82\xd7\
/b\xb0\xa0\x10\x855\xfdi2C\x98\x13\x9c\x8e\xfd\
\x10\x1e@LF\x0bK\x087y\x89\xbe\xbc\x04G\xc5\
D\x8e\xaab2^#\xc3\x87-\xf3\x09\xc1\x5c\x10\xdb\
O\x81\xc6Y\x1e\x12\x9d\x06\x82\xe3\x15\xa44 \xea1\
\x18\x17F\xd1\xb4J\xc7\xf0\x03\x15\x98\xfd\x0e\xd2bk\
*\xb1\x9a\x80<m\xa0\x17P\x8a\xec:2N\x03\x0e\
\xbaPW\xadS\x81JX\x14\xa8\x99:\x8c\xd4t\xa2\
\xbd0\x86ZZ\x1e1\xe9bzRn\x1d\xa5\x89\xa4\
\x93\xf5]x\xa8f\xb6\x90\x93\xf3\x88\x10\x22(|d\
\xe6\x8a\xc2\xf2\xd3\xb7\x96\xee\xfd\xe28\xde\xf4\x1f\x9f\xfe\
\xff\xcc\x00$.\xb0~\xbd\xeam\xbak3.}\xf7\
\x8f`F\xdf\x11X\xbe\xaf\x1e;\xa9*K\x16J\x82\
\x81\xc8\xb4\xa5\xe0\x90\x8c\xadt\x15-\xd9\x01\xa4\xa4D\
h\xf4\xc9\x9c@\xd0\xc3x\x80\xc7\x1a\xe7\xe2\xd2\xa1#\
\xe8\xee\x9d\xc6\xcb\x9f\xa2\xd9\xd9\x10'\x0feX\xc4F\
\x8b\xab-9\x15\x22\xd83r\xdaC+[0\x1d\x15\
\xb3\xe7\xb8X\xb4\x10X{S\x06\xdb\xeeu\xf0\xf4\xc7\
\xf3\xd8\xb6\x9dt\x86\x5c\x98\x1ch\x93TQ1\xbcI\
\x8b\xa9et?\xab\x1e\xaf\x22\x81\xa1\x11(bx\x95\
\x80+jLQB&\xc3\x99\xcc\xcc%?)\x05\x1f\
\x1dv\x1e\x0eM\xc8\xb94bM\xacZ\xaaRh`\
\xd5A\x22\x1d =\xcf\xc7\xd4q\xc9d\xf3\xeaU\xdc\
\xf8\xf54:V2\x0c\xbf7\x89'\xff1\x8fS\xf7\
\x97Q\xa3x\x88Q\xc3N0\x99%\xc8$\xcbA\xb1\
\x12C\xe4#\x96\xcf\x90|e\x1c\xd9\xe3\x1eJGf\
0\x9a\xea\xc07\x17]\x83y\x85q,\xc9O\xa0\xc5\
\xca\x09\xe3|>\xd5\x84\xc7j\xbbP\xce\xa4\xa1u\xb6\
\x8b\x5cG\xac\x14\xd3M\x153\xd3\xcf\x05\xff\xfa\xb1\x1f\
\x08\xcc\x7f\xc3o\x97}\xff}\x03\x90F\xc0E\xf6\xf8\
\xf8\xc9\xbf\x87\xaa^\x05\xc3h\x0b\x1c'P\x8f\x1eW\
\xf8\xa2\xf9\xa7E\xa4E\xa9+\x18\xc8b\x08-tv\
\xe4\xda\xc2FH\x08yk\x86\x8er$\x8e\x1f\xcd\xba\
\x10\xaf\x19\xd9\x8f\xa6\xd24\x22\xb4\x0cAUQ\x8a$\
ax\x15\xa8\x95\x024\xd5\x05\xf7\xc2\x91r\xc1\xebP\
\x910U\x1c\xd9X\xc6\xb3\x17Ep\xc1E%A?\
\xbf\xf8\x1d\x11\xd44\xa5\xf0\xd8\x9f\xe5\xa0\xe4]\x90\xae\
\xa2\xb0I!\xd7Gm\xe6\xean>9q\x1c\x22\xbc\
\xbfC8\x83\x5c\x11'\xe4de6~\xda\x80\x09n\
f\x0c\xb3\x06\xf6\xa1k\xe0\x80\xd0\x02\xaek1\xa1\x9b\
\x04W[PtZ\xfe,w\x16\xc4;\x03\x01mS\
4kYg\xa2\xa5\xdd\xc7\xcc\x8ei\xd47%\xb0\xe1\
\xce\x14\x9e\xf9\xbc\x87\xde/\xfa\xc4\x98\x94\xedn\xf5\xcc\
}\xa1\xf7J\x1d\xc2\xa0d :?\xc0\xfa;k0\
3\xe4\xe3\x9e\xb7\xce`\xd5\x81=p4\x1d?\xec8\
\x17/\x1a\xb5\xe1@\x8c\xd0\xc7\x05\x22\x06\xd4\x05s\xe0\
\x91kq\x1c\xc1\xf7C\xa5l\xf1\x89\xf1\x0fH7%\
0\x7f\xfe\xfb\x1b\x00\x1d\xa6C\x87T\xbc\xb8i\x1c\x97\
\xbe\xf3C\xd0\xf4{\xb8n\x04\xb4\xdeU=v\x1c|\
\xde\x5c1\xffVM\xb3\x14%$%V\xc7\xc1\xc3\xcb\
-+py\xbc\x89\xd5\xb3\xb7\xb6\x11\x87\xd2\x97\xa3\xd6\
.#\xce=!i6e\xa6\xf0\xf6\x81}X\xd5\xbb\
\x93\xf6e\xc9\x9bV\xc5\x93h\x11#\xe7\xa8\x0d\x02\x9c\
z\xc0\xc2\xaa\xcb\xd2\xd0\xacQL\xef\xb5\xd0\xbd4\x86\
\xe8\x82\x00\xd6v\xaa\xd9C<\xc2\xa7fP\xc8 \x0c\
A\x16\xa2\xaa)\x22\xbb\xaf\xdaD5W\x91\xbc}\xda\
\x82N\xf5\xb6\xe8@\x8a\x1f\xa0\x85\x93\x1cA\x14\x88\xb6\
\x19P\x22\x1e\x92\xcdq\x5c\xf0\xfe\x04`\xd3d3Q\
\xb8\xc8g\x85\xe0RDV\x16\xbe\xa1b\xde\xeb\xa3P\
\x83\x8a`1\xd1\xa6\x15-\xef\xe1\xba\x7f\x88\xe0\x09\x04\
8\xf1/6\x22\xc2\xfb\x84\xd7*\x9c{\x13\x18\x0d\xd1\
\xd2\x88\xfa5X@K\x93\x87\x9b\xbe\xa3\xe3\x9e\xf56\
.9\xb5\x13c\xc9\x06<\x92i\x87J\x1aD\xa4!\
@\x18\xc1\xa2\xf9bi\x87\xe8\xf5\x93[\xa0,zr\
\xfcS\xb8\xfb\x9f\xfe\xd3\xc4\xef?/\x03\xff\x83P\x80\
\xe7~\xf0+8\xf6\x0f\xc5\x8b\xa8\x9a\xef\x17*Pz\
zE`#uqy\x83\xe5*\x15\xf1\xe1\x08)\x14\
]7\xa26\xc9\x89\x1e\x8b\xd4\xbd\xa9\x7fk\xc6\xe0\xea\
\x06\xc6\x22)\xf4\xc4k1`\xa6Q\xd6M\x94\xe9\xbf\
KE\xb8\xd0\x88d\x0e@\xc9&\x0dM\xd0*Y~\
\xd0\xc6po \x16)D\xe2*&G\x22(Oj\
\x02\xab\xaf\x9e)5`\xd0d\xf6wz\xb1\x05\x9dj\
\xaf:\x9d,\x00\xac\xaa(\x81\xc4\xfa)\x0cS\x0fB\
\xd4\xdbd\x14\x94\x1c\xb8*\xfcZ\x15W\xfe\xa4\x0eo\
y\x22\x8d7\xfd8\x85\xd6\xce\x8a \x9dJ\xbe\x83L\
2\xc9\x10\x0a\xe3R\xa65u\x9e\x8ayk8\x1c\x9a\
\x8e\xd25D\x93\xbaP\x0ds\xa7\x80H\x83\x1a\xca\xbe\
Q\x92*+\x0dq\xf3)\x09\xf5\x1c\x98Q\x0f\xe5#\
\x1e\x0eo\x0bP\x9e\xb6\xd1\xd1Y\xc6\xba/%0\xae\
\x01\xd7\x1c\xdf\x8ay\xcc\x83\x9f\xae\x85B\x93\xc6\xf3\xe7\
\x88q=Rr\x15\xa8\x97\x19\xa1Dj+\xbe\xf3\xab\
/\x88M\xb0\x1b6\xfc\xa7\xae\xff\xbfo\x00\xc2\x08\x16\
\xcbPP\x99\xf8\x1b\xe6T\xfa$\x15\xc7\x08h\x05\x0c\
zz\xcfJ\xaa\xa8\x1e\xa5\xec=l\x12\x85\xdf\x13L\
!\x06,+\x8c\xe3\xdc\x89>\xac,N`Ue\x12\
\x17\x96\xc7pYv\x087\x8d\x1d\xc3k\xc6\x8ebn\
~\x0cB\xff@\xa41\x94\x81K\xe6q\xe0\x1b\xf0|\
\xca\xc7\x81h\x9c\xa3\xa1\xc1\x17{\x02fF\x0c<\xfe\
\x15\x073\xa7\x1c\x11F\xe5\xb4\x18Qx\xc9p\xe4&\
Ri\x04rH\x93\xe0k\x11\xa0N\xe7\xa6\xfc4A\
\x93h\x06\x82v\x1a\x8ac\x88\x10`\x06\xf0\x87|<\
\xf3\x8d\x0a\x8a#>*}\xe3b\xaf\xb1p\xe1\xc4\xdf\
\xf3\x885\xec\xa3\x98g\x98\xdaG^J\xc1\xdc7\xc4\
\x103m\xc1F\xa6\xf7\xe09\x1e\x221\x1d\x83}&\
^\xf8\x9e\x0c\x01\x82@#\x86_\xc2\xfd\xc1\x94tz\
r\xffB\x0c\x1c\xa7\x9e\xb4\xe1k\x09\xe4\x87\x03\xac\xb8\
\xdc\xc7\xaa[c(\x95\xf3x\xeb\xa1\xa7\x91\xa1\xd7\x9e\
\xdd\x85\xa0\xae\x1e\x01%}t2(\xe9+\x16s\x18\
\x1e~7\xb0\xd3\xc5b\x91\xf5\xff\xa7\xae\xff\xbf\x1b\x02\
\xc2\x07\xb1\x86nU\xb0\xfd7S\xfc\xc2\xb7\xbe\x1b\x9a\
\xfe\xa8`\xd9h:\xc7L\x8eazD\xfe\x98\x88\xf7\
\x8a\x5coJ\xe1@$\x85\x94\xa0\x01\x05\xee\xe3\xd2\xfd\
OH\x11\xaf\xf0Y\xc5\x82\x8b\xf0\xcb\x0c\xb7_\x96\x88\
\xed\xdbI\xeb\xe4ra\xaf\x8e\xead\x9aLbb \
\xb38\xec\xe37\x9f!\xa2j\x80\xe9a\x1b|\xd2\xc1\
\x9cWF\x10\xe45T6\x97@\xc2\x87B6M\xb4\
\x84\xa5\xab\x95\x0f\x0fA\xd8\xfe=\xbd9\x99\x1e!H\
D\x07^\x09\x11\xb7*\xe5\x9dBJ\x82\x96\x91\xfd\xb4\
\x80\xbd\x97\xa6\xb0\xfa\x02\x92\xbd\x97\xfb}\x89iNU\
\xb0Y\x1f\xc1\x96\xef8(\x1e\xf2\xc4*\xf8\x05W2\
8Y\xc2\xb6\xe9\x86R[E\x85\xa3\xc4\xf1\xe4\xb7\x8b\
`\xc7\x1c\xd1\xce\xae\x08\xa5\x15\x82\xd6C\xefC\xef\xc3\
#\xce\x22\xd1V\x18\xca[\x5c\x8c\xf6)\xe8\xe8\xd40\
\xdd[\xc6\x15\xefLa\xba?\x86\xc1\xef\xf6\xe2-\xa3\
\xfb\xf1\xad\x15\xe7\x80\x13!T0\xa4h\x14\x8bi,\
7\xf1\x01\xbe\xe9\xf3G\xc5\xe9\xbf\xfd\xbfv\xfd\xffC\
\x03\x10=\xe4@\xc2\xc4?y\x12k\xff\xfc\xefy$\
\xfeyFbc\xaa\xa2\xd1\xf2Fq-INF\xb8\
\xf0p\xcb7]XE\x11k\xdc;\xdf\x14\xc7\xf2\xbf\
21}\x02p\xca\x12ld\x8a#:_Z\x8c(\
\x87$\xb5\x16\x81\x91t\xd0P\xeb\xa0B\xb3m\xa2\x95\
\xe0!\x96r\xf0\xdao\xd7ar\x80N\x0ay=I\
O\xabiP\xd00\xab\x22f\x11\xa9'\xff\xec\xd7\x14\
\x1c\xbc\xad\x80\x14\xcd\x07V\xa1\xfd\xd3*#\xf2\xb9\xe4\
?diJ\x8fp\xb5\x9e\xb0@\xd9>\xae\x0aU\x84\
}N\x0d\xa8s<\x1c\xfe\xb9\x8be\xab\x92\xd0xA\
\xb4\xd8\x8d\x98\x86x\x22\x86\xed\x0f\x04x\xf9k%\xc4\
\x03\xa0\xe3\xd5:\x1aZ\x18\xf2\xbd\x1eT\x83\xc1wT\
\x18\xb1(\x1e\xfb\x05\xc7\xd8\xafK\x98#\x14\xb9\xaa\xfd\
\x89*m\x8d\x88\xa9d,L\x18\xb9A\x8c\x88\x09\x8e\
\xbem\x0e\xba\xe73(\xa4\x0c6\xee\xe0\xa6O\xc4\xf0\
\xb3\x1e\x1f\x0b\x9e|\x0ek\xe7-\xc33\x9d\xb4-\xc4\
\xf6x$\xa9aj\xe4k\xfc\xfb\xb7\xff\xf8\xbf\x1b\xf7\
\x7f?\x03\xa8\x02D\xc2\x08\xbe\xf7\x05\x5c\xf6\x9esa\
F\xdfD\xa9\xb6\xaa\x0a]\x11\xb9\xb49\xec\xc211\
\x0dA\xf9\xb1\x0f\x87NU\x8cc\xf6\xec\x0a:Z4\
\x18\xb4\x15\x83\xa8K\x02x\x91Lb\xe9\x09\xa7\xc5\xf8\
\x97\x93\x95\xbf/\xc4-\x03\x1a\xf4pPWSDc\
S\xe8\xbb)\x0b\xa6\xac\xd9e\x22\x1e\x17I\xa53\x96\
\xc0\xe5\x7f\xa9`\xf8I\x0d\xd6\x98\xfc\xdd\xb0Cuz\
\xa4$\x08$\xa1T\x0c\x95\x9e\xe6^!$\x8dH$\
SR\x04C\x0f*\xa8t\x0c\x09\xc61\xb4\xa5\x88\xe3\
;8\xce\xbf.*4\x82s\x93\x06\xb6\xdcU\xc4\x0b\
\xdf\xb5P3\xe3\xc1hS\xb1\xfcf\x13\xde\x0c\xb5\xca\
i\x0e\x84\xc10u\xec\xdfnb\xcf\xd7\xf2h\xf3\x02\
L\xb5t#>>\x0aF\xd8\xb8\xa8\x92D\xdd.\xa5\
\xf8\x09\x8b\xa0\x9e\x89\x12\x81\x16pL\xedp\xe0\xbeE\
\x17\xb24\xd4\xf3\xd7\x0b>\xae\xbf\xc3\xc0\xaf\xaf/a\
\xdd3\x0fb\xd7\x9bf\x0593\xa6\xb1\xec\xe4\xd3\xfc\
\xb9\x9f\xfd\xed\x7f\xa7\xe4\xfb\xc3\x0d\x80\xaeJ\x88\x12\xe2\
\xd9C\xefa.\x9b\x87X\xfa<\xc2\xed\x04+\x8c\xd1\
\x87\xa9\xaev\x0f\xd1,\x9a\x0c\xd2\x18\x0e\xfe\xda\xc5\xca\
7\xaaHE\x0b\xc2\xb5\xcaaQ\x16&^t\xf2l\
\x091\x13\x01T0~e)&\x85\xad=\x14\xa7\xcb\
a\xbb;\xdc\x1e~\x9a'@\xfa\xbc\xb4\x8a\xa6\x023\
\x0f\xcc\xb9Q\xc3\xae\x9f\xca\xa4O\xbc\x07R\xef&L\
@\xa4^Ue1\xa1\xff\x0e\xc9\xfa\xa9\x96}\xc4*\
\x95\xbd\xf9\xaa6\x8f`\x123N\xfd/\x18\x16\xf0\xe8\
\xe7\x1d\x1c\xd9\xe2\x22(p\x0c\x1f\xf4Q>\xca\xd1\x18\
\x123g\xdd\x1cA\xdb\x1c\x86B\xbf\x14\xd3\x22\x8f6\
0\x10\xc7\xa3\x9f+\xa0n\xcaF9\xd5\x84\xfb\xba.\
\xc4\xdbG\x7f#B\x1d1\x9dd\xce\x14\xb6\xaa\xc9$\
\x5c\x8eb\xb4\x1e\xb6\xae\x80\xef\x1f\xc0\xf4d\x12M5\
\xb6x\x0f\x95b\x80\xe6\x16\x8e\xf3nO`\xfb{O\
\x06\x97\x1d\xdd\xa7\xdc\xb7\xe8\xbc\xc3\x8d\xc7\xf7\xbdi\xec\
\xd0!\xe7\xbfS\xf2\xfd\xfeI\xe0\xef\x1a\x01=6o\
*&\x8a\xd3\x1b\xe0\xbb}\x01\xd3\x04\xff\x87\xf4gN\
\x9f:*\xbb\xc4=\xa0\x0e\x16\x03\x9bq\xf1\xdc\xdd\x1a\
\xd2m\x11\x81s\xeb1\x15zL\x11\xfb\xf3\xf4\x98\x06\
#\x06\x98q\xf9\xa5G\xb8\xc03\xa8\xd9C\x12\xf0F\
L\x11\xcd\x95h\xd2\x84\x990\x10I\x18\x88&\x0c\x98\
\x09UT\x03ds:\xf1\xe6\x15\x86\xa8A\xb8\x84l\
\xc5\xca\xc9$\xbaA!\x0f?\xac\xf3\xcfp\xc3\xf8\xe9\
\x0fEz\xc5\xd5:Bt\x09C\xea\x16\xdd\x1c\x0a\x1c\
\x84\x03\xa6\x0f;8\xfaC\x1b\xfd\xbfr\x10;\xe2c\
\x16\x02dH\xcep\xbe\x81\xf3\xfe,!N?\x81M\
\x9a\xaa\xa1PN\xe1\x91\xaf\x94a\x1c\xb4\xd1\xa4)\xf8\
y\xf7\xf9\x18\xd4TD\xa8Z#\x22+\xe9\x06\x89d\
$\x1c~%\xcd\x00\xda\xf2\xa2\x19\x98\xa8o\x04\x068\
&N\xd0z\x17\xda\xad\xccaD\x03\x14G-,\xbd\
J\xe7\xe9\xf3tv\xee\xf3\x8f\xba\x8b&N\xbec\xec\
\x89\x9f\x8e\xaf'\xafL!\xfa\xf7x\xfcO=\xc0o\
\xe5\x03\x85M\x9bN\xe1u\x1f\x7f\x8d\x1ax\x0f\x02\xac\
\x85Q*Ki\x98$\xcf\xcb\x10\xc0\x15\xd1\xd3O3\
\x8e\x93\xf7T\xb0\xe3\xd24V\xae1`\x17\xca\xf0]\
\x12\xa2\x92.7\xf0\x0c\x91\xa4IM\x0a:\x8dr\x9e\
NN\xd4T\xbbw\xb2\xc1CS\x064\xf6\xa5\x9a\x0c\
:\xe5\x1d\x9a-@\xa6\xa9\xd1$\xf6=bC\x87%\
U\xb6\x88\x97\x10\xce\xdf\x0b\x8e\x85\x98\xc0\xf1\xe0\x9d\xc5\
\x08\xe2g\x8d\xbd\x9d^\xdbR\x1dF\x11\x1bh8<\
-\x8e\xa7\xe6\xae\xc2\xac\xdc(\x9a\xac<\xcaz\x14\x96\
\xa6\xa2a\xbc\x079\x8fc\xe5\x87\x22\xa8\xaf\xb7\x91\xed\
\xad\xc0\x88D\xe0\xfa\x06\x1e\xfen\x05\xb9G,\xcca\
\x1c\x9b\xba.\xc4\x8b\xb5\xadX\xe6\x17\x84\x0fR\x99\x0a\
M\xa3\xce\xa3\xacR$\x1bY\x13\x84\x8f\x8a\xa1` \
Y\x8fy>0q\x9c#\xb8Hz'\xc2Oh\xd3\
\x89\xc9\xcbl\xd6\xebL>\xf5\xb1a\xf5\xaf~\xfe\xc5\
\xf8_\x82\xb3\xf5\x9b\x88\xc7\xf3\xfb=~?\x03\xa0\xc7\
\xa6M\xfe'\xb0V\xbb\xfdW\x9f\xd9\xbd&\x96\xfeG\
\x0ev\x17St\xe2$\xd3DbHq\x0a3aW\
\xe2\xf1\x0d%\x0f\xf7\x7f\xac\x84\x17\x96qh\xbe\x07\x87\
\xf4\xf6i\xf9\x01\xd1\xafi\x1c\x9c\x86I\x1d\xfa\xf7\xe9\
~\x8c$SP\xb8\xa0-\xe1*)\x96\x91]\xd0\xcf\
p\x98\xba\x82H\x84V\xb3\x93\xec\xab\x8b\xfcL\x0e\xea\
Q\x0f\xed\xab\x88\xf3\x1f\xb2~\xce\x22+\x0b\x89\x9a\x10\
\xe9\xab\xa6\x00\x9cJ1\xea\xd1\xcb\x89\x91\xb0\x83\x19\xfe\
?=\x0d\x0d\x8a2\x05O5va\xb2e!\x22$\
\xb4\xa0i\xf8\xeb\xe3[P\xf4\x02d^\x97\xc0\xea\xf5\
*\x0a\xfd9\xe1\xb1(/y\xf8\xfb>N\xfc\xc8B\
\x17\x0b\xf0r\xe7Rln\x9d\x8d6\xd5F\xab\xeb\xc0\
Q]\xa1\x0aJk\xf4D\xda/<\x95\x5c\x8aI\xf6\
\xee\xe8:F\xe3)\xf1\xf6\xb2}\x04L\xc9q2N\
\x1a\x9ebp\xcaA\xd3\x12\xdd\x8f\x98\x86\xe68\xfeZ\
0\xf6\xf4\xc1\xaa\x0c\xd1\xff\xaa\x01\x00X\x82\xcd\x9c\xca\
\xc3\x88}{Q\xe4\xdd\xc2u\xca\xfe\xbb\xec\x05\xd0p\
$\x87Z$\x813\xa9\xaf\x1f\x1d\xb309&\xb5\xf1\
\xa9\x8bN\xe7\x94R\xb3jO\xa0Z\xa2W\xd9\xd3!\
\x86(J\xb4j^WE\xf7\x09\x88\xe5\x82=C\xb6\
\xe2#\x09\x1f\xb4\x9e\xc2\xb3\xe5\x9c\x9d\xd8\x0fD\xf2\xf5\
b\xa9\x14\x95uU\x22k\x95~\xcdd3H\xc0\xab\
!b)\xd9\xa1\xb2=\x1c\x8e\xa2\xd3\x7f\xa1>\x03\x85\
\x06+\x16\xc7\xdb{\xf7\x08\x09\x97\xc2|\x13\xebn\x8b\
\xc1\xcf\xe6\xa1DLxY\x0dO\xfc\x82\xe3\xd0\x0f,\
\xb4:\x9e\x80h\xeb\x07\x86\xf0\xe1\xde\x1eR?\x12\x9f\
a\x0c\x01\x16.\x89\x89\x8d\xe1\xe5I\xca\x99BM!\
\x1a\xe3\xf6\x00[W\x913#\xe2:\x90j\x99e\xd3\
5\x92\xd3I\xe2j\xf8\x01\xe2\x19\x17F\x8a\xaa\x85\x80\
\xd8j\x7f\xd0\xe3\x0f2\x00\xf9\xb8=\x08\x08\xb5\x11=\
\x01I\x96\x90aMN\xd8\x92Z\xb8\xad\xd3X8C\
\x916\x5c*@\x82\x96B\xd3\xbc\x88&I\x98b3\
+1c\x84\x92\x14}O\xc2\xa4r\x22H\xcc\x5cK\
\xad=1\xec(O,Y\x83I'\x99v\x16\x13q\
#\x94\xb7uL\x15\xb5\xcbM\xc4\xe2\x01\x02\xda\xde%\
R#\xc9K`4\xaf \xeeg\xa8S\x0c\x12O\xf4\
\xa1\xd38\x15\xa9\xa8\x92p\x83\x08\x13\xc4C\x90\xf3\xfa\
\x9cIx\x98\x04\x95Izv\xbeoau\xdf\x1eL\
%5\xac\xfb\x97\x0c\x9a\x1al\x94'T\x14\x07\x0d<\
}\xaf\x87}w{\x98cy\xc2\x99\x109\xa5\xf9\x9c\
<\xe2\x1d\x8a\x9cQ\xa1\xc6\xd2\xa24.\xfe\x8b\x18|\
\x22\xbf\x9e\xa6\xa5)\x12\xcf\xa1p\x18SQQL\x04\
0aO\xbb\xf0\xbd\xb8(\x0d\x05\xb1\xc6\xa3N\xa7\x0a\
'O\x0a(*\xd7E\xa5\xf5'7\x001\xd3/ \
5\x82>egH\x8e{\x91\xcc\x5c\xba\xce\xc0\x0dw\
%P\x98d\xe0:\x8dCS\xfb\xd3\x14nT\xd5%\
\xe5\x8a\xb2~\x19\x96\xa9\x18\xa7\xc5\xccrm\xac\x90\xa5\
\x17\x13\xc2U\xbe!\x05\xf4\xd0'\xd0\x8e\x03\x1a>\x11\
\x9d\xc8pm;\x91;\x12@M\x1di\xf1gQ\xf1\
i[WH\xfe\xf6iu\x0bu\xfb\xaa\xe2\x09\xf4\x7f\
\x5c\xf0\xe7\x89\x83O\xbfN%\xab\x1c(\xa9\xfe]E\
 z\x08\xa1?\xd24\xcc\xcfN\xc3\xa9\x14\xd1\xfe\xd6\
(\x96]\xa5\xc2>\xc10\xd5o\xe0\xf1_p\x1c\xfc\
\xb5\x85\xa5\x15\x17\xa8m\x86\x95\xcdB\x99\xed\xe3\xd5\x1b\
\x9bPW\xef\xc2\xb1h\x92\x89v {\xf0\xa6\xf3\xa8\
d)\xc1\x93\x5c\x00\xdaGT&\xd2\x081\xee4\x86\
\x8a\xaa\x0b\x16\xb5=CbW\xb4\xca\xc6\x81Wq\x04\
\x0bJ\x8fDq\xfc\x05\xc6\xb4\x82\xcd\xf4\xa8\xda\x0f\xd2\
\x11\xfcS\x1b@\xf5A\xa0\x8f\xf4\x99\xc4e\x93Pp\
e\xb2\x82\x9aH\x05\xf5sh\xe4\xba\xca}\x933}\
\x02K\x0f\x01#\xf1?q\xa1\xabh\x5cu?_8\
\xf3^\x0d1\xa7!\x9e\xd3\xed\xfe0A\x94\xda\x00\xf4\
\xbb\xd6\x18\xb9pb\x16W\x7f\x86~\x9ez\xeeU)\
\xfa3\xb2\xb4\x9a`\x00\xf90c\x8c$}eI*\
\x8c\x91^\xdf\x06\xa7\xd9E\x81F\xca\xb0\x22\xa9o\x01\
\x5c\x8f\xe1\xc4\xb3\x1e\x8e<\xcd\xb1w\x8b\x83\xecv\x07\
\xe7\xc1\xc3@\xc3\x5c|g\xc1Ex\xef\xdeG\x10\x19\
\x9c\xc4c_*\xe3\x8a7r\xa4\x12\x15\x94\x5c*u\
\xe5(\x17\xbd9\xc9N\x0eGiJ\xba\x98V&\x99\
\x9ei]\xe7\x88\x18\xbc2Xa}\x07}\xb6\xe2|\
\xda\x8b\xc0\x90\xcah8z\x00\xfc\xf8/=V\xcb\x02\
k2a<\x12\x1a\xc0\xefU\x01\xc8\xcf\xffGzH\
F@u\x93\x95$yR\xfc\xa5/\xdfa\x00-1\
\x0ey\xf2\xe4\x05\xa8d\x13\x9a\x80t\xc2EY&7\
\x89\x90a\xc8-\xc8\x84p\xca)`\x19\xfb\xa8\x8e\x0f\
\x7f^\xd8B\xd8\x80\x0a\x19\xbeBwGl\xc8\x92\x0c\
Eq\xd2\x05\x92H\xafCC\x1e\xca\xe9Y<S\xd0\
\xb1Cn\x00y^\xce@\x82 \xc4\xc9'\xcaV\xa8\
H+\x92?C%\x99u\xea\x1fI\xe5\x8d\xfd\xc9z\
\x5c\x9f\xa8\xc7\xc8\xcf'\xf1\xc3\xdf\x94\xc1+\x81XJ\
\xb5\x9a\x01{\xdb\x97\xe3k\xed\xcbQT4L\xc7j\
\xb0|l\x02\xbd\xdf\xc9\xe3\xee\xc3\x06\xae|\x7f\x02\xb3\
\xe7G\xe0Xe(\x14\xecE\xbf!L\x92U\x1d\xf9\
1\xd9\xfaV4-\x98\x8c&\x94\x83s\x97\xb2s\x0e\
<\x8f'\xbfh\xfb\xe5\xf7\x1aJWW\x84\x1d\xd8\xce\
\xf8\xee\x1f\xdb\xde\xec~W\xcf\x1a\xca\xd7>8a\x9f\
\xdc\x08\xa8\x1bdK\xf1Og\x00:\xad\x03\x10\x9b\xdf\
$\x8dJ\x5c\xd8\x90\xd8\x9a\xc8D\xc5\xa6mJq%\
\x17O\xee\xf7\x95cdT\xaf\x13\xbcK\x86B\x17X\
\x8a\x1c\x11\x94,Oi\xd8P\xaa\x8eq\x8bf\x8d\xd4\
'\x22\xf5\x0c\xf1<b!\xa8\x22\xa7mi~\x81\x92\
\x06!\xde\xa8\xc2.\x13\xdeN\xf1\x9d\xf2\x07j\x18\xd1\
\xbc\x00E\x18\xb9G\x0f\xe1(\x0e\x9dh\xca\xf6E\x0b\
\x99\x92Wa\x90\xb2\x1d\x1dT\x8d/\x9c%\x1c\xd4L\
\xfcx\xc9\xe5x\xfd\xe1\xe7\xd0U\x98\x82fD0\x95\
\xaa\xc3\x9d-\x0b\xf0x\xaaM\xee4\xd6u\xfc\xbck\
9\xd2^\x05\xf3\xa7\x060\xf8\xac\x87_O{x\xc3\
?\xd5\xa2\xbb\xcb\x87E\xe1\x80*\x1b\xe1\x0c\x22\xf0\x83\
\x18\xfa^p\x04k\xd1\x89R\xf7A\xc1\xa6\x8ee\x9f\
:\xf7\xe8\xf3\xab;\xf7Y\xd7=\xfdQ\x1bF\xad\xca\
\x93\x85\x80\xcd)q\xbd\x08<\xb4kep\xdb\xad/\
AY\xff\x07\x9c\xfe?\x9a\x01\xd0R\x0a\xe2\x0b\xeb\xae\
\x0a\xcf\x92M\x0d\x8f\xd6\xa9e\xe2x\xea\x1e\x86\x83[\
m\x12\xea\x0e\x18\xcd`q\xa6\xf2@\x92\x08\x88\xe0)\
\xb4ui\x06\xdf\xa2\x13\x1fr\xf7C\x99\x14)NE\
a\x9f\xee\x84\xe4\xcc\xfb\x02W\xa0S-Y\x03B\x10\
\xcb\x90<{r\xd7\x81\xe1\x88\x05\xccK\xd6&p\xee\
\x85\x5c,\xc1\x22\x9c\x9d\xf4\xf9+R\xf3*\x14e\x08\
\xd7\xdd\x90{W\x19r#*J\xc58\x92Q\x17V\
\xc5\x17\x8b(G\x07uT&m$E\xb2J\xaf&\
\x05\x1f\xb7\xc728\xb4\xe4J\xb4\x04\xb6P\x18\x19V\
#rS\x09\xb5\x91\xa31\xd1\x8c\xea\x8f\xa5\xf1\xe9\xb9\
\x97\xe0\xf5\xc9c\xb8i\xf8 \xfc}\xb4\xf2\xcd\xc2\xec\
[<\xf0\x12\x17\x9f\x83\x9aJ\xd1\x98\x89m\x8f\xbb\x98\
x\xa4\xe47k\x86z$\x96>\x0a\xbb\xf8\x91\xbeG\
\xbe\xfd\xf0\xd1\xf6T\xed\xc2l\xe9\x1b\xcb\x8b\xc1k\x95\
\xa2g*\x1a\x9b\xb0\xa3\xec{G\xce\xbd\xe4\xd6/\x93\
\xaa\xcb\xefh\xac\xff\xc9\x0c\x80+j\x9en\xc9\xd01\
\xc6*^\x5c\x88?\xc7\x93\x01\x86\x87\x0d<\xf2\xf5\x22\
\x94Q;\xa8\x0b\xcfe\xd8\x8f\x13\xdbn\xf1;\xa5_\
\xf5\xdf\xbf\x0bOVu\x85\xcf6u\x99i\x84+\xed\
\x7f+\x08\xc9\x12s\xe8\x89)\x98_I`\xc5\xb9$\
\xea\xe0`zB\xc7\xe0.K\x94\x893\x9a\x9c\xacU\
\x00\xe48\xed\x10L!>\x98\xc5\x8e\xc7\x02\x5cws\
\x5c\xac\xb1+\x97\x19v\xdd\x0f\xc4*>Fkj0\
N\x83\x1eBx\x89\x16:\x98()\x0aNxR\x85\
\x83\x1a\x0f\x04<\xd1\x8c\x84\x90]\x22N\x81n\xa2\xe2\
y\xf8I\xdbR\xd1\x11\xb9\xbeo\x07r\xbb,\xe4K\
\x11\xc4#d\xc8\xb4\xd77\x85\xed[|l\xfd\x8a\xe5\
v\x16\xa1O\xc4#\x0f\xef\xf7\xb57\xb3\xfb\xbe\x9c\xfb\
\xe4\xda\xb5\xda\xed\x9b7\x93P\xe8\x9b\x7fm\x18\xf35\
S\xa9\x9b\xaaUN\xbd\xa3\xaf<\x8a\xcd\x9b\xc5\xa5\xfa\
Co\xfe\x1fl\x00U\xf7S\xca\xf8\xdb4K\x19+\
=\xeb6ly\xc2\xf7/\xbf<\xaa\x8e\xf4{\xf8\xc5\
WKA\xd3\xa8\x83\xb9\x9a\xa2x*\xdbe(\xda\xfe\
S\xb5\xb3\xaf,$Sm\xaek\xf1@Q$\xe6'\
\x98\xb1\xb4\xc6\xac\x22\xf5\x19\xc4\x163\xb9ML\xfe\x19\
j\xde\x8a6j(5'r\x0d*\x01\xe9'(S\
\x97\xf3\x09\x11\xcf\xc5\xac\xd2\x14\x9c\xa9\x02\x9e\xfd\x8a\x87\
\xe0\xbd\x1c\xcdu\x0cO\xdd\xcfao\xb7\xa1\xa9:\xf6\
%\x9a\xe4R)\x006S\xf0L\xcb|\xbccz\x00\
G\xbe\x99G\xa0\xa71\x7f\x96\x8a\x97\xb6\x04\x18\xb9\xaf\
\x8c\xf9`\xf8Y\xeb\x02\xb8b\x81V\xb8\x9c\x92i\xc2\
\xf3(\xa41\xd8\xdc\x04\x9e\xcd\xc1\xa7\xa5X\xc4\xd2\xa9\
\xae}\xd5\x0d1Z\xce]\x1b/\xb5\xcc\xc2e\x03\xbb\
Q\xde\xe7\xe3\xc5\x075\x9c\x7f\x89\x89\xe9!\xf0\xdd\xcf\
\xb1\xe0\xe8\xaf]\xcc\x9ep\xf5\xa2\xa6\xee\x9e*\xe5\xdf\
1\xb3sSn\xad\xbc\xf9\xe2\x84\x8b;\xed8\xc7\xc4\
\xcc\x5c\x01\x08c\xfe\x19\xa2\xe3\x1f\xf8\xf8\x03a\x84\xd3\
o\xc8\xff\xbe\xa6\xfdM\x8c\xfb\x9f\xef\xada\xdcX\xa8\
\x06\xb9a\x8e\xba\x9e@\x9d\xa3\x03Y\xc5\xfc\x8cy\xd3\
\x8d\xb7m\xb8\xe7\x1e\x1f\x1f\xf9^\x17\xfaO|\x0a*\
{\x9b\x98\xa3\x0f\x1cJ\x06\x08\xe6#a_\xdac#\
Y.\x84\x09W\xdfau\x9a\xb7j\xf3g\xef\x12\x90\
\x85\xbe\x9c\x06\x09I\xaa\x8b\xcb\x05\xfc\xf5\x89\xcd\x88\xce\
\x8c\xa3\xa7\x81\xc1\x8d*H\xf6\xfb\x98\x0d\xe0\xde\xce\xf3\
\xf0\x93\xae\x15`)\xd2\xf2\x973\xf8J\xb1\x88w\x9d\
\xda\x81u\xfd{0\xc8\x80|\x02H\x16 \xe4o\x1f\
\xe9^\x8d\x1fu\x9e#\x17Z\x86\xdb\xc3Y$\x0a\x90\
8#1q\x0b\x05\xb16\x8f\xcaE1\xc9D\xf5<\
%\xa3$\x5cI\xfaJ\xa9$\x8cD\x12\xef\xdf\xf2k\
\x5cpt\x1b\xfaS\xaa\xef\xb6*\x8a\x9b\x0fXd8\
@-\xa5\xbd&\xdb\xd8\xa7\xc7o\xf9\x5c\xb18q+\
\xa0\xdc\xfe;q\x9d\xbe\xb7\x04`t\xe0\xfe\x18\xa7\xfe\
\x8fj\x00\xf4\x1c\xb7\x02\xec\xb6\xf5\xeb\xd9\x0f\x1f\xf8\xcd\
WL\xd7{\x0f|\xea\xces\x12\x89\x1ctt\xf5\x93\
\x1b\x0a\xee]\xf4\x83\xb7\x02\xda\xa7$\xa7\x1a\xc6\xd5\xef\
\xb9\xd6M\xa6>\x83Xl\x95\x98/\xa0\x11\x5c\xa9\x18\
-\xc9\xb2$OS\xaeH\xed\x9bpFO>Bc\
\xa8B\x85\xe2\xb8\x85e\xa10\x0e\xaa\xa7}\xcc\xa9\xe4\
\xf0\x81\xfe]\x9855\x0c\x87\xfb(F\x13x\xa8e\
165\xcc\x13k\xec\x82\x18\xb1\xf5\xc3\xc6O\xa5\x04\
\xa5T\xc2\xab&N\xe1\xb2\xf1\xe3\x88:\x16\x8a\x91\x18\
\x1ei]\x84\xc7\xd3m\xa2\xbce\xa9\x8c\x98\xb7\xe7\xa4\
\x9c\x9e\xceHE\xd3\xa9)\xa0oP\xa2t\xa1p\x06\
\xe9\x030\x1a\xcb\xaeI\x0b\xa9=\xf9~\x5c^W.\
\x05o\xd9\xb3E]\xd3\xb7\x0fV\xa9\x88\x0axY3\
\xd8\xb6\xb2\xa1}\xfdC%\xe7^\xfa<\xff\xde\xcd\xff\
\xff\xfa\xf1\xc70\x80\xdfz\xdcSg,L\xfa\xfe<\
\xe6\xfb\xfe\xa9\x04^\xfe\x8b\x11L\x86\x1f,,\xeeo\
U\xe4\x14\xf2&\x1fs\xaf5\x95\x95+\xfe\x82G\x8c\
\xbf\xe5f\xb4\x9d\xf6\x0b\x0bC\xa0^0\xcd6\x91\xbb\
w<\xb9\xf0Q,\xb3\x94R*g\xbf\xf3\xd3.\xf7\
4\xb8\xcf\xa52\x96m\x89l\x7fI)\x8b\x84\xe7\xe0\
h$\x89I3.O)\xdd\xfcp_\x11\x84\xbc\xb1\
\x0f^.\x88\xd8\xad\xfb\xbe\x180-0M\xac\xbf\xd1\
i\xb9TK3xm\x9dX\x88\x09R\x08\xcb\xe5\x80\
\xc9I\xb9^\x8f\x84\x90)\x07\xa0\x1c!\x1e\x05'i\
\x1dZ\x93K\xcf\xed\x10sE\xd4\xc2\xc4\xe2\x04\xb2Y\
\xac\x19?\xf5\xe8\xdbz\x9f\xfdRex\xfa\xe4G\x1c\
\xa7'\x94\x93\xafbS\x7f\xd4\xd3\xfd\xbfn\x00\xff\x9e\
\x05\xff\x87u\xaa\x1cB\x95\xdf\xbf\xf1#\xf5Jm\xe2\
\xfd\x81\xa6\xbf\x1ff\xa4A\xac\x92\xf1H\xef\xac\x8a.\
Q\xd2\x1f\xc8\xd0@K\x10H\xab \xdc rz\x00\
%\x5c_W\x95~Q|W(\x7f\xca\xcb*ab\
!<A\x0a\xa1$\x9bR%\x88\xd2C\xe8\xeb8P\
\x1cK\xd6\xe5\xb43!\x99\x80\x96\xa9\x81\x97H\x8a\xc1\
\x109\xe5\xcc\xa0T*P\xec\x8ah,S\xd2G\xe8\
\xa7\xd0N\x22b\xac\x1cg\xa6y5\xba\xe9\x0c:-\
=\xd4\xc0\xac\x92\xc3,\xfb!er\xe2\xab\xde\x83_\
\xdf|\xfae\x01\xb6\x09P\xfe\x90:\xfe\xff\x9c\x07\xa8\
\xc6+\xfa\xfb\x7f#f1\xac\xdf\xa8`SHcZ\
\xff\xe16\x16\xafy\x0ft\xedm\xdc\x88t\x8b\xa7q\
,Z:E\x09\x111;$\x8d\x83T1m[,\
H\xa0\x13)\xeat\xb1F\xf5LkW4\x7fB\x97\
\x5c\xddD&\xe4\xd3\xa8\xe9~v\xd8\x80\x9c\xbd'Y\
|\xa1\xad\x97\x88\x83\xc5\xe2\x08(\x88\x91\xd1\x09\x05\xce\
\x90\x84BFF\xc6\x13\xee\xe1\x95\xd2\xde\xe2O\x02\xea\
\xe5(\x11\xf5Eh\xa3'\xbd\xb6]\xee\xe5\xae\xbbQ\
+\xe7~\xea\xde}\xc7\xfe\xb3o\xfaA\x80\xffo\xbb\
\xfb\xff\x15\x03\xf8\xfd\x1e\x9ca\xfd\xa6\xb3\x0c\xe1\xef\xd2\
J\x22\xf9\xaa@\xd7\xdf\x0a\x05\x97\xc3\x88\xa8\xe2F8\
D\x81\xa6\x01\xfa\xb0\xc1\xab2Fu\xb9XlA\xb2\
\xad$\x8bFs\x8b\xd55\xf4\xe1\x0d\x92N\x82T\xcc\
4\x11\x02\xc8\x08H\xcb\x1f4lJ7\x9a\xdc7\xad\
\xa7\x0d\x17U\x9f^?{\xd6\x08Y\xd5I\x8b\xbcQ\
P\x95O+L\x91\x05\x11KZ\xaeg\xb3\xca\x16w\
\x9cg\x14\xdf\xfbI\xe6\xffW\xde\xd5\xb34\x10\x04\xd1\
\x99\xbd\xddT6Z(\xa4\x89\x16VFR\x88\xfe\x00\
m\xc5N\x10\xb1\xf1G\x08\x16B\x12\xb1\xb0\xf2_\xa4\
\x88)\x83`a}\xe8\x0f\x88\xf8\x01\xa60\x8d\x0ai\
\xd4\x84K.\xbb2\xb3\xbb\xc9%hc!Q\xa7I\
\xe0\x8e\x10v\xe7nv\xf7\xbdy\xafQ;k\x9e\x97\
\xa8\x9f\x04\x98Eu\xedJ\xdf\x18\xc5\x98$\xc0\x17\x89\
@\xa7\x8c\xbb\x07\xb9\x9e\x9a\xd80\x02\xd7\x8d6K\x9c\
\x0c4Al\x91N<ob\x80::\xb2%\xfex\
\xe3C\xb7>p\x0a\x90N\x16\xd9$\xcb\x05\x857\x9c\
N\xaaxy\x90a\xb0\xdb`}\x17\xdax\xd2\xef\x18\
:\xc3f\xb9Y\x09HHb\xd4&\xb0\xf3Jt\xba\
U\xd9z\xabvJG\xa4\x0fi\x83\x88\x9a\xd4\x9c\xf9\
M\xc6\xce?K\x80\x91\xd2p\xbai-\xca}\xec\x1c\
\xe6 \x85k \xd5*j\xbdl\x025\xed-b9\
)l\x7f\x1c\xddiaF\xc7\xf0vg\xbb\x09\x9bR\
\xf7)\xac\xdeA\xbfW\x90\xe9AL\x06u\xca\x13\x9a\
\x0c\xb4\x04+\xa1\xd0\xa2\xd1\xf7\xb1w\xd95\xb5\x0eq\
\x1cb\xd4\xbe\xd0\xef\xad\x10\xca\xc7w\xfd\xff\xc9O\xfb\
\x02B\x85\x9b3~|a\xf7\x17\x12\x00\x86\x06\x93\xea\
\x7f\xb18\x8c{n\xefOJT\xd9X\xaa\x15\x10A\
\x16\x03\xb1h\xc0d\x00\xc5\x14K\x8d\x8c\xfa\x10:\x01\
%\xee\xa9\xeb\xc3\x88\xe8\xbe\xbbk\xfe\x95\xef\x0d2\xed\
\xf6\x94&\xbbi\x00\x1eA\x9b\x1a\xe88\x84\xa8\x1d\xc2\
\xfd\xed\x0d\x5cV\x08\xdf\xb6A\xb8n\xa1`U\xa9\xc6\
\xf4i\xff\x9d\x090\x08\x84|\xde\x9f\x14\x7f>\xc8[\
{i\x90\xa9Y\x11\xa89-\xd4<\x0a\xc8\x18\x10i\
R\xa9\x05\x143 P\xb2\xcc\xad\xa0E\x80u\xaa2\
H\xcd\xba\x0c\x16\x10\x0b\xe5\xc9\x80y\x81\x9e~F\x80\
\x06j]\xd7q\xf7\x01\xa2\xd7:\x94O\xa8M\x7f\xb8\
~\xdb\xd7\xbb\xc5\xa7\x7f\xd1\xa4'\xe3\x03\x22tP\xc3\
u>8\xb6\x00\x00\x00\x00IEND\xaeB`\x82\
\x89PNG\x0d\x0a\x1a\x0a\x00\x00\x00\x0dIHDR\
\x00\x00\x01\x00\x00\x00\x01\x00\x08\x06\x00\x00\x00\x5cr\xa8\
f\x00\x01\x00\x00IDATx\x9c\xec\xbd\x07\x98]\
Wu6\xfc\xee}\xda\xedwzU\x1dUK\xb2%\
\xf7\x8eq\xc5t\x0c\xd8!\xa1\x93\x84P\xd2\x08)\xa4\
\x80-B*$\x04\x02\xa4\x10J\x12\x08\xc4&\x94\x00\
\xb6\xc1\xb8w\xcb\xb2%Y\xbdO\x91\xa6\xcf\xdc\xb9\xf5\
\xf4\xfd?k\xedsF\xc3\x97\xff\xcb\x97\x1e'\xf8\xf8\
\x19K\x9a\xb9s\xcb9g\xb5w\xbd\xeb]\x02/\x1c\
\xcf\xb7C\xe0\xd6[\xc5\xcd\x9b7\x0b\xdc|36\x01\
\xea\xc3\x86\x8cU\xac\xfeo\x8f/f_~s)s\
\xd1\xa5\xabV\xae_\xad\x1c\x15\xe7e\xa1mk\xb6\xa7\
\xcb\xce\x1a\x22\xb2\xea\x8d\xe5F\x84\x0dNw\x8723\
\x16<\x09H! \x008\xfcb\x0a6\x04Z\x0a\xa8\
G\x80P\x91j5}\x99\xa9,\xd4\xcc\xac\xb3\xab\xee\
\x98^cr\xc6l\x8eO\x1f\x9f(\xd9\xc3\xad\x133\
\xa2\xfe\xc8\xbd'Z\xff\xf8\xfd:0\xd7\x00\x10\xfd\x93\
\x0f \x04>\x14\xc7r?=\xfd\x1dw\xe0\x8e}\xfb\
\x14\xb6o\xa7\x0f\xf0\x7f\xfd\x10/\x1c\xff=\x07\xdd\x07\
/\x1c\xcf\x07\x83\xbf\xed6A\xc6\xbe]\xca\x18\xea\x9f\
\xd8\x89\x89\x9b\xdf\xd2{\xf1U\xd7-\xb3W\xf6\xafm\
\x95\x8a\xfd\xbd\x85\xc2\x06\xd36{\xbcLfu\xc6\xb6\
\xf2y\x88\xfe\xacC\xa6\xac\x8cl6k\x9b\xa6\x01!\
\x80\xac\x100\x85\x01\x031\x0c%\xa0\x12\xe3O\xbf\xe8\
\xa0\x97\x8b\x85B\x0c\x89\x101b\x01\x98\x0a\x08\xe3X\
\xff<V\x98o6US\xc0\xf5\xbd\x082\x0eN\xfb\
n\xe0\x06-\xef\x94\xe75G\xe7k\x8dC\xad\xb9\xca\
xul\xe2\xd8\xd8\xce]\x13\xde\x97>5\x0a \xfc\
\xbf9\x85;n\xbb\xed\x05\x87\xf0<9^p\x00\xff\
\x1d\x87R\xe2\xe6;\xee\x90\x9bn\xbeY}X\xcaX\
\xfd\xb0\xc1\xdb+>p\xeb\xb2\xaeu\xeb6u\x0e\x0c\
\x9e\x9d\xeb\xe8XW\xcag7\xc4\xd9\xcc\xaal\xc6\xe9\
)\x16\x0b\xa6\xb4l\xd8\x86\x01[\xc4@\x14C\xc61\
\xec0\x80\x01 V\x0a\x22\x8e\x94\xa4WQ\x10\x06\x1b\
\x99\x80\x91X\xbc\x82\x80H^O&\x16H_d\xea\
\xf4\x10\xc5w\x84J~\x8b\xfeSBH\xa9B!$\
\x84$KFhZ\x88\xa4Dd\x18l\xe5n\x18\xa3\
\xe5\xf9\xa84\x1aA\xbd\xd5\xaaJ\xdf\xdfWi6\x0f\
x\xb3s\xc7*\xa7\xa6\xf6N<\xb5\xf3\xc8\xf4g~\
\x7f\x8c\x1e\xfaO\x1c\xc2\x1dw\x88\x172\x84\xff\xbe\xe3\
\x05\x07\xf0_u\xdcz\xab\xa4(\x7f;\x05[!\x96\
\xde\xe8\xce\xba\x8f\xfc\xe1Y\x83go=\xdf\xe9\xee\xbc\
,\xdbV\xda\x5c\xcc\xe7V\xe7m2\xf6\x22\xa4i\x22\
O\x96\x1c\x05\x08\xc2\x00v\x1c\xc7\xb6R\x88\x04\x19\xb8\
\x80\x84\x12&Gu!\xa4P\x9c\xde\x93y\xa5\x06M\
\x86\x96\xda\x15\x19<\xfd\x9c\xec\x7f1\xfa\xa7\x86\xbf\xf8\
/\x9d\xd3\xebgT\xec0\xd2\x1f)\xa5\x14\xfd,\x06\
T\xc4\x8eF\x91{\xd0O!\x05\x5c\x1820\x0d\xc4\
\x96\x85\x96\x14\xf0\x83\x10\xb5Z\x1dn\xa39\xeb5\x9b\
\xc7\x1b\xd5\xda\xd3\xd1\xf8\xe4\x13\xc3\xcf\xee|\xf6\xf8G\
>t\x14@+=\x09BJ\xbc>\x8a\x8c\x17\xb2\x83\
\xff\xda\xe3\x05\x07\xf0\x9f\x1d\xe9\x01\xf9\x7f\x1a}\xfe\xa6\
\x9bz6\xbc\xfe-\xe7\x0e\xaeZ\xfe\x12\xbb\xab\xe3\xd2\
\x8c\xe3li+\x97\x0a\xd9\x8c\x03+\x8d\xe6a\x00\xa9\
T\xcc!X\x09aHN\xdd\x05\x1d\xa91k#=\
\x93\xce\xeb\x9f\x90\x91\xeb\xb4\xfe\x8ca\xeb\xbf\x9d\xb9\xd8\
\xba\x0cH\xcd\x9f~/^\xea\x14D\xf2\xfc\xfcc\xfd\
\xbb\xf1\x92L\x81\xb2\x0cz6J1\xa2%\x1e$T\
\xf4\x86\x15\xfd\xae\x8a\xc87\xd0SH)#\xd3Dd\
;\x88\x84\x81F\xb3\x89\xa9J\xa5\xd6\xaa7\x0e\xa2R\
yhv\xf8\xd4\xe3{o\xff\xd6S\xf3\xdf\xfa\xe2\xe8\
\xff\xe9\x0c\xb8$\xd2\xe7\xed\x05g\xf0\x9ft\xbc\xe0\x00\
\xfe\xe3\x0fq+\x85f\x00\xdbu \xe6\xa3\xf7g\x7f\
su\xf7\x0d\xd7\xbc\xb8c\xa0\xf7\x86B9\x7fq\xd9\
\xce\xae\xea\xech\x13e\x09\x18\xbeG\xd1=6\x85P\
\x86\xe2\xa0MQ]H\xb2dJ\xdf\xf5\xd3\xb2-j\
\xc3\xd7\xc6\x99\x1a*\x96X\xc8bm\x9fx\x83\xf4\xdf\
F\xe2)\x08\xf4\xa3\xbf\xd3\xf7${\x17\xfd(\xce\x18\
\x08\x0bH~\x89\x8c\x9bm\x9b<\x09\x197g\x06\x8a\
\x1d\x0b[$=\x96\x1e\xa3\xbd\x12\x7fs\xb1\x8cX\x92\
Q\xf0\xd3P\xb6\xa0\x7fEE\x1024M\x11\xda6\
|!P\xadT1W\xad\x9e\x9e]\xa8\xeelL\xcf\
|on\xc7S\x0f\x1d\xfa\xd0\x07\xf6/\x82\x8bB\xe0\
\xe68N3\x83\xc5\xf3\xf9\xaf=\xc8\xbf\xdd\xa6\xbf\xe8\
-\xbf\xe0P\x92\xe3\x05\x07\xf0\x1fu\xdcz\xab\xc4m\
\xb7\x09H\x19\xa5 \xde\xe0O\xfd\xdc\xb2\xf6\x97\xdcp\
C\xfb\x8a\x957\x96;\xcaW\x14K\xa5\xfe\x82\xe3\xc0\
\x89C\x98~\x00\x0bqd\xeb\xdc]@Ha\xb2A\
SZ\xaf\x0d\x96\x8c\x95\x8d\x94\x0dN\xa7\xf7\xe4\x13,\
\xb6j\xc9\x8f1\x19\xd5\x97\xdaI\x08\xc5FlPj\
\xae\x14<\x05\xf8\x91B\x14\xc5\x08\xa1\x08.@D\xa1\
>\x8eaD\x89#HS\x08zb\x83\x00C\x01\x9b\
\x9fK@\x18\x02J\xd2kH\xdd1\x10@(%\x1b\
:E~\x1f\x0aa\xac\x10\xd3\xebQf\x10S\xfc\xd7\
\x87\xf6?\xe2\x9f`\x0d\xf4\xbebF=\xd8+(7\
\x86\x0c3\x8eh\x9a6\x16\x5c\x1f\xf3\x95J\xd5\xafU\
\x9fj\x9e\x1e\x7fpn\xf7s\xf7\xef\xfe\xd5\x9f\xdf\x99\
b\x07\x9c\x19|\xf5\xab\xc6\x1d7\xdf\x1cs}\xf2/\
<\x94\xfet\xf1Rg\xf0\x82\x13\xd0\xc7\x0b\x0e\xe0\xdf\
{(\xc2\xdb\x16\xcbn:\xecM_\xb8\xfd\x9a\xce\x0d\
ko\xce\x97\xcb\xd7\xd9\xe5\xf2\x8a|6\x83\x5c\x14\xc0\
\x09|\x95\x95\x82@vaJ!,\xa9+v,1\
\xfc4b\xd3O(\xed7\x84\x84)\x05lF\xf3\x15\
\x1bw\x1cFp\x83\x08A\x18\xc1\xf7c\xcc\xfb\x11Z\
^\x88\xaa\xef\xa3\x11*T\xfd\x18^\x1c\xa1\x1e\x0b\xcc\
\xc5\x0a\x92\x9c\x00\x85\xdf\x18p9uPh\xc6\x0aa\
b\x06&\x01\x11d!\x22m\x0d\x02\xb6\x940\x0d\x81\
\xac!\x903$r\x10pL\x09\xc71\xd1eI\x14\
,\x03\xc5\xac\x85\x9ce\x22\xeb\x18\xb0,\x13\x86!!\
\xa5\xb6\xb4@\x01\x019\x84\xc49h\x07\xc5\x98%\x18\
?\xe0\xfa\x80\xcb\x06x\x84f\x08\x11\x07J\x89\xc0\xb4\
\xa4K\xd9A\x14cvf\xce\xafT\xe6\x9f\xf1g\xa7\
\xbf1w\xef\xa3w\xee\xf9\xbd\xdf\xdc\x9b\x9e\xf6[\x95\
\x92\xdbo\xbb\x0d\xff\xaf\xac \xcdH^\xb3\x11\x9d7\
\xd7\xd0\xf1\xc6N\x9c\xc6\x1e4^p\x02\xfax\xc1\x01\
\xfc\xdb\x0e\x81\xdbo\x97x\xc3\x1b\x22\x8a\xa6t\xac\xfc\
\x99_X\xe5\xbd\xfc\x15/\xeb\xea\x1d\xf8\xf1\xfer\xe1\
\xd2\xf6\xf66\xc3\x08|X\x91\xafr\x86\x11\x1b\x10\xd2\
\x96\x92\x82*\xdfyd\xd4\xa6\xc6\xce\x16\x0d\x9eR~\
KJ\xe4$\xb9\x03\xc0\x0f\x22(/@\xa5\x19`\xaa\
\xe9c\xb6\xeea\xb6\xe9\xa3\xe6\x85\xa8\xc71\xa6\xc2\x18\
\x84\xf7\xb7\x94\x80\xcf\x01\x5c\xa0 %<Crdw\
\x84@\x9d_K\x12\x9e\xc0\xe9<\xa5\xf2!\x19a\xf2\
\xba\xdc9 t_\x91sa\xc8\x81[\x85tP&\
@Q^\xc6`gA\x86\xab\x13y\x85\x82R\x9c\x89\
\xe4\xa0\xd0I\xce\xc01Pv,tg-\xb4\xe7\x1d\
t\xe7,d3\x16r\x19\x8b\x9d\x08\xbdn\xa0\x14\xdc\
8F\x18\xc5\x8c9\xd0A\x7f\x04\x841$%\x04\xe1\
\x08^\xd2\x17\x89\x0dC\x06v\x06\xf5(\xc2\xfc\xccl\
\xa56?\x7f_\xeb\xc0\xc1\xaf\x8f\xfd\xd6/\xdf92\
22\xcf\xbf\xaf\x94\xb8\xe5\x8e;\xe4\x1d\xb7\xdc\x92\xc2\
\x14\x8b\x876r\xa1\xee\x19*\xfe\xc4\xbaZ\xed\xb7\xea\
\x0d\xb3/\xee\x8c\x8f|\xd7v\xde\xf3\xeb\xc7\x9a;o\
\x05\xe4\xf6%\x99\xc1\x8f\xe2\xf1\x82\x03\xf8\xb7\x18\xfe-\
\xb7,\x92_6\x7f\xf2\xb3\x97c\xe3\xa6\xd7\x85m\x1d\
7\xab\x8e\xb6e\x1d\xa6\x89\x92\xef\xa2\xd3\x10\x91cJ\
\x91\x91B:d\x80\xd4EK2m\xfa\x93\xa3\xba!\
\x91!\x837\x04\xa7\xd1\xadV\x80\x85j\x0bS\xd5\x16\
N\xd5}\x8c5|\xb4\x82\x08\xe3\x11\xe0R\xa2A\x86\
JO \x97\xfe\x99\xde\xe9\xba\xc7\xcfu~\x02\xcc\xd1\
\x9fr\x11\xd5' \x8f\xc2\xbc\xbe\xdf\x19\x05H\x01<\
:8R3\x80\xc7i?Y w\x0c\xd2\xfc\x9d\x7f\
\x96Fx\xc1e\x85MN'\xa2r\x22\x84\x11\x84\x8c\
\x11\x90\x91S)\x93Q\x0a9\xcb@w\xd6\xc4`1\
\x8bU\xa5,\xfa\xcb\x19t\x14s\x90\x8e\x81\x80\x8c=\
\x8a9\xd2S\x16@\xce\x85\xde?\xbd\x14\xfd\x9b\xf0\x05\
\xa6 \xc4\xb1\x0a!\xe0Z\x96tM\x07\x0b\xb5\x1a\xe6\
f\xe7\x9e\x9b9u\xea\x9bS\x8f<\xfe\x0f\xa7>\xf2\
\xeb\xbb\x7f\x08+\xe0\xb7\xc7\xc8\x05\xbf\xd5\xbf\x1d\xe8\xde\
v\xb1[\xb9\xbfZ\x0f\xda\xea\xbe\x85e\xd9\x18\xd5\xb2\
q\xef\xaf\xe4\xf2\xaf\xbb\xe7\xf8|U\x9f\x8b\x1f\xddL\
\xe0\x05\x07\xf0\xaf\xe8\xdb\x7f\xed\x96[\x18\xf4\xbe\x1e\xc8\
\xef\xfd\xab/__X\xb3\xf6\x0d\x99B\xf9UQ\xa9\
-k\xc4\x01\x9c8\x88\xcbB\xa0d\x9b\xa2h\x18\x22\
oJX\x94\xc6\x13\xc8F\xa9\xb6\x042\x86\x01\xc72\
`Q\xc4wCLW\x1a\x18\x9d\xad\xe2\xc8|\x13\xd3\
\xcd\x10\x8dPh\xe3\xb0\x0c\x18\x14\xcd\x85D@\xe9\xbf\
\x12\xd4J\xd0u9\x1bG\x92JP\xf0N2\x88\x98\
:\x05Ib\x9b\xd6\xdb\x1c\x03\x13L i \xb0\xa1\
k(,\xe9\x11$y2\x1b<\xff]\x1b#e\x0d\
\xfc2\xf4\xbc\x9c\xd2\x03\x22\x8a`\xab\x10\x1d\x881\x94\
1\xd0\x9d1\xd1m\x1b(\x9a&2\x96@@>&\
\x8c\xe1E\x11<?B\xd5\x0f0\xef\x87\xa8\xd7}4\
U\x04\xc32\xd1\x99\xcf\xa0\xa7\xab\x84\xa1\xae2\xba\x0b\
\x0el\xdbd'EYM\x10\xc5\x8cS\xa4\xe0$\xbd\
1\xc2/\xc2X)_!n\xc6J\xfa\x99\xac\xa8\xc7\
\x0a\xcd\xa9\x99jkn\xf6\xce\xd3\x87\x8e\xfe\xf5\xfe\xb7\
\xdf\xf2\x10\x80&\xfd\xd6\xcdJ\x19\xb7\xdfv\x9b\x12\xdb\
?\x1c?\xdb-\xffL.\xa8w-\xc0\x08\xe3\xf3\x87\
\xa4{zN\xad\x98o\x19\xc7\xbb\xb3\xbf\xf2\x8ac\xd3\
\x1f\xfb?\xf1\x81\x1f\xb5\xe3\x05\x07\xf0\xcf\x1fB\xddz\
\xab\x90\xdb\xb7'\x19kg\xb1\xfb\xf6/\xdfT\x18\x1c\
|W5\x9b\xbfT9\x0e\x0c\xb7\x85\x16T\xd4\x83X\
\xf6\xdb\xa6\xa0t\x98\xea\xe1\xac!Q\x92\x82#\xbcc\
\x18\xc8X\x06d\xac\xd0h\xb8\x98\x9c\xad\xe3\xd8L\x13\
\xa7\xe7\x9b\x18\x0bc\xb8le\x06`H\xc04\x13\xe4\
]\xb7\xed\xc8\xe89\xf2k+\xe7/2\xc8\xc5\xf6^\
z\x05%a\x08\xc4\x0a\xd0\xb6\xcd\xa9<\x93~R\x83\
\xa7\x07i\x90\x90\x8d\x8b\x93\xe3\xd4\x07$-\xc2\xc5\xaa\
x\xb1\x15\xc1e\x81\x15\x84\xe8\x85\xc2\xba\xac\x81s\xda\
\x1cl\xec\xccb\xa0\x98g\x0c@Y&\xa4A\x0cB\
\x9d\x19\xe8\x8a\x1f\x89\xd3\xd3Y\x85\x8ab(?\xc2\xbc\
\xeb\xe2T\xb5\x89\xd33U\x1c\x9a\xaa\xe1X3\x84p\
,\xac\xea,c}w\x11\xdd\xedy\x14r\x16\x22C\
\xa2\x19)\xc6\x10(3J\xebx\x062\xa9d\x88\xa2\
\xb8E?7,\x19X\x0ef\xe6f\xd5Le\xe1\xb1\
\xe6\xc9\x13\x7f\xd3\xf8\xd3O\xddy\xf4\xc1\xbb\x89t\x84\
?87;p\xed\x09\xff\xd1\xa8\xa2VV\xb7\xf4\xaa\
\xd5\xff\xf8\x119y\xcfsq\xf4k\x9f\x94\xc5\x0e\xfb\
\xf0\xa7e\xee\xda\xcf\x1d\x9d\x1b#\xbf\xf6\xa3\x9a\x05\xbc\
\xe0\x00\xfe\xff\x0fq\xf3\xed\xb7/F|\xfc\xed\x9d\xcb\
6\xac\xe8\x7fyG!\xfb\xf6\xb2i^\xdc\xe95\xd1\
\xaaVT\x8dR\xcd|I\xcc\x97\xda\x84\xebdP\xa6\
H\x18\xc7\xe8\x8aBt\x1a\x0ay\xdb\x86e\x18\x88\xea\
.\xc6'\xe6qp\xa2\x82\x91\xaa\x87Z$P5M\
(\xd3d\xa2\xcf\x0f\x19c\xda\xc3O\x834\xbd>a\
\x02I\x8a\xbf4\xd5O\x88\x01\xc9;\xd6\x19\x01\xb7\x06\
\x13\xb2\x8fn\xc3icN\xfe\xc9Q\x9dSmJ\x90\
\xc9d\xe9\xee_t\x17\xdaqP'\xc0\xa3\x7f\xf9.\
.\xc9\x00\xd7\xf6\x97\xb0\xa5\xaf\x0d\x83\xa5\x0c2\x96\xc9\
\x19\x89\x17\xc5\x9c\x11\x90\x91kC\xd7\x8e&L|M\
Z\x90\xa7\xd9\x09w8\x84\xe4\xcc\x872\xa1(\x081\
\xb3\xd0\xc0\xbe\x89\x05<9^\xc1\xd1\x85\x16\x94a`\
yG\x11\xeb:rX\xd1UDW1\x0be\x19\x0c\
X\xb6\xc2\x88\xcb\x14\xfa,\x1e\x14<\xca\x16\xa8<\x88\
\x95\x8a\x94\x94\x15'\x83\x96\xe7\xa129u\xc2=y\
\xfcov~\xfd[\x7f\xf1\x83\xfb\xfe\xfeem\xf5\xfa\
g\xeb~\x04\xeb\x17\xaf\x11\x97\xfd\xfe\x9bq\xfa\xd0\x02\
v\xbc\xeew\xd4\xc6\xd3sb\xa4/\xff\x9b7\x1c\xa8\
\xfd\xae\xe2\xa2\xe7G3\x0bx\xc1\x01\xfc\xff\xa1\xfa)\
\x1f\xff\x8d\x9f(\xdd6\x10\xff\xcc*1\xf7\xeeRu\
zuy\xe4\x04\xd4\x89Qe\xccU\x14d \xe3\xbc\
\x8d\xb8\xdc\x85\xb8w\x19\xe6\x87V\xe3\xc4\xc6M8\xb1\
\xf1l\xa85k\x11\xda&\xc6'\xaa\x18\x1f\x9b\xc5\xec\
L\x15S\x81\x80\xef8\x80eB\x10H\x97X\x876\
\xc6\xc4\xa0\xd3Z\x9e\x009\x06\xc5\xb4GPR\xf3\xfa\
9-g\xb4>M\xff\xf5/%\xec\xbf$mN\x9e\
#-\xf0\x17\xcb\x85\x94\xe6\xbb\xe4\x92\xb3u\xea\x94?\
%\xfd\x10`\x97\xf1\x03l4B\xbc~E\x09\xe7\xaf\
\xe8\x81\x91w\xd0\xa2\xaeA\x94\xb4\x10\x97\xcc\x13\xb0\xd3\
a\x83\xd7d!r\x00\xba\x86\xd7\xdf\xd3\x1fS?\x9e\
\xea|\xca\x14\xf8\xf1\xd4q\x90\x12YrDa\x88\x99\
J\x03;ON\xe2\xc1\xf1\x1aNy\x11J\x8e\x8d\x15\
\xc5\x0c\xd6u\xe4\xb1\xae\xb7\x84L9\x87\xd8\x10h\x04\
\x11\x1aQ\xc8]\x0df%\xd2s\xc6J\xb5\xe2X\x11\
\xbcQ5\x1d9I]\x8d\xd9\xd9#\xb7\xfd\xd2OY\
\x99\x87\x9fZ\xd5X\xd1\xaeV\xfc\xf5\x9b\xc4\xda\x8b\xba\
\xd1j\x16\xf0\xf0o}+.\x7f\xe9^\x99\xc9\x88c\
\x9f/g\xaf\xf9\xc4\xfe\xf9Q\xe2\x08\xfc(\x02\x82\xd4\
\x01z\xe1\xa0\xe3V%q\x1b\xe7\xbet\x13Xk\xbe\
~\xd7\xcb\xde\xb7\xf3\xa9\x0f\x5c\xf2\x83\xef]R=y\
\x00\xad\xc9\xf9\x98\x9a\xd1\x04\xbbq\xd0LYq8\x05\
\x85\xddh\xb7\x80\xf6\xbc\x81\xf3\xdb\x07\x11n\xda\x88\x89\
\xde\xf5x\xe0\xacKq\xbc\x7f\x08\x13\xc5n\x84\x91\x0f\
\xea\x0a\x90\xb1\x11\x80\x96\xf2\xf2R\xea=Y'\x99\x12\
\x19\x22\x95\x00l:\x04\x1c&\xc6\x9c>\x9e\x81\xbc\xf4\
 n@Z\xeb'\xd8\x00Gx\x8e\xee\x9a\x17\xc0(\
\x7fR\xf3k'\x92\xf8\x1a\xce8(\x84k#6\xc8\
\x80\xa5\x84\xed\xb9xS\xb7\x8dWoZ\x01\xb3\x90E\
-\x88!\xbc\x88g\x09\xd8\xf05#\xf1\x87\x08\xc4q\
b\x8c\xa9?!\xecB\xbf\xaevV\xc9\xa7I\xd9\x82\
)\x8b\x08\xcd \xd2\xb8\x80\x00J\x1d\x05\xbc\xa2\xab\x80\
k\x17\x5c\xec\x1d\x9b\xc1}#\xb3xf\xa6\x86\x1d\x0b\
-\xac\x1c\x99\xc3\xf2\xbc\x85u\xbde\xac\xee/\xa3\x90\
w\xd0\xa4\xe9E?D\x18G\xe4\x00\x85cHA\x83\
Lf\xab\x11\xc3qp~\xb5\xb2\xce\x1c\x9bBM\x05\
0.\x1a\x14}\x9b\xfb\x81\xc6\x0c\xb29\x81\xb6+\xd7\
\xcb\xc9\xaf<\xa6\xd6x\xb55\xafk\xe2\xad\x02\xe2\xb7\
)/\xda\x8e\x1f\xbd\xe3\x85\x0c@\x13x\x16\xfb\xf8k\
>\xf1\xd9\x1b\xeb\xdb.\xfc\xa5\xd7NN\x5c\xf7\x96\xdf\
\xfe\x05q\xfa\xc0\xa1XF\x80\x955\xa5\x9f5\x11\x16\
\x0b\x08\x8d\x08B\xb8\x90M\x22\xddH\xc4\xb5\x10FH\
\xfc|\x1f\xd4\xf0\xb3\xfd\x089\x00\x99\xeen\xb8k\xcf\
\xc2\xb1\xcd\x97\xe3\xaes\xaf\xc0\xa3\xbd\xcb\x10\x04\x01\x5c\
\xdf\x87\x97\xd4\xf6\x9c\x01\xa4\x14\xbf\x84\x8e\xcb\xb5\x7fj\
b\x09\xda\xbfX\x02p\xd4?C\xe2\xd7\xe5\xc0\x99\x0c\
\x82\x8f\xf4\xdf\xe46\x92\x98\x96\x96\x12|\x18\xba\xe4`\
g\x91\xfcRV\x00\xbd\x9e\x87\xf7\xack\xc3%\xeb\x07\
0\xc7\xd6\x1bs9\x90\x92\x92\xf8\xa9\x97N\x0e$\x86\
O\xedK\xe6\x00(\x05?\x88\xd1$nBD\x5c\x85\
\x18*\xa4\xca=\xc1\x07L\x89\xbc%a\x9b\x06\xa4I\
mOj\x8e\xean\x00}Q\x86@m\xd0\x0e\xd3\x00\
Z.\x9e<6\x85\xbb\x8eM\xe2D(\xe1\xda\x16S\
\xa4\xfbl\x13C\x1dY\x9c\xd5\xdf\x8e\x81\x9e2\x5cS\
\xa2\xe2\x05\x88\xc3\x90\xdf\x90\x1f\x86\xf039\xbc\xe2c\
\xbf\x1bw\xff\xd1\xc7E\xad\xb3 \x8a\xbfw#.~\
\xc3z(\xbf\x0eY\xea\xc0\xc8\x09\x1f\xcf\xbe\xedo\xe3\
\xdeg\x87E\xa6,F\xef\xec+\xbf\xf4\xb7v\xcd\xed\
\xff\xd0\x8f`[\xf0G\xd9\x01P\xc8\xa4\xb0\xc8\x17|\
\xe5\xef\x7f\xe2\x12c\xeb\x05\xefm\x16\xf2\xaf\x97}\xcb\
3\x1f\xfa\xf4G1\xf0'\xbf\x1f+i\xcb|\x1c`\
nC\x09\x1d\xbfv\x19\x96\x9f\x97Adx:\xfaF\
\x12a-\xc2\xfcX\x80\xf0t\x84\x85#\x1e\xa2\x93S\
P\x07O\xc1\x1a\x0f\x88\x86\xc7)VF\x18\xc8\x0d\x0c\
`\xe4\xca\x1bq\xf7\x95\xaf\xc4w\xfbWc\xaa\xde\x80\
\x11F \x9e\xbcN\xe55\xda\xcem;\xc6\x04\x12\xc0\
\xce\x90\xfc\x95R{\xc9\x18\xd3\x1a;\xf9\x14I\xd9\x90\
X$7\xf7u\xcbQ\x13\xfc\xd3\xfa?\xe9\x08\xa4\xce\
\x86Y9T>(H)\xd1\xed{\xf8\xb5\xf5%\x9c\
\xbba\x19&\xfd\x88K\x903\xb5\xbb\xc6$\x16\xfd\x8c\
\x0e\xe0L\x0c\x22.\xc0T\xd5\xc3\xa1\x99\x06\x0e\xcf\xbb\
\x18\xae\xfb\x98q\x03T\xa9fg\x80S\xc1\xa2\xdf\x09\
\x15\x0c\x22\x15\x11\xd7\xc12Q\xb6$\xba-\xa0\xb7\xe8\
`eg\x1e\xdd\xedY\xe4\xb2\x0e;4j\x0d\xd2\xbb\
.\x99\x12~\xa5\x81\xfb\x0f\x8c\xe1\x9e\x91\x05T2\x19\
x&\x10{!:\x83\x08\xeb\x8a\x16\xceY\xd1\x8e\x9e\
\x81ND9\x07u/@#\x8a\xd03?\x87\x97\xbc\
\xe1\xf5\xc0\xbe}\x98=o\x00\xeb\xff\xf2\x95X\xb7\xae\
\x888\xf0 3\xed\xf0\x8c\x0e<\xf4\x81\xef\xc2\xf8\xe4\
=qoF\xca\xd9n\xe7\x0bW\x0d7\x7f2\x1d\x95\
\xfeQ\x9a=0\x7fd\xd3\xfd\xed\x82\xfb\xc5k\x7f\xee\
7\xd7\xcc]s\xc3{&\xba:\xdfa\xe4\x0bma\
\xb3\x8e\xbej%\xb6'N\x09\xcf2d\x09\xc4\xaaS\
\x90\x9b\x02\x5c\xf9\xaa9\xd8\x19\xees\x01v\x1b s\
\x80\xe1\x00\xb2@#>\x88\xe3\x0cj\xf3>\xa6\xc7\x1a\
\x18{l\x16Sw\x9f\x00\x9e\x9a@4\xd7Duj\
\x01\x99\xaf\x7f\x09o\x7f\xe0\xbbx\xd1K\xdf\x84/\x5c\
\xfd*\xecp\x1c\xc4\xbe\x87H\xd8\xba^\xd6\xd3uK\
\x22\xf6\x12\xe3M&|(k\xe7Z\x9e\x9c\x85\xa6\xd5\
\xa6#=gJ\xfe%\x94\x5cvTK\xda\x82\x1a4\
L\xe8\xc5D\x12\x8a\x15\x0a\x9e\x8b\x1f\xeb\xb7q\xce\xba\
\x01\x0c\xb7BXI\xaf_\xaa\x98\x1d\x0d\x13\x96\x12\xa6\
\x22s\xfe\x15P\xb6\x0c\x9c\x9a\xae\xe3{\xc7f\xf1\xd0\
|\x0bc!\x10\x1a\x12Q22L}\x00\xadI\xa0\
=G`\xc4\x104!\xc4T\xc0P\xcf\x01R\x861\
\xd5B\xf9X\x05\xe5\x8c\xc4P\xc9\xc6\xea\x8e\x1c\xd6w\
\x170P\xcc\xa2)\x0d\x84\xe5\x02\xae\xbdd\x036\x0d\
\xcc\xe0\xae\xfd\xa7\xf0L3\x82\xe7\xd8\x987c<\xd6\
\x0c\xf0\xf4\xb3\xa7\xb1j\xffil[\xde\x86\xd5+\xba\
a\xf4wc\xfdw\xbe\x09\xfb\xc4!x6 6\x97\
1\xb0\xc1\x02\x14q\x1c#\xc4A\x03N\xbe\x88\xf2%\
C\xa8~\xde\x10\xf3-\xa5\xda\x17\xa2\xd7\xfd\xf9\xda\xd2\
g%\xf0xz\xa6\xf1#r\xfch9\x00=\xa4\xc3\
Q\xff\x12 ;\xf67\xdf}\x8770\xf0~\xd9\xd6\
\xb6\xdaw]\x88z-\x8a\x85\xa2\x8c_F\x8e\x0d\xc4\
\x92\xebd\xba#\xaa\xc3\x01\xc6v\x8ca\xc5\xd6\x22\x9a\
\xd35H{\x0cBZ\x10\xb2\x00a\xe5`XyH\
\xa7\x80r\xbe\x0b\xe5\xad%\xac\xddZB\xf5M\xabp\
l\xc7\x14\x86\xbf|\x08\xf2{\xc3(\x9cj`v\xe2\
4\xfa\xbe\xfcG\xb8\xf5\xf0N|\xf1\xc7~\x11\x7f\xdb\
\xb3\x0cV\xa3\x01A]\x012\xf84\xc4\xa6\xe8~\x9a\
\xeb\x93\xe1\x9c\xe9\xd2\xf1c\xe2H\xb3\xfb\xf8X\xda\x0d\
\xf8\xa1\xd1>\x0d\xc8\xa5]\x82\x98\xec\x93\x10\xb4\xa4\xac\
 \x8e\xc0*\x04\xb8n\xdd\x0aL\x85\xd45\x88\xe1\xeb\
1\xe3\x84)\xa8\x07\x85(\xd23\x8f\x9f\x18\x82\x86\x81\
\xef?w\x0a_><\x871\xcbF\x9c\xb1\x11R\x98\
\xa7\xb7\xc8\xf3\x80\x946\xe8\x8e\x00\x7f\xa0\xe4\xfd\x90o\
\x804\x16\xc9H0-\xfe\xf1<\x14f\xe3\x18\xc7g\
|\xe4\xa7\x1aXyh\x0a\x83\x05\x1b\x1b{K\xd8\xd0\
W\x82\xd9\x9e\xc7\x8a5\xfdxko\x1bV\xed\x19\xc6\
\xbd#s8j90\x0c\x13\x9e\xa5p\x22\x880\xb7\
\x7f\x02\xe5#\x93\xb8|\xa0\x80\xa1\xaf}\x1d\xaa\x09\xb8\
\x8e\x89\xb6+{\x90\xcf\x15\x11WC\x08a@\xc5\x01\
\x10T\xd0s\xfe\x0aL\x0dv\x0b\xeb\xd0L\x0c7,\
\x9d_\x13\xefV\x0aO\xdcq\xc7\xed\x02\xb7\xdc\xb2\xb4\
\xa0\xfa_}\xfc\xe88\x80\xdbo\xa7p\xc4X\xd5\x9a\
O\xff\xcde{Wo\xb8\x0d\xe5\xf2\xf5d?A\xad\
\x1a%\xd35\x86\x11\x03\x0bB`t\xd9j\xb4K\x0b\
^\xe8!O\xf7\xef\xd1,\xf6>\xde\xc0\xd0e\xdd\xc8\
\xf89\xc4\xc1\x02\xcd\xb5\x01\xca\x85\x0aj\x88< j\
\xd8\x08\x17,\x08\xab\x04\x99\xedE\xa9\xd8\x8fs\xafY\
\x8dM\x97\xf7a\xefC.\xc6>\xf6\x18\xca\x8f\x1f\x87\
g8\xa8<z/~zz\x0a\xb9\x9f\xfa \xbe\xb0\
l\x08\xc2\xf3\xd9()\xc23X\xc7\xe9\xff\xd2\xa9>\
2N\x9d\x8b3H\x18$\x7fR\x15\xb3d*\x8f\xd3\
\xf5X\xc1A\x8c\x80\x18{\x90L\x10:3\x91\x93f\
\x19\x94\x00\x09\x84a\x88\x0b\xbb\xf30\x8b9\xb4\x02\x82\
\xd1\x12\xcao\x02\xe8\xd1\x0d\xb2\xc8\x11$\x0a\xb0e\xe2\
\xc1#S\xf8\xd4\xe1Yx\x85<\xc7K2g*\x19\
R[\xd7o8y\xdf\xa4)\x90\xf4\x04\x19\xc0L\xf8\
\x0d\xfc\xb08fJ2e2\xe4p\xc87\x04\x86\x85\
S\xb1\xc2\x91z\x84\xfb\xe7\xa7\xd1qx\x1a\x9b\xdb3\
\xb8h\xb0\x8c\x8d\xcb:\xf1\x92K\xd6c\xfd\xe0\x0c\xbe\
\xb2s\x18O7}\xee\xa8Pi\xe1\xe7\x0b\x98\xb4\x1c\
\xac\xbe\xfb\x07\xc8=\xf08\xaam\x9dh\xae\x06_/\
\xc4E@U\xd8\xf9\xd0\xb9\x81\x1b\xa0w\xb9\x83\x03\x97\
\xad\x03\x0e\xcd\x8a\xf9@\xa9\xf6H\xdc\xf4\xc7+\x07\xbf\
x\xcb\xc8-\xf7\xf1h\xc2m\xb7\xc9\x7f\xcf\xf4\xe1\xff\
\x94#\x9d&\xfd\xdf\x0d\xf2\x91\x95\xdcrK\xb4\xe5\x0d\
?\xd9[\xf8\xda}\x1f\x1d?k\xdb\x9dh\xeb\xb8>\
p[\xaa\xe1\xb91\xddF4{\xab\xe7\xdb\x15Z\xae\
\x87=\xeb7#\xce\xe7\xe1\xa9\x88Q\xf5\x92\xeb\xe1\xc4\
\x0f\xea\x18;V\x83]\xcaA\x9a%\x18N\x1f\x0c\xa7\
\x0bVn\x19\xec\xc2 \xacl\x19\x86aCy5\x84\
s\x07\xd0\x1cy\x12\xad\xb1\xc3\xb0\xa3\x18\xe7_\x9f\xc7\
\xc5\x7f\xf3\x0aT\x7f\xfej\xc49\x1b\xed\x00f\x0f?\
\x87\xb7}\xe1#x\xd9\xdciD\xb6\x05\x93\x80,\x8a\
\x8eI\x1e\xca\x89:{\x02=T\xc3\xa9}\x9aFS\
\xea\xcf\xdf\x8b\x88/KH\x1a\xe0\xf9\x88\x83\x18\x91a\
\xa3\xe9\xe4\x11\x18\x0e\x1b$\x11yD\x90<\xf7\x0f}\
E\xc8\x87\x01z\xdas\xa8R\xdb?\xd6T^?\x06\
O\x12\xd2\x97\x9b\xfc\xd9\x8c\xa9\x9e\x07Z~\x84\xef\x9d\
\xaa\xa1\x9e\xcd\xb2\xe3\xa1\x81$\x9a\x02d*/\xd5\xee\
)\xca\x9f\x1c?\x14F\x17\x0b\xec\x1f\xa6!S\x19C\
_$A\xe6G\x11\x16\xa8\xc7\xcflH\x0bS\xd2\xc4\
#s\x1e\xfez\xf7)\xfc\xd5\xbd\xfb\xf1\xc0\x8ec(\
\x96\xb2\xf8\xd5\xeb6\xe15=9\xd8A\xc8\xe5\x89/\
\x056\x04>\xae\xdb\xfd0Zf\x1d\xb1\xd5\x82\xbcR\
\xa0\x7f\xdd\x00\x1b\xbcP\xf4\x8c:\x8b\xa2\xd7\xcafb\
t\xbex\x0d\xdcv\x8beOPG\xa1\xed%\xb7|\
\xbe\xfc\xb9o\xbe\x9d=#\x19\xbf\x1e\xf4\xfa_\x8d\x93\
\xfd\x8f\xc9\x00\x96\x00\xe4|A\xee\x00\xb0\x0fP\xff\xec\
|7]@\x02\xf9\xb6oG\xdb_\xdc\xfe\xaa\x13+\
\x86>\x1c\x94\xda\xb6\x06^\x0bV\xab\x11\xc7\x92\xf0\xeb\
\x84J\xc3\x887q\xd8\xf5\xa4\xfc\x91\xe5kq\xfa\xec\
mX\xfe\xc8=\xf0\x00\xe4\xa8\xff\xb7\xcb\xc0\xae{\xe7\
\xb0\xec\xbd+!H\x0e\x93\x81;\xcdQ\x83\xb0 \xcc\
\x0c\x84\x0c \x0cb\xc5\xc7\x88\xc3\x16\xa2\xe6sh\x05\
#0\xca\xe7\xa0\xaf+\x8f\x1b~s\x19\xee+7\xd1\
\xfc\xc3\x1alO`\xfe\xe8>\xfc\xd4\xb7\xbf\x82}o\
\xfd%\x1cO\x90\xf9E.\xaf&\xf1/\xb2~S\xe9\
0\xae\xf7\x13\xa0\x8c\x0c\xce\x8c\xc1l\xc3B)\x87>\
\xdf\xc3\x9a\xf1\xe3\xe8\x9b\x9fB+W\xc6\xce\xde\x158\
\x96- \xf4[\x08B\x1f\x11)\xf6\xd0\xa7\xa6Z@\
R\xb4\x8f\x10I\x81fL\x83?\xba\xd6\xe7^=\xcf\
\x11\xa4}|=\xadH\xaf\xe5\x18\x02\xab\xf3\x06\xf6\xcd\
\xd7\x91\xcde\xe00@I%=uA\xb4^\x80~\
\x8fi\xb9\xa2\x1d\x02\xd3\x8e\xd8a\xe9I\xc0\x94\xb3p\
f6\x81\xab\x06\x8e\xd0\xb6\xd2\xf3\x01)\xa6\x99\x91@\
C\x9ax6\x88\xb1\xff\xd0\x04z\x8f\x8c\xe3\x92\x15\x9d\
\xb8|\xd3\x00\x1a\xf1\x18\x9e\x9cX\x00\xf2E\x5c=r\
\x18\xd9\xc3\xcf\xa2eQ\xfa\x1f\xa2\xf7\xaa\x15\xb0\xadn\
\xc4\x8d:\xa7\xff\x1c\xef\xb8D\x8a\x80\xc0C\xf7\xb9=\
8=TD\xf1\x19W\xd4|W]P9\xber\xd3\
\xd0;>\xdf\xf9\xd5\x1f\xdcx\xe9\xb7n\xbf\xf5I!\
\x0e\xd2\xeb\x87\xc90\xe3\xd2\x83\xee\xbf\x9b\xf5\xfd\xf7C\
\xc7\xff4\xbd\x81\xff\x09\x0e \x05\xa0\xff\xc9\xb4\x17\x1d\
\xd4\xbbMf^\xd2\xb8\xa2\x96\x22\xfc\x1do\xfc\xb9e\
\xd6+o\xfa\x8d\xa0\xa3\xe3\xa7<\xcb\xb6\xc2z5\xa6\
9[\x9fhiIS\x9c\xc11\xba\x11\xb3\x19\xb4\xdb\
6\x9c\x91S\x98zf?\x1e\xcb-\xc7\x9b\xb3Y\xb8\
\xcd\x16J\x9e\x87\x0e\x05\x1c\xbb?\xc0\xfcO,\xa0\xcd\
\xeeB\xe85@\xfa|JP\x01L\xbe\xc6\x00\xa4\xcd\
 \x97\xa0:\xda)\xc3\xb0|\xc4a\x15\xd1\xdc3\xf0\
\xe3\xf3\x90-\x16p\xf5;\xf3\xb8g~#2\x9f9\
\x0e7h\xa0{\xd7Cx\xf1\xf57\xe1x\xef\x10\x9c\
\xd0C\x8b\xdeK\x82\xd8\xb3!\x91\xe10\xfa\x97\xd4\xf4\
\x89P\x07'\xf2Q\x04\x95-\xe0\x12\xbf\x8e7}\xf7\
\xabX\xb6\xf3Q\x18\xc3\xc7!\x82\x19\xd8\xc52\xde\xd6\
\xbf\x05O\x5c|#\xbe{\xe95\xd8\x91+\xa0\xdej\
qk\x90\x91\x8eX\xa2\x19K\x8c\xcd6\xb0~Hp\
\xcd\x9e\xb6 \xf5\xc9N\xb8\x074\xc7\x90L\x18U#\
\x85\x1b6\xf6\xc2\x82\xc2\x81Y\x0f3\xbe\xc0\x1c9\x0d\
j\xe6S\x9b1Q\x15ag\xb5$\x1bH\xe4E\x93\
\x82\x22)\x05\x12\xb0\x92\xb3\x06\xca\x22\x12\xa0 d\xea\
\xf3\x19\xb5\x13\xff\x0c\xeb\x08\xcdL\x0e\xf3a\x8c\xe1\xe1\
&\x0a\xe3\xa3\x88\xf3\x0e\xaa\x852\x06\xf3\x05\x5c~\xf0\
i\xf8s3l\xdf\xde\x05\x12\x83\xe7\x0e\x81e\x90\x15\
\xb5\x22\xd3\x86\x8fn\x81\xc2o\xa0gU\x0e\xf6\x96\x95\
P\xcfM!\x0a 2\xf7<\x1a_\xf7\xb2#\xe2\xa9\
+\xae\xbfe\x7fO\xdfe\xf1\x8f\xfd\xc4\xadx\xed\xb5\
\x9f\x17t\x92\xff\x85Gz?.\xb9\x17\x9f\xd7\xc7\xf3\
\xda\x01h*\x8c\xf6\xa87_\x82\x8e\xb7\x8eaK\xde\
\xcb\xad1\x1dWT[p'\xf3\x99\x83\x7f9\xb0\xea\
\xa4xr\xff\x5c\x9a\x22\xc47\xdfl\x88;\xee\xa0F\
\xbd\x1a\xfc\xe4\x97^\xdaX\xbd\xeec\xb5b\xdb\xa6\xa0\
Y\x07\xa2f\xcc\x0dk\xba\x0db\xbaJ\x0ay\x8a8\
\xb6\x05+cC\xcdL\xa3\xb2\xeb\x10\x8a\xa3\xb3\xa8\x06\
\xc0}\x1d+q\xed\xea\xf3\xd1C7V\xec\xa1K\x0a\
\x8c\xed\x978\xb4\xbb\x86K\xae^\x0eLQ\x93\x8b\xa0\
\x05#\xb9\xe1\x93i<\xea\x0c\x90\x02/\x7f\x00\x01\xc3\
n\x83\xc2\x02\xe2\x85\xa7\x10f\xae@.\xdb\x89\xf3\xde\
2\x8b\xa7\x9f\x16\xc8\xde\x07\x04\xb3\x13\xd8tl\x1f\xcc\
\xbe\xb5L\x91\x05\xf5\xc1\x93\x1a\x9a\x91\xfe\x84\x1d\xb8\x88\
\x00&\xed=v4\x85\x22~b\xee$\xde\xf1\xe7\xb7\
\xc1;\xb0\x07Ue\x22\xa0\xca\xdf0a\x99\x0d`\xff\
N\x5c\xbe\xeb)\x5c\xfa\xc8\xb7p\xdf\xab\xdf\x86\xcfo\
\xbb\x12'|\x1f\x8e\xef1\x15\x99\x8cv\xefT\x15\x97\
4Z02\x0e\xf1\xec5\xd30\xb9{\x09/L\xa3\
9e\x04,:j\x19\xb8a\xebr\x5c\xda\x0a1\xde\
\xf0p|\xb6\x81\xdds-\x8c\xb4\x22=\xd7\x90t\x22\
\x12\xd1\xb2E\x07\xabg\x12\xb4\xb1\xa7\xddHS\xc5\xa4\
\x07\x00;\x93\xc5\xaa\xc0\xc3@\xa3\x8a\xce\xd0G\xdeu\
\x91\xf1<\xd8A\xc0]\x09z,i!2\xcd\xd9\x0f\
!\xa3\x08\x113\x02#X\xa6D[\xab\x81\xfe\x1dw\
\xa2\x95S\x88=\x81\xec\xf9%t\x0c\x0c\x00\x1e\x91\x9a\
\x09\xe2\xd1\xf2\xa8\xec~T\x88\xd8S\xc8\xb5\xf7\xa2x\
\xe9*\xb8_}\x0a9%1\xd3l\xca\x97|\xe5/\
Q\x9c8\x1c\xa9(\xbb\xcc\xb3\x8c\xcf\x0e\xbe\xf7go\
<\xe7\xae\xaf~\xcf\x8c]RS@L\xda\x8c2\x16\
S\x91\x15H\xa9\x0eg\x0dQo\x92w\xb1\x0b\x18\xf5\
}|\xc1\x95\xe3\xe2tm\x16\xffC\x8e\xe7s}\xa3\
\xef\xbb\xb5k\x9d\x07+#\xefnkF?\xd5\x08\xb1\
VB9\xca\x88\x190\x12\xb1U\x0fcq\xb2e\x8b\
\x1f\x0c\xe7\xb3_\x7f\xc7\xeb\xdf\xfc\x14\xfe\xf4O)c\
\xcf\x0f|\xee[\xbf4\xd7;\xf8\x81\xc8\xb1s\x81G\
T6\x82\xbd\x13\xc7\x9c\xfcAB\x17\xbd\xb9,r\xcd\
\x1a\xaa\xcf\x1eD\xe3\xc8i\xcc\xd3m\x9e\xcdAD>\
\xd4B\x0do\x9b\x1a\xc5-\xf7\x7f\x0d-\x7f\x16\x1dB\
\xe2\xa8!a\xbf\xaf\x847\xfd\xf6%P\xb3. M\
\xee\x06,\x9a\x08\xb7\xda\xd2\x8c\x91\xea\xf4\x00\x88}(\
\x15\x22\xf2[\x10v\x09V\xf7yP\xee.<\xf0\x99\
#h\xfe\xfa0\xcf\xd4\x9fz\xcd\xdb\xf1\xee\x9b\xde\x85\
F\xb3\xae;\x02\xfa\xd7\x99%\xc7\x911-\x0b(\x85\
\xa6l \x08\xa1J%\xbc\xb52\x8ew~\xfc}\x18\
\x1f>\x09\xbb\xd4\x81zV\xc0z\xd5\x10l\x91\x81\xf7\
\xc4\x08\x8a\xfb\xc7 -\x09\xd5\x0aP*\xe6P\xbd\xf6\
\xf5\xf8\xf3W\xbf\x1d\xffX\xe8\x84\xd9\xa8\xf2k\x85Q\
\x84\xd7\x0e\x14\xf0\xd2K\xd6b\x9e0\x04\xa2\xfb&-\
\xc8T\xc8#=m8\xc3\x1e\xd6\xa73\xd1.\xa0V\
\xe9\xc3\xa3\x15|\xfb\xc8\x8c\x8e\xf0I\x16\xb0\x98\xea\x13\
FAOB\xf8E:\xd8D\xe5\x8bab\xb3)\xf1\
\x9e\xfb\xef\xc2\xa6\xc7\xef\x81={\x1a\xa2^\x87\xf0\xeb\
\x88}\x1f*\xd6#\xc8\x5c\x8e$~\x91\xf0\x0c\x09\x02\
M\x0d\xce\xb4\x942\xe0\xd2\xf5\x22\x06\xb7%\xd0,8\
\xe8\xfd\x8bKq\xf6+\xafC\x5c]\x80\x10T\xd4\x98\
I\x16\xa5\x83\xb9\x22\x06a[\x1b\x0e\xee\x09q\xf45\
\x9f@\xefh\x8b1\x8e\x80\xd8\x84\xfas+\xeab\x1a\
\xc52\xe2\xd8e\x16\xa7 H\x80H`\x0e\xbd\xba\x01\
\xdf\x0b\x9b\x84[B*!\xa5\xe4y\xeb\x8c)O-\
\xe4\xe5\x17_\xdc\xeb\x7f\x5c\xecd]\x94\xe7uG\xe1\
y\x99\x01\xa4M\xac[n\xbe\xaa\xf0k\xf7<\xfe\x89\
\xb8\x89w\x1c\xf6iL6&}{\xc6\xbdC\x9a\x8c\
Ua!+\xb0\xa5\x10\xc8-\x1b\xbc\xda\xbb\x1e\xf9\xea\
_=<~\xd9\x85_\xff\xcd_\xfd\xe4\xcb\x8e\x94\xda\
^\x89\x85\x05\x08\xdf\x8bm\xcb4D\xa8 \xa4\xd6\xbc\
\xa7\x9b\xd3\xb4ltZ\x16\xcc\xe7\xf6\xa3\xb2\xfb\x08\xea\
\xf5\x10^>\x0b\xc30\x80\xd0On\xd8\x18{\x0be\
\xbc\xa2\xbd\x0bbr\x0e\x9e\xa9P\x0c$&\x9e\x06\xe6\
\xe6*\xe8r\xda\x10\xb6t\x0b\x8f{\xf6\x9c\xee\xea\xc9\
=2|!\x8d\xc5\xf4\x9d\xb2\x02i\xc6\x88\xfc\x1a\xe2\
x\x01\x86\xdd\x8b\xe2\x8a\xe70_\x00r\x0d \x17\xb6\
8\xf2ya\xc8\xaa?t\x18I\x11l1\x87\x9e\x06\
`41\x87*\xea\xb0X\xc2\xab\xdd\x19\xfc\xd4\xa7\xb6\
crx\x98\xb9\xf3\xf3y\x1fm\xbfu\x19\xaey\xcf\
%\x90\xc8c\xe4\x80\x8b\xc3\x7f\xb7\x07\xd5\xdb\x1fB\xd7\
\xf1i\xd4\x11\xc0\xb9\xf3\xcb\xf8\xd5\x93\xc7\xb0\xfeuo\
\xc7\xe76^\x80Z\xab\xc5|\xfc{O\xd7`?3\
\x8c+\xb6\xae@`\x18\xf0B\xe2\xfc\x9f\xa1\x0e\xd3\x91\
f\xe2i\x9d\xaf\xc1\xbb\x08A\xac\xd8\xbfn\xea.\xe2\
\x07#\x154hw@\x92\x08\xd0\x04$\x9fs\x9e\xce\
OZ\x1c\xb4\x8c\x840\x17Cb\x8b\x8c\xf1\x07\x9f\xfd\
\x04\x9c\xef\xfd\x03\xaa\x16\xb9:\x0ff\xa0\xf9\x07\x8b\xf5\
\x9c\xcc\xf0\x8d\x1a{4u\xd8B\x8c,`\x94\xd9A\
D\xa4B`\x11\x06\xa2 }\x01\x19\xe7\xe1^\xe4\xa0\
g[\x0f\xe0\xa5\xb6G\xe6\x9c\x12\xb8\x139U\xaa\x03\
\xdc\x06\x06\xd6.\xc3\x91K\xb7 \x9az\x06\x92$\xd1\
T\x840\x944\x92,|\xf2\xe7\xd5\x05\xed\xcf\x22S\
\x90\x0b\x11\xc8B5\x02\xc4\xd2\x10Vl\xe4BAA\
 \x8f(\xf2@\xc2k-)J\xbdQ\xf8\x07w\x9b\
\xb9\xec\x8dhm_\xa2\xab\xfc\xbc<\x9e\x97\x0e\x80\x0e\
\xca\xf4\x1e\xbf\xff\x91[\xc3V\xfc\x8e\xdd\x81\x8aJY\
)\x94\x90\x22\xee\xb7D\x941\x04\x8e{\xc8\x04\xb1j\
)\xa5\x9aQD\x8e9\xd36\xdf\xba~\xe5\x89\x93\xd7\
\x7f\xec\x1f\xbe\x88\xaf\xbd\xe8\xa5\xea\x9e\xe5\xab\xd1\x90B\
V\xd9jR\xf1\x0c\x85\x92e#\xaa\xd5\x10?\xba\x13\
\xa3\xa3\x15('\x0f\x94%\x02I\xd2X\xcc\x8a\x87D\
\x00\xd7\xce\xe3\xa0ic\xbco\x19VM\x1eA\x18\xc6\
pD\x88\xe6h\x0d\xd3\xa7\xea\xe8\xda\xb8\x8aB_\x12\
\xe9\xe9F5\xa0\xa8&\xe7\x1b\xcc\xd4\xd9\x80t\x928\
J\xc6L\xb7P\x13\x22\x98d\x12Q\xce\x89\x80\xbc\x80\
h\xe8F\x9boe\x10\x1a\x01k\xee\x93:0\xd5\xbe\
\xd4\xb2\xa3\x16\x1b\x8b\x86\x08\x89.\xc4X\xe7\xb6p\xed\
\xc1'p\xe17\xfe\x1aSGw!\x9b%\xc5]\x05\
\xff\x15\xcb\xf1\xe2\xb7n\x80\xd3\xacC\xc5\x0d\xacYg\
c\xf5\xf6\xad8\xf8\xca\x0d8\xf0\xd9\x07\xe0|\xef \
\x9c\xc9&\xea{\x1f\xc5\xcd\xe3\xc7\xb0\xf9\x15o\xc1\xa7\
\xae}-\xf6J\x1b\x0b\x81\x8b\x7f\x18\xae`\xbc\x15\xe0\
e[\x06Q*g\xe1E\x1a\x99\xa7\xe4\x9d\xf5\x0b\x16\
\x0dRW!\xa96 \xbd\xc7\xacmbtl\x16\xcd\
V\xc8\x99\x01\x9f\x95\xc5\xda=Ar\x12\x91S\xfa\xa1\
\xa5b\x14\xf2\x19\xfc\xcc\xe3\xdfG\xf9{_\xc2i\x03\
h+d\x10\xac\x1e@0T\x02\xf9a\xdf\x15h\xcc\
\x07\xf0\x11BR\x9b\xd5\x8d\x116<\x98\xb9\x18\x22k\
\xc1\xf2\x22Xa\x8di\xc5\xd1\x82\x844\x14\xdcL\x06\
\xd6\xd5\xed\xe8\x1a\xec\x81j\xb6t'\x85\x09\x08\xfc&\
\xce\xcc)\xd2\x0d\x16\x09\x14Ku\x14\xaf\xed\xc5\xf0\xa3\
\x06\x0a\x14\x18b\x1f1a\xc7\xb3\x11B\xbb(\x82l\
 \xe8\xf9\xadb\x912\x0c\x11\x10t\x92\xa1\x5c\xc1$\
|A\xa1\xad\x0dQd\xc3h\xcb W\xaf#\xbbs\
:\x9en\xc6\xb2\x90\x09~\xfa7\xcf\xe9\xf9\x1b\xb1g\
\xf2\xc4\xf3Yy\xe8y\xe7\x00R\x81\x86\xaf\xf6\xf7\x5c\
\xa7fg\xdf}\xd0\x83j\xcfBV\xfb\x84\x18x_\
\x17\xb6\xbe\xda\x02D\x1f\x9e\xbeCa\xea\x0f\x0f\x88\xce\
\x8a'\x08>\xa2NY%\x84\x9a\x19\x9f\x11\x85\xbf\xff\
+\xf5\xce'\xef\x94/\xdd|%\x0e\x9f\xb5\x15\x93\xe5\
N\xce\xe7\x22i\x02\x96\x81|\xbd\x8a\xdc#; \x9a\
\x0a\xb1C\xdcR\x12\xbb$\xca\x8b\x84M\xba\xb5IK\
\xca\x0aZ\xb0\xfd\x16z\xe6f\xd8\xc0\xc8\x8f\x98\xb1\x0d\
\x0b&\xa2z\x93\xd3\x7fB\xffU*\xc1C\xff\xe6\xe8\
(\x16\x09/\xac\xe9\xcb7 Qn)r$!5\
\xac\xa3>+\x107t\x0f=37\x87\xd7\x1cx\x06\
a\x10\xc10\x14r\xae\xcb7\xa2\x11\x05h\x0b\x9a\xe8\
hTP\xac\xcd\xa38\xb7\x80\x8e\xd3\xc3\x08gO`\
\xa6\xdaB\xc6\xb1a\xb9\xc0\xe8\xba\x02\xaexO7\xb2\
f\x0b\x91O\x9f\xc1\x87\xf2\xcb\x5c\x8el\xba@`\xc5\
\xd9\xd7c\xd77\xce\xc2\xec\x1f\xde\x8d\xf2\xe1)\xcc\xba\
M,\xff\xca\xa7\xf1;\x07w\xe1\xab7\xbf\x07w\xac\
\x18\x82\xd7\xa8a\xcfd\x15#\x15\x17\x17\xad\xee\xc4\x05\
+;Q\xca9L\x1eb\xc1O\xbd\x1b\x80\xef\xe4D\
\xcd\x90\xe9\xc0\xe4\xde\x9e\x1d\x99\xc7w\x8e\xcfj\xd1\x92\
%9o\xcal\x5c\x0a\xfa\xd1\x15\x0e\x94d\xfce\xf9\
\x81\x1dh\x8a\x08\x9dv\x06\xf3[\xda0\xf4\xc9\xcb\xb1\
b\xd3\xf9\x88\x9a3\x88\x03\x01/\xb6\x10Q\xab\x93\x04\
I\x89\x81\xc9\x18\x02e\x0a!g\x17\xdc\xd7\xa7y\x83\
\xc8b\x07\xe5\xc71\x8a\x1de\x18(\x22\x8e\xe7\x92\x84\
#\x01Q\xcf\xb4S\x92\xbf\x1b\x10\xbe\x8bm\xafY\x85\
\xe3\xcb_\x0b\xe9\x12\x90KeW\xcc\xce\xdc\xb7\x8a\x08\
3E\xd8\x96D\xb1\x18\xc3\xc9\x08(\x8b\xcaO\xda\xb3\
D\xc8(mE\xa0\xb2\xc0\x86\xe3\x84\x18\xb9\xf3~T\
\x7fjZ\x9a~,\xfc\x10\xbd\x9b\xc3\xca\x06\x00'\xa8\
S\xf0|\x1d4z\xde9\x804\xc8,\x9b\xa9\xbd}\
*R\xf9\x0cT\xec\xdb\x86\xec\xf9\xf9N\xbc\xf4\x9de\
\xc0\xa21\x1b\x0b\xaf\xf8\x85\x1c~\xd01\x84\xe3\xb7\x8e\
\xa3k\xa4\x02\xc3\x8c\xa84\x16\xa6R\x98\x0d\x221~\
t\x14\xa5\xc3\x7f\x87\xf3\xbf\xf9w<\x87\xbe\xd8z\x16\
\x92E5\xc9\xdc\xf5hjJ\x9bMFk\x97\xbc\x91\
T3\x8fX\xab^r\xb2H\x1b/C\x98\x12\xfd6\
\xdd\x88\x06\x11e\x93\x9b\x8b\xc1-\x0d[R&@*\
\xb6\xfc\x818\x14\x92\x01\x09H#\x0bi[X8>\
\x8a\xa9\xfd\x12V]g\xaa\xd9\x1d\x0f\xe0\xcd;\x1e\xd2\
\xe92E\xa7\x90$\xb6(~E\x5c\xf3\xa7\xe49\x8a\
=3\xe4\xaa,\x1bm\xb9\x08\xa2!1\xd1\xdf\x89\xd5\
\xb7\xae\xc7\xba\x8d\x19\xc4~\x13\xf0\xeb:\xc8\x05u(\
\x99E\x1cv\xa0\xe0\xe4q\xc5O\xf4\xe1\xc4\x05\xb7`\
\xf7\x1f?\x0b\xe3\xef\x9f\x81A@\xda\xa3\xdf\xc7O\x9e\
:\x82-\xaf\xfb\x19|\xfa\xfck0\xaaB\xcc\xb8\x11\
N\x1c\x9c\xc6#\xc3\x15\xac\xed.\xe0,\xa2\xe6\x96\xb3\
\xc8gL84\xc8\x93\x9c\x9f(\x88q\xac\xde\xc4#\
\xa3\x0bxz\xb2\xceB\x1e\x8b\xa3\xc8\xe9\xe8\xf1\x92\xb6\
\xa6f9r\x01\xce\x9f\x8c\xb2\x1cD\x11\xb7\xff(C\
\x90\xd3>\x8e|\xf1)\x94\xdf$\xd0\xb7\xf5\x02\xc0\x1b\
\x03{Hr\xac\xf4EW\x80\xb2(=2\x99\x181\
][\xea\xbe$_\xf4=\xd2Rt\xa9\xf5G\xaf\x9f\
NC%\xef\x83\x1e\xcb\x18\x8d\xe6B(/D[[\
\x0f\xce\xbbq q\xd4\xe9\x1c\xe3R&f\xca\xa1H\
\xbb\x1a\x1a\xc8D\xd8\x02\xb2m@3\x8f]\xdf\xfe\x12\
\x0e\xfe\xf93X\x11d\x10\xaa\x9a2\x11\x8bl`K\
}\xe7<\x7f\x8f\xe7\x95\x03\xa0T\x89\xcc\xe8\x8b\xdd\xce\
\x9aV\xc3\xbd\xb2\xa6\xa0\xb2\x86\x01\xf7J\x13W\xdcd\
C\x91\x1a\xee\xf80\x0c\xab\x00\xbbg-n\xf8\xf1\x22\
v/7\xb1\xe7\xe3\x19\x84\x0fL\xc0i\x84\xa0\xdb\x93\
&\xdb\xb2\xd4\x936\x05\x1a\x9c\xf1i\xd2\x0c\x19\x14U\
\x91\xac\x80\xcd\xb19%\xd6'`\x16E\x9a\xe4\xa6\xe2\
QYC!\xa4\xe1\x15\xa1`\xd3\xe0\x0c\xa5\x882\x86\
i\xf9PN6\xd9\x91\xe3'C\xc2\x89\x1cn\xaa\xcb\
G\x99\xc1\x92!\xde\x14\x157re\x04\x95\x05\x1cx\
h\x04\xd3?\xf0\xd0\xcf:z\x022\x08X\xcfj\xa9\
\xb6\xbef$\x9c\xd9\x05@\x07\xa9\x04\xe7U\x8c \xf0\
P\xb1,\xf8W\xb4c\xc3\xaf\x9d\x8d\x0b\xaf\xcdB\x85\
&T\xe0\xea\xa1|\xc3\xd6j:Q\x83\xa8\x8e\x08\xfd\
\x0e\xc8\xec\x0a\xac^g\xa1\xfbcW\xe1\xa9-k\xb1\
\xf0\x89o\xa1}\xcaEet\x04\x17\xfd\xf5\xef`\xd5\
\xe8\x09|\xf0\xa6w`\x1f\xb1\x0c\x050\x12D\x18\x19\
\x99\xc3\xc3\xa3\xf3\xac\xfe[\xb6M\xe4lm\xe4<\xdb\
\xefE\x98\x0ec\xd4\xa8\x05j\xd1\x19\xd5\x0eU\xb70\
\xcf\x04\xdadEHr\xae\x13\x100\x0e1\x16Y8\
\xb0b+\xae\xce|\x17\xa3\x08a\x8cLc\xe6\xef\x5c\
|\xf7\xc0\xc3\xb8\xf8m\x11\xd6\xbft\x13ls\x01Q\
\xb3\x09\xc5Z\xcad\xbb\xc4\xeb_J6 \xa7KF\
\x1b\xf1g\xd6\xd1\x9e\xa6&5\x90\xca\xed\xddtb2\
\x1d\x98J\xf3\x93\x98\xf2\xf9\x18qcA_o\xba^\
\xcc\xc6d\x04S;\x83\xc4\x89s)\xc1\xd7\x90HY\
.3\x10e~9*'\xaa\xd8\xf9\x8do`\xcfg\
\x8f\xa3\xfbp\x04\xcfl\xc5Y%\x8d\xc8\xb5&\x9e\x8b\
\xba\x8f\x005\xe2\x06<o\x0f\xf1|L\xff\xbf\xbd\xaa\
\xf8\xd6x\xa2\xf1\x05\xc2o\x83\x8e6\xac\xfe-\x1fW\
\xbf\xc5\x86\xb7\x00\xb8\xa7\x9b,\x9b\x95\xe9\xe8\x85\xd5\xd5\
\x0bi9\xa8\xcc7q\xf0\x91*&\x9e\x08Q\xdd\xe1\
\xc1?\xd9\x04\x9aM8\x15\x85\xc8\xf7!\x8a\x82\x07S\
 2\xbcb\x8b\x10t\x02\x81\xa4\x19\x02\x01\x0d\xf2\x84\
P\xd9\x10\xca\xf3\xa1\xcc\x0cdHQ%\xe0\x16\x13\x0a\
\x80\xb4L\xc4\x01IP\xd1M\xd6\x0eok\x16\xaf\xf8\
\xe3U\x18\xec\xec@\xe4\xd3I\xa4\x9b\x82\x09\xb1:\xea\
\xb3O\xd1\xc0\x13\xa1\xcd\xda \xe8\xc6\x0a!\xb3Y\x96\
\xf0\xfe\xfa\x1f\x1cD\xf8\xdd&\xf2N\x15\x1e\x0d\x03\xb1\
\xe0\x7f\x0eF\xc9D\xde\x11\x90\xb6I\x1f\x13\xd2\x8a!\
,\xc1z\xfc\x91\xd9D\x8c\x22B\x91A\xbe\xc7B\xdb\
\xd62\xd6\x5c\xda\x85\x9e\xee\x10\xca\xa54\x98x\xcd<\
\xa0\xbb8\x90\xc3\xe75\xa6\x9f\x11\x84\x9a\x01\x8a[a\
g\x0d(\xd9\xc2\xd3\xf7Wp\xfc\xd6o\xa1\xef\xa9q\
4D\x8cL\x1ca\xfeU?\x81\x8f\xbd\xf6\xbdx\x9a\
\xb2\x83\x04\xe9\xd7b\x9dK\xa0\xc0\x14\x0c\xe0\xe0K\x0e\
\x81\xe8\xc6\xe9\xe7^\x12;\x17#~:B\x982\x10\
i\x1e!\xe4s\xb6mr\x12\x7f\xf0\xed\xcf\xa3\xff\xe9\
\x1f\xe0t\xcb\x05\xad\x16\x9b$\x04f\xad\x89-?\xb9\
\x11\xe7\xdct1J\x03\x05\xc4\xae\xaf\xc9O\x1c\xe9\x13\
D\x7f\xd1M.\xa2\x92IF\xb0\x843\xb6\x18\xf9S\
i5\xedby\xe9\x92\xd0\xf4f\x9d\xa0\xd0\xfb\x0a\xb5\
\x83I\xdb\xae,\xe4zf\xf5\x0a]K\x15\xd4!m\
\x9a\x7f\xe8\xc1\xc8\xae\x13x\xe6\x8e{1\xfe\xf5\x098\
c&b\x15`\x9d\x0c\x91-e\x16\x0e\x95{~\xee\
\xed'G\xfe\xf6\xf9.?\xfe|s\x00\x9cA\xde]\
2\xfe\xac\xd5\x8c\xdfU\x8b\xad\xb8v\x9e!o\xfc\xa4\
\x89\xa1\xb3\x0b\xa8\x8dT\xa1\x02\x1f\xa6#\xa1\x82,D\
\xa6\x0c\xbb\xaf\x0f\xa6E\xa8p\x808\xca\xa0\xba\xe0`\
rt\x01\xf5I\x05\xb50\x83\xf9\x09\x02\x8c\x07\x90\xcb\
\x90\xc1\x07 \xb2?\x8d\xbf2\xc4\xad\x191\xc9\xdfy\
\xef\x0d`h\x89.J\xe1\x991g\x91\xa2/]B\
\xba1$l\xd2\xc5\xef\xebBO\x97\x0f4\xeag\xd4\
zh\xc2\x8d\xf7g&7'\xa7\xa3tO\xf9\xc9\xdc\
;\x81\x82\xf4\xfd\x18h\xebGe*FP\x99\x83\xb2\
\xe6\x01\xdb\x812\xfa\xf8q\xf4\xfeh\xd8\x86nD\xfa\
\xb74\x22H\x9e\xaa\xa3\x1b\x97\xbc\x0d\xb5\xc5\x0c\x98\x06\
\xb5\x17i\xe48@\xe4\xd6\xa1\x5c\xeaw\xdb\x8b).\
G,\x22%\xd1gI\x1d@\xdc$\xc2\x0bd\xf1\x02\
X\xa4\xcek,`\xffn\xe0\xb9\xf7\xdf\x89e\x0f\x1f\
DMD\xb0\xb3&\xe6_\xf5.\xfc\xca\xcb\xde\x8a\x93\
^\x8b\xd1}*{\xd8\x9c\x18'I\x94\x82\x93\x9e \
\xf3\xfb\x93\x0e+k\x17\xa4\xc7\xa2\xbf8\xa3DL)\
4-2eF \xb9\x14?\x80\x1a\x19\xc1yS\x13\
\xf8\xc0\xc1\xc7q\xf6\xce\x1f`nn\x0e\x0d[b\x12\
\x023k\xf2Xs]\x01[^w\x15\x96\x9fw\x16\
LT\xa0\x82$\xd2\xb3c]\xb2\xa6\x88\x9c5\xab&\
\xeb~\xff\x22\xf0G\x8fK\xbd\x15\xe32)H\x9bf\
\x05\xf4\xf3D6\x85K\x93tji\xc9g\xe1\xf3\xd7\
\x02T\x00Y\xe8\x82\xdb\xb2q\xe0\xbeG\xf0\xec\x1d\xcf\
\xa0\xf9d\x84x\xd2C\xec\x07\xd8d\x22.v\xda\x8f\
=\xd1\xb9\xec\xd6_:pB\xcf\x14<\x8f\x8d\xffy\
\xe5\x00(\xfd'\x1a\xe5m\x9br\xbd\x97\x1fo\xdd?\
\xedac`X1\xdeh\xc9[~\xbb\x84L1\x8b\
\xda\xf0\x04\xa4\xa54iGe\x11\xfb\x91\x16\xa3(t\
B\xd8\xb6.\x03m\x92\xdd\xca08\xa7\xa1y\xba!\
\xf2|\xf1\x88\x11F\xf8\x81\x0eS\xc1\x19\xb1MN!\
\xa9\x1aJ\xa2\x18\xa5\x93\x048\xe9\x10\x97|\x8fT\xf2\
\xc9\xb8}\xfeY\xdc\x88\xf8a:\xf2\xa7\x82\x9ats\
ZI\xb6\x9bD&=\x8a\xa7\xa3\x0dG\x96\x90u\x00\
E.\x9bhv':CT\xdb\xd2\xc1OG\xafI\
O\xce\xe2y\x8bL\xb6d\xd6\x97_?\x0a\xe9\x86\xf5\
X\xa5W\x91\x14\xaf$}A\xc2G\xb4\x03c\xd0\x8d\
\xceC\xf2\x99T@Jz1\xe2\xc8G\xec5 2\
C\xb0\xba6@Z\xa7q\xe4`\x16\xbb\x7f\xfe\xbb\xe8\
z\xe8\x10Z\x0em\x01\xca`\xf8\x96w\xe2\xf7\xaf}\
-\xa6\x9a-,\x10$\xcf\xe2$\x894\xf9\xa2\x08I\
\xba\x5c\x80\x9chz\x9e\x92\xcf\xbd\xb4\x8eY\xc2dL\
G\x98)\x03\x90T\xab\x9f:\x8dxz\x0a\x1d\xa6\x85\
\x97W'\xf1\xc6]\xf7c`\xdf\xa3<!x*\x04\
\xc6\x8b@\xc75\x05l{\xed\x16\xac\xb9\xecJ\x14\xba\
\x89i9\x0b\x15;\x1a\x06\xa0\xebD\xef\x8b\x1d0\xaf\
\x5c\xd1\xe7\x89\x1c\xf9\x22\x7f\x22y}\xbaA\xe8qt\
\xa4\x8e\x02II\xa2/\x22G\xf9\xc5mI\xec[\x08\
\xa7\x08 l\x03*\xd3\x8d\xb9\xc3\xa3\xd8\xf3\xed\x07q\
\xe8\xdeQ\x84;\x02x-\x0b\x99\xb0\xa9V\x0e\xae\xc1\
\xeek^\x1b\x7f1P\xef>\xf6\xd5\x8f}\xf6\xd6[\
o5\xb7o\xdf\x9ez\x9f\xe7\xed\xf1\xbcq\x00\xb7\x03\
\xc6-@to\xb9\xfd\xa7[\xb5\x85\xbf\x98\xa26X\
\x87\x8dU\xbf]\x16/yS\x16^\xcd\x87;UE\
\xa6D\x1bs\xb3ll1\x93l\x08\xc5O\xaaO2\
\x08\xc3\x802m\x08#\x03),\x8e\xc0\xc4\xd7gZ\
-\x13v(\xad\xb3\x92b\xe3\x8cC\xd0\xb5\xbf&\xf4\
p\x9aI\xcf\xc7@\x1e\xfd.a\x02\x92\x9f\x93\x22)\
\x222\xb6|\xf2{\x9a\xa6\xa3o\x1e\x9a\x03p\x92^\
y*\xc6I\xcf\x9c\x18P\x8aD\xa7#\xb34\xd8\xc3\
\xab7(\x1d\xd5\x84\x22z\xfe\xc5\xae\x15\xffR\x848\
l.\x1aS\x22\x0b\x92\x14L\xf4\xfe\xc8\xd9%\xce\x89\
\x03\x9f\xc5\xcf\xc5$\x19jK2e8MiuF\
\xa2\xa8\xd5\xd5\x9aFd\x0c\xc1\xee\xdb\x02\xd3\x9a\xc0\x91\
C\x11\x9e}\xcf}\xe8}\xea\x18Z-\x17\xf9|\x1b\
\x1e{\xd7\x07\xf1'\xe7]E\x0c9\x9e\xf5\xd7\x8c\x9c\
Tn,\xa5\xfe\xea2\x80\x04=\x93\xd3\xb0\xc8\x17\xd0\
RdK\x89\x03\x9a\xc4\xc4\xef\x85\xd8\xb5a\x04\xb3Z\
\x83\x1a\x1bC\xe4\xe9\xd2n\xbd\x88\xf1\xae\xa3\xcf\xe1\xea\
'\xbf\x87`n\x18'\x02`\xd4\xce\xc3\xb9\xd0\xc2\xa6\
W\x0db\xc3\x95/F\xef\xa6\x01\x98F\x95\xb5\x14\xd8\
\xb1\xb2\x03 \x87\xa9~\xb8\x04H\xff\x9e\x00\x8f\x5c:\
$%\xd9\x190/:\xb3\xbc,)\x05\xb4\x1fK>\
g\xd8\x84\xc8\x15\xe1Ge\x9c|\xe4i<{\xd7\xe3\
\x18\xb9\xbf\x09q\xdcG\xec\xba\xe8u\xf2\xc8\x5c\xfcb\
|\xf5\xba\xd7\xab\xeft\x0c\x08\xab23'\x8f\xed}\
o\xf3\xf3\xbf\xf7Uu\xbb2p\x0b\xa7n\xcf['\
\xf0\xbcp\x00i\x9f\xf4\xf7zV\x0c];w\xfa\xae\
#*^\xaf\x22\x15\xd7\xcf\xce\xcb\x1b?\x9f\xc3\xca\x8d\
6\xea#\x0d\x06\xf2\x9c|\x01\x82o\xf8\xc4\xc8\x0c\x93\
\xa3\xb0\xae\xe9\xe8\xef\x09\xcb\x8bS\xee\xe41|\x9f\xd2\
\xfftJL;y(\x8d\xd4\x89m2\xf4E\xa9\xb5\
a%:yD\xdc!@\xe9\x8cl\xb6f\xbc%\x91\
:\x01\x8a\x16\x19\x7f\xc9\xe5\xd5\xa2\xd5\xe9k\x9d\x99\xcf\
\xe7\xe9\xfa\x04@JK\x83\xb4k\x90b\x04\x8b-\xaa\
\xf4\xa7\x09n@\x8f\xd7\x0e@G&\xedC\xf4\xc6@\
v\x80\xac\x1bH\x0e\x8d\x1c\x08\xa5\xc6\xf4^5=\x99\
\xca\x08\x8eh\xe40\xe8<%\xc3C\xec\x00\x82\x06\x82\
\xfa4Df9\xec\xee\xf3!\xcda\x1c\xd8\x19b\xff\
{\xbf\x8f\x8e\xdd\xf3h\x9aMt\x0c\xae\xc1\xdf\xbc{\
;\xfe\xae{%B\x9aQ \x86b\xfa^\xd3\xe5$\
H3\x80\x14\x03\xf8?\x93\xdeD\xe2\x9cq\xb5\x04I\
OO,\xb5<\x09\xa3\xa9V\xa1ff\x00\xaf\xc9,\
\xc4\x8c4\xf1\x86\xb91\xfc\xd8\xee\x1f\xa0\xbc\x7f\x0f\xc6\
<\x0f\x13\xb0\xa1V\xdbX\xf6*\x89\x0d\xd7n\xc3\x8a\
mW\xa2\xd0C\x0b\x0a\xeb\x9c\x0d\xea\xaeL\x02\xde\xb1\
sJ\xd0~.\x0d\x92V,]g\xca\x02\xc9Y\xf1\
c\xe3\xc5\xb6\xe2\xe2\xbb\xe5\xfbHgvBz\x10\xd9\
6\xd4O7\xb0\xe7\xbb\x8fb\xf7=\xc3\xa8=\xe9C\
M\xc5\x90\x19\x1bC\xcbK8\xf8\xa2W\xe2o\xce\xbe\
\x1eGH0!\x0e\x95*\x94\x84m\xc8j\xe9\xf8\xa1\
w\xcd\xdc\xf6\xee\xaf$3)K\xee\x92\xe7\xd7\xf1\xdf\
\xee\x00\xd2\x86Q\xdf9\xbd\xb9\xbb\x8eV\xfev\xb6\xe5\
\xdftZP\x9c\x90\xa2\xed\xd7sx\xe5\xfb\xa8\x8d\xe5\
\xc0\x9d\x98\x83],\xc2\xb0\x09\xb4\x93z,\x96\x8d\x82\
\x22\x9dH\x22=\x0d\xe6$\x9a\x1f<\x9cC7)9\
\x0b2@J\xeb#\x9e\xd8\xd3(1\xd5\xf4\xc9\xb4;\
Ez2xN\x0bu\xc4Ou\xbaucP#\xdf\
\xfco\xca\x04\x12c\xd5\x01'i\xfb\xf1\x10\x0ce\x14\
i\xfcKR\xf8\xa4\x05\xa9\x9dEBE\xe5\xf7e\xe9\
\xc8\xbc\x14$\xd4\x94\xb33t;~\x5cr\x99(r\
\x06T\x87&\xad,*C\xf85\xf4MkP\xfaO\
\x8e \xcdt\xd2\xd6\x18\xdbCb\x0ciYB#\xce\
\x91\x8f(\xf0\x11\xb5NAf\x06`\xb4m\x83!\x86\
\xf1\xe0\xdf\xcfa\xee\xe7\x1fD\x91H@F\x03\xea\xe2\
W\xe3W\xde\xfa>\x9c\x0aB\xd4\x896\x9c\xbe\x9f%\
J\xc5\x8b\x04\x1f\xf6{\xfa\xef\x8b\xbc\xff\xa5H \x19\
U\xba\xa7\x80\xcb\x80\x88\xdb\x9d\xd4\xc7\x07\xd1\x7f\xe7\xe6\
!Z-\xc4,\x9e\x0al\x8a}\xfc\xec\xa1\x1d8\xef\
\x89\xbb1R[\xc0\xa4m#\xec\x0cP~Q\x19C\
7,\xc7\xdam\x97\xa3g\xddZX\xc6,\x14g\x10\
\x8efq\xd2A`^\xda\xfb\xe5\xec$\x01\xfcR\xe0\
oi\x99\x12s-w&\xbb\x09\x1b\x8c\xfdD(\xe1\
\xd4s'\xf1\xd47\x1f\xc0\x91\xefT`\x1eq\xa0\xc2\
Y\x0c\x98\x02\x99\x97\xfe8\xbe}\xfdk\xf0\xb5r\x17\
\x9a\xcd\x16\xe7\x91a\xc6\x81\x91\xb5\xe30_\x90m\x19\
\xa368;\xfcK\xfb\xde\xf0\xaa\xbfJX\x90\xcfK\
J\xb0x~L\xfa\x89xG\xa7\xfc\x9d\xb0\x12\xff\xc6\
\x11\xa5b\xc7p\xe4\xcc\xf9\xedx\xf9\xa7\x15V\xae\xc9\
\xa25\x13@yu\x98\xd9<\xa4\x91?\x13\xd9\xd9\xa8\
R\xf5\x1cJ\xd9\x83\xa44\xb5u:\xcd\xe9|\xb2\xee\
\x92nz\xce\x06\xc8!\xe8\x88\xa0\xa9\xba:\x92\x13P\
\xa6\x7fF\xe9~:\x87\xbbd\x1c\x89\x8eE\xb4\x98\xa2\
\xac&\x86\xeaC#\xca\xf4\x1c<\x16L\x80\x18\xdfT\
)\xf3L3\x0c4\x88\x96\x82\xd3K\xfa\xd3\xec$\xe8\
&!BS\x92\xca\xd2\xc1\x06\x9c(\x01\xb1\x03\xd3\xf5\
k\xb2\x8b\x17\x92>#\x95=\x92h\xc6\xe4\x18\xc9\xce\
\xb3\x1a\x88L\x9f\x93_\xd7NZdI\xb6\x91d#\
q\xd0\x84\x0a[\x08\xdd\x09\xc8\xe2\x06\xd8\xb9>T\xeb\
\xfb\xf0\xbd\xf7\x1dF\xfek\x15D\xe1\x0cJ\xe5>|\
\xeb\x97\x7f\x17\x7f\xbdj\x0b\xaa\xa1\xcf\xdd\x08\x9d\xfak\
'\xb8\x98\xb40\xc1)\xdd7\x90\xb4\xe2\x92\xbd\x04:\
\xca\xeaw\x9e*\x1e\xeb\xfa=\xe9\xc5\xa7:\x08\xae\x0b\
\xcc\xcfC4\x1b\x10a\xc8\x8e\xa0\x13\x0ao\x9c=\x8d\
\x9b\x1f\xff\x0ej\xc3\xfb1\x15K\xd4\xb2\x05`\x8b\x81\
\xd5//b\xd5\xd6!\x0cn\xbb\x1c\xe5\x0e\x01n\x13\
\xa5Y\x19g\x00K\xc1\xbc\xa4\xa9\xca\x0e;\xc1\x04\xc4\
\x12\xaabrn\xb9\xadh\x01\xcd*ph\xc7#\xd8\
\xf1\x0fG0\xfb\xfd\x06\xc4\x84O\xc3\xa2\xe8+wb\
z\xcb5\xf8\xf3\x9b\xde\x80#\xab\x87`\xd6*\xac\x97\
\xc0\x03T\xb6\x05\x95\xb1\x91\xb7\x0du\xc1\xaa>AH\
\xcd\xecc\x8f}\xfc\xe0[n\xfe\x8d$Z%w\xd1\
\xf3\xe70\x9f\x0fc\xbe\x0f\xf4[\xbf\x81\x05\xf5k\xc7\
\x10\xc5\xed\x0a\xe2t\xb7\xc4\x96\x9f7\xb0ru\x06\x01\
yv?\x80\xe1\xe4\x13\x03\xd5\xc4\x1a6\x5c\xe6}$\
\xc0\x18GO\x1d\x95\x95\xf0\x11G\xcd\x84\x00\xd4b\xbe\
:\xb7\x9e\x08;\x10\x04\xe2\x9dA\xa8\xe89\xa5\xe9h\
\xa3W\xde\x924\x5c\xa7\x8f\x5cV\xa4\xb5l\xc2\xe8[\
\x04\xfc\xd89\xd0c\x92^1\xa5\xe1\xc9B\xbeT\x0b\
oq\xe4\x98\xb2\x0fF)\x97\x92a\xe8\xcf`\xf1}\
(\xa2\x042\xd1%iIq\xa9\xa1\x85\x01\xa8\xcb@\
\x00\xa2>\x01\xf4\xf9\xe9\xb14\xb3\x10@\xc5)&\x90\
\x0c%10G\x1b\x86\x96pw\x17}U\xfa\x1cT\
>i\xa7 \xad\x0eD\x0b\x07\x11X=(\x15\xcbX\
uK\x1e'\x7f0\x8d\x8ei\xa05?\x8e\xad\x07\x9e\
\x86\x5c\xbb\x15\x11)\x85\xe8a\xcaE\x95`\xdd\xeb\xd7\
JD\x9a\xcfC4jn\x8c\x9e\x99`L\x86\x98\xd8\
\x01$\x99AJ\x16\xd2<\x9e\x840E\xc0\xa8c\xb1\
\x13\x00\x89\xa6\x1a\x12\xb3\xae\x8b\xcf\xf4,\xc7\x89\x97\xbd\
\x1d\xefz\xe2\x1b8\xeb\x99\xc71\xd2\xacc\xf6\x09\x1b\
\xc7\xc7\x02Tni\xc0,\xe4P\xba\xf0J\x08\xcc\xd3\
F\xd1%\x19\xd4\x12L -=\xd8\xf9\xa5\x7fWg\
\x1e\xcb\x00\xa1\x82\xc8d1;^\xc1\xb3w\x7f\x1f{\
\xbf:\x8e\xf0\x89\x06\xf2\xbe\x89\xa2T(.\xdf\x84o\
\x5c\xfc\x0a|\xbd{\x10\xee\xa1\xa3\xb0\x84\x01o\xed\x0a\
D\x01\xe16z\x7fC\xce6pi\x7fYt\x1aq\
\x5cU\x86\x19_~\xf9\xafl\xbd\xfd\x9b\xd3\xbb\x85\xf8\
h\xa2O\xc1\x1f\x15?\xea\x0e\xe0\xd6\xe4\xb2\xdc\xdfm\
\xbc\xbe8\xe7\x7f\xe8p\x00\xa3\xcd\x11jV\xe5D\xcf\
\xbb\x1d\x5cz\xad@LD\x9ciJ\xcd\xd2T\x9b\xee\
}m\xf0\xacO\x9f\xa4\xb8\xa4\xf6J;\xf3\xac\xbc\x03\
\xe1\x901\xd3\xb2\xcdV\x92\xe2K\x18\x09\xf3L\xd7\xfb\
T*\x14u\xcb\x8cS\xd74\x12S\xa6@\x0e&\xa5\
\xf5\xd2\xdf\xc9\xa1xZZ\x9b\x0c\x95\x1f\x9a\xa6\xff\xb4\
\xdc\x83nr\x12\xdf\x22{\xa6\x8c\x80f\x01BV\xc0\
My\x84\xba\xee\xa5\xb4\x94joR\x11\xa1\x096/\
\x01\xf7\xe8]\xd1\x87#,\xa0\xc5\x06\xaeb[G{\
\x8eVUH\xca\x5c(\xa3\xa1\x11_\xfa\x1c\x928f\
\x94q\x90\xc32`\x95\xf3029\x96\x08\xd3\xe7%\
\x89\x80\x8c\x8e'\x0c:\xfa\x00!97\xfa~\xb0\x84\
\xe8B2\x5c\x04\x9a\x9a\xfc\x16\x83\xca!X]\xeb\xd0\
\xb7~\x17\x8e,kBL\xe9\x8f\xdcsl?\x06\xdd\
\x06f\x92\xd9}\xba\x06\xe9\xb2\x0f:\xe4\xe2\x84\xb2\x8e\
\xfc\xbc)\x88&\xfd\x92\xe8\xcf\x12\x84|\x8e\xe2\xc5\xdf\
g\x83Y\xa4M\xa7=z\xa2\xd7\xdaP\xdd]\x10\x99\
\x0cT\xb5\xca\x1d\x93\xb8\xd9\xc4\xb7\x8d\x0c\x8e\x5cr3\
\xde\xd9\xb5\x16\xe7\xedz\x08\xb9\xc91\xcc\xce\x18X\xd8\
i\xc3\xbe\xc5\xe0\x89\xc7X9\xe0\xe5\xeb)G\x80\xb3\
\xaa$\xb5\xe7R\x91\xaeG\x92\x99\xa5\xd9\x90X\xac\x03\
\xf4g2\x0d\xccM\xec\xc3\x9e\xbf\x9aG\xfe\x19\x13\x91\
\x88\x90\xcb\xe7Q?\xfb*|j\xf3\x15x\xc6)p\
\xa6f\xd8\x19D\xc7F8N\x98\x1b\x87\x90\x89\x22\xde\
\x03yQo\x19\xbdy\x87\x94\x8de^\x85\x8a\xc6\xb2\
\xed\xf3.\xdc\xbe\xfe\x8e\xef\x84\x87\x85\xf8x\x82\x09<\
o\xca\x01\xf3\xbf\x13\xf4\xfb\xac\xe3\xac\xcd\xf9\xfe\xc7\x8f\
\xfa\xa0q\x9c\xb8\x85\x8c\x14\xef(\xe2\xba\x9f4`e\
\x1c\xf85\x9f\xbbdf\x9e\xd2XM\xd3\xd4\xd3ut\
_\x13\xe0\x17&\xac\xac\x0c\xac\x8e,ZS\xf3h\x9d\
 \xa3\xa1.@\x90\x8c\xb4J\x1e\xe7\xa4\x0b\xafB\x9e\
!F\xe8\xd6\x11\x85d\xc0\x14\xab\xa8l\xa0\x81\x17\x13\
\x92\xa2\x07\x0f\xba\x90V\x88\xd6\xa9\x8bU\x13\x91\xca\xc3\
\x0f$\x22\x9f\x92:\x17\x92\x0c\x96\xc8C\x06\xfd\x0e}\
\x22j\xd5\x91;\xd3\x06O\x0c9\x15\x122\x9eC\xe8\
\xd7\x11z4\x85HR[$\x9de\xc0\x10\x81\x16\xe6\
\x84\xcdA\x9bZt \xf2(\x8f\xbc\xea\x91Y\xc6\xab\
\x8c\x0c\xa3\xdb\xacdh\x09\xa2;CD\x96F\xdd\xa9\
\x89\x10\x98(t\x96\xb1\xf6\xea\x8bP\xc8E\x88\x5c\x9a\
O`=\xdf$\x0d\xe7]=I\xd7\x80\xb8\x0d~R\
fP\xa9\x92\x80_T\xb2\x08*'\x14\x22o\x02\x88\
W@y-\x84\x05\x1b\x11\x08gP\xc8V*\xe8u\
\xeb\xe0\xab\xc4\x06D\x9f9q\x80IM\xc3\x86\x97`\
\x18\xb4K@\x98\x12\xa6c\xf1\x22T\x929\xa7f'\
\x97`\xd4\xbet\x03\x96/#\x96\x9e&\xf8%b\xa8\
2\x15?\x15P\xe5\x12\x04\xb5{+5\xcd\x87h4\
pPI|\xf2\x9c+\xf1\x89\xe9\x09t\x9f>\x09\xc3\
\x92p6Dh\xef\xa1\xf2\x87T\x87yJ\xe1\xcc\x8d\
\x96d'\x8b=\x89\xc5\xd2-q\x10R\xf3\x02\x16y\
\xca46\x1cx\xe8\x5cy!\xcam\x93(\xc8\xc3\xc8\
\xa9\x18Q\xcfr\xfc\xfe\xf9\xd7\xe3\x90a\xf3y\xa2}\
\x88\x11\xfd\xaea@\x9e8\xc5\xf3#\xab\xb6\x9d\x85M\
]EtfM\x96O#\x0d\x03S\x1aBF\xa1\x12\
\x8e\x9d\x8d\xce;\xef\xf7\xdb\xff\xf1N\xefI!>\xf3\
|\xca\x04\xfe;\x1c\x80\xa0~\xff\xf6[o\x95\x9b?\
\xf1;\xbf>\xbf\xa0\x96E\x86$\x8e\x9c\xac\xdfP\xc4\
+\x7f-\x83B\x9e\xa2H\x03a\xc5\x83\xb4I\x04\x22\
\x0f!\x1c]\xa7\xb3\xd7NR^\x8a\x88\xb1\x01\xab7\
\x8b\xa9\xdd\x15\x1c{d\x1c\xb1%\xe1\xd52p[\x0a\
\xa1\xa8r\x94\xa4\xf1Z\x158\x08C\x818\x0a\x11\xba\
\x02\x1e\xad\xb3&C\x0e\x93\xe1\x16.\x17\x05\x22\x9a\xf8\
\xe1\x14<\x0f\x11\x07\xa0E\xd6*\xae!v\xb3\x88\xc2\
&\x22\xdf\x04\xdc\x08\xadP\xc1\x139H\xe9\xc2\xf2\xe8\
\xb9\xf4\x87\xd3\xcb;t\x04\xb4|=\x22\x1a\x04\xbaj\
\x0f[d\x84\x01bK\x93f(\xbbP\x0d\x92\x14\xd1\
\xc6D\x1b\x83\x22\xb6\x08\x93{\xe54\x91\xa8\xa5\xb9\x22\
\xc4\x04d\x99\x0a\xcav!\xa9\x0d\x19\x1b\x08\xcc\x10\xfd\
\x17\x0bt.\xaf\xa3xA\x87\xae\xa1\xf9\xa6\xd7\x19\x84\
\x86\x19\x12`\x92\xca\x06rvi\xf4'\xe7Ir`\
\xad\x0a\x94\xdfD\xecVa\xb5\xf7\x00\x8dI\xf8\xa3\x15\
6Db\x1f\xe8v\xa5\xc1\x80!\x9c\x82\xde4\xcc:\
\xe3d\xbcz\xb2\x8f\xd5\xc5b\xc5c\xbc2g\xc1(\
fy\xe3/\xad?'\x8dA\xa2\x0d\xb3\x9c\x18\xb9J\
\x07\x10\x0e\x8d\xfa\x99\x90^\x08\xe1RGBo\x07\x8a\
ha\x09\x95\x03\xa9\xf8\x91\xe3@t[\xac:L+\
\xd5\xcc\xf9\x1a.X\x98A\xdf\xd8A\xde]H\x98P\
\xe7\xc62\x0a\xe5.\xa8\xd8;\x13\xed\xf5\x95\xd0\xc6\xcd\
\x99c\x82\xf8\xb3((i3$/\x10%\xd8C\xda\
\x84\xa1\xec(\x94\xe8\xe8\xed\xc4\x8a\x97\xafF\xeb\xb1#\
\xc8{\x80\xb30\x83\xf3[u\x1c\xed\xa0\x15\xa9D1\
79S\xa0k\x1d\x9b\x16\xfcy\x17+*\x15l\x1c\
\xea\xc2\x9c\x1f\xa1@\xa5\x1b\x14\x5cr8\xa4X\x1a\x05\
\xca\xb4-\xbb\xb9e\xdb\xc7\xcf\xbf\xfd[\xc6N!\xfe\
\x94IB\xcf\x83L\xc0\xfc\xefJ\xfd\xff\xe2\x8e?X\
\xee\xbb\xd1\xcb\xe6\x15%\xdf\x12\xd3\x17\x15p\xdd\xad\x0a\
\x9dmtc\xc5\xf0\x89]\x85&,\xea\xb7\xb3\xd1'\
C\x19\x94BS\xdaJ\xfdl\xdaK\x9f\xc9\x02A\x03\
Gw\xcf\xe0\x9bw\xc4\xb0\x17\x04D\xab\xc1\x0b;8\
\xc5\xa6\xda\x9b1/\xba\xe1cN\xa3u\x19\xbaD\x9d\
69R\xd5\x1b\x8d\xfc\xb3p}\xf2\x13\x12\xa0 \xc6\
;\x1d\xc4$K!\xc2Z\xf2s\xfa\xad\xb4\xbc\xd7\xbf\
\xa3\xe17\xd2\xe5=\xc3\xe9O\x12\xfe\xe4\xd1\x89\xe3\xe1\
\x8b@Q[c\x02\x1a\x9e\x8b~hvT\xffDo\
\xd8\xd1\xc9\xaa\xd6\xfb\xcd\x22\x0f\x7fU\x0b\x86\xa8\x01\xb2\
3\xc1-\x88\xb5\x96\x94G\xdc{\xd3\x06\x9f\x82\x8e1\
u\x0f\xc2\x16TH1\x99(\xc7\x02f\x9b\x0d\x99[\
\x8e\xc8k\xc3\xf8\x13\xcf\xe2\xe4\x09\x85\xe8\xb8\xde\xe3\xc7\
\x9f\x9e\xd2b\xd3J\x0cl\x89\x0a1\xfb\x01\x1d=%\
E\xf6\x9c\x0d\xd5\x9eGH\xb3\x16^\x80\xba\xeb\xc3\x0d\
c\xc8P\x9f\xb3&s\x09\x84\xce\xcc,\x03\xca6\xf5\
\xe2\x93\x96\xc7JH\x1c\xc1\xd3E&t\x10\xb0*\x05\
\xccR\x91\x0d\xcd62\xb8d\xe7!\x18\xb3\xd3,I\
Vm\xabc\xf9\xdaA\x98f\x09*h$\x1b\x96\x97\
\x94@\x8b\x9c\xe4d\x8a\x902\xab\xd4\x19\xe8\xba\x12)\
\x8eC)\x17S\x9ay\xc2\xd0\xc3\xd05C\xd8\xb5*\
\x07y\xd0\x85\xaaO\xe1\xd2\xe9a\xdc\xdd\xbb\x02\x15\xca\
\xf6l\xdd\x22\xa6\xfbP\xb4\xb7!\xea(\xe1\xf1i\x0f\
\xd9='p\xde\x96\x95h@\xb0\xac\x1b\xcd\x91\xf05\
\x8d\x85\x10\xec\x04l;<\xf7\xdc?\xda\xfc\x85\xbf3\
\x84\x10\x7fBk\xcc\xef\xd0J\xd5?:\x0e`sr\
YV\x8d\xf9\x97U=\xf4\x90m\xd7\x8aR\xae~k\
\x80\xa1u\x0e\xe2H\x22\x98\x9aG\xe4\x85\xec\xe1\xa9w\
\xaf\xfb\xd9\xacN\x9f \xf7\x11#\xfe*\xa4\x08\xed \
h\xc481\x16#\xdeE+\xa6\xf4\xa4\x9f\xad\xc5\xba\
RQ*6\xc6t\xb0\xc6H6\xec0(\x95P\xdb\
\x17\xebY\xfa_\x22\xbdM\x876\xec\xb4\xde\xd5\xceA\
;\x09M\x19\xd1\x14\xa2tc\x9f~&R\x14H\xc9\
A\xfc\xdaK\xb0\xb0\xf4\xa0j\x83\x92\x0d\x84&<\xc7\
\x80\x91\x0b\x11\xd7\x04\xf2\x01e\xfb\x92\xd7\x8f\xf1\x18l\
\xc2C\xa0\x0c\x83!4F\x9c\xb9\x07\x00_\x02\x1d\xfd\
\x11J=DP\xa4\x81\x192j\xea\x80\xe8R)\x0d\
0<\xc2K\x91/t\x11\xfb.\xa4m\xc0\xeal\xe7\
\x01\x9e\xa8\xd6D\xfd\xd4\x1c\x9a\xc7\xc7Q=\xdd\xc2\xe1\
*p\xfc\x9b\x0e:&\xebl\x1bN\xac\xb0`g\xd0\
\x94\xb6V\x22b'\x93\xec0L\xf84\x06\x19\xaf)\
\x11\x972\x88h\xba\xaf\xd2@\xad\x96h\x0f&\x06\xad\
e\xcbu\x9b\x90]\x11\xb5n\xc9@(\x9aR\xf8\xb7\
\x0c\xc0\x0b8\x93\xe0\x12=\x99A\xd0\x97C@d\x1d\
\xac\xccg\xb0\xf9\x81a\xf8>\x11\xael\xf8\x9b\x14z\
Vv30Ie\x0b\x83\xc4\xfcbI\x99\xc2\x1f\x9f\
\xca3\xca\xf4\x922-\xd9\xa3\xc8\xb2m|\xa4d\x8f\
\x84mI\xadU\xdfG\xcf\xeaN\x98\xe7,\x83:2\
\x87\xd0\x14\xd80v\x00k7]\x86\x1d\xc48\xa5\xeb\
\x90\xcfAt\xb6Cf\x09\xb3Qh\x9a\x06\xee\x1do\
\x22\x8e\x87q\xf9\xb9\xab1+M\x84a\xc4\x92@t\
\xb2\x22\xd3\x10^\xe4\xabB>k\xa9\xcb.\xfbC\xf9\
\x17_8u\x87\x10w\xfcw;\x81\xffr\x07@J\
\xaa\xf4g\xb6em\xf5\x95'\x0d!\x22w\x994V\
n#F[\x09\xdet\x0ba\xd3\x87] Z\xab\x93\
\xb4\xfa\xd2\x0c\x80\xae%\xa5pt\xf7i\x84\x9eR\xc6\
\xdat\x80\xd6>\x07\x83\xb1\x8b\x8c\x99\xa4\xa3\x8c\x1d\x9e\
Y\xb0\x91,\xcbZ<4S \x01\x8a\xcf|\x93\xd4\
\x9d\x16\xd7P\xd3\x91\x0c\x13\xa6?NF\x7fS\x83N\
\xb3\x88t\xc1\xf6\x99\xd5\x9d\xa9\xc3\xd0\xff?\xb3[\x8f\
\x0f\x03\xb0l\x81f$!\xde\xb4\x0c\x1b_\xba\x12\x85\
\x82\x87\xa9\x11\x03S\xf7\x9c\x82w\xdf\x04\xca4\x0a\xc9\
z7g\x80\xea\xa5Y\x03\xfd\xa4\x9a\xaf\xa3}\xb9\x8d\
b\xb1\x86\xc8\xcf&\x11:\xed\xad\x10\x8e\xa0K%V\
!\xf2]\x18\x8e\x01\xa7\xaf\x808\xb2\xe0\x8fW\xd18\
:\x89\xc9\x91:\xe6\xe7\xe6Pm\x1a\x98\x9c\x0d0v\
?`\x1d\x09\x18\x0e\xa5\xd7\xcdC`w\xb9\x0f\xa7\xc2\
\x80\xd3^\xdd\xcdK\xday<A\x19\xc3\xa0,\xab\x90\
\xe3iMUmB4\x5c\xeeB\xc4\x5cN%g\x81\
\xd9\x8f\xc9\xb0\x07_\xce\x04\x0f \x8c\x83\xae\x059\x10\
\x1ax\xa2\xd2'\xe1\xf8k1\x0f]b\x10v\xb2\xca\
m\xa1kt\x18\xbe\x13#\xcc\x99(\x9c\xadP\xee\x18\
X$\xefpd_\xd4\xefL%\xd3=v\x8e\xc4\xff\
\x90T*\x906$\xa9=qG\xc5H\xb8\x16\x09}\
\x9aJL:\xc7A\x0b\xc5B\x11]\x97\x9f\x85\xea\xd7\
\x9fC6\xb4\xd1=q\x1c[\xebU<5\xb0\x1cV\
)\x8b\xa8\x5c\xd28\x0c}\x06*\x1d\xa3\x18\x9ei\xe0\
\xee\x89&\xfc\x9d'p\xe5yC0-\x13\x0b\xe4\x1c\
\xa5d\xd5\xa4\x90T\x84\x82 \xee*\x16\xad\xccUW\
\x7f\xd2\xfa\xd8g\xaaw\x08\xf1\xbdE\xf5\xea\x1f\x01\x07\
\xc0\xb8,}\xe0z\xd6\xde\xc4%\x18\xd5B\x19\xc9\x0b\
'\xd0\x9c\x83\xdfh\xc2\xca\x16\x12\xaa\xadn\x9f1\xfd\
\x96\x1d\x00E\x1f\xfa\xbb\xdeWC\x1ap\x90-L\x9d\
j\x22\x18\xf7\xd0N\xe2\x92\x94E\xeaL5\xb1\x14\x9d\
v/\x9dg\xc3\x92t<5K6\xeeD\x0a[\xbf\
p\x8a\xe3/\xe9$\x13\xe1-)\x19\xf5\xac\xbe\x1eC\
\xd5u!Ef\x8bSaA\x80#\xcd\xee[6\x5c\
\xa2\x12\xfb\xba\xb7\xcf\xbc Z\x8b\x9d3\xd1\xb4L\x14\
\x7f\xbe\x07\xd7\xbe\x7f\x15\x8a\xd4\xd7\xa6I=\xe4\xb0p\
K\x11\xcf=4\x88\xa3\x9f<\x81\xec\xc3\xe3\xb0H\xed\
\x86j\xeb%\x8e\x84\x09\xcd\x84\xb2\xcb\x0c\xb2\xcb\xb2@\
.\x07x\x94%\xd5\x99\xe6\xccX\x09\xbd\xa7\xa0\x85\xc8\
\xab\xb1T\xb9\xd3\xd5\x86(\xb4P=0\x85\xd9\x83#\
\x98>)qrTbr\xb2\x85\xd6\xa4@k\xd8\x80\
7\x11 \x8b\x08\x83B\xa0(H@E\xc0.\xb6\xe1\
\xd1\xbeUhz.#\xf3:\x0bH\xeal\x8a\xf6\xc4\
\xe7\xcfX,\xa7\x157\x5c\xc4M\x8fi\xc1\xbaCr\
FH\x90\xa2\xb8\xe6K$n3\xc9\x0c\xd2s\x1b\x85\
\x9aRM\xad\xdb\x14\xc6\x5cl\xba\xd054m\xac\x9f\
9\x0ekl\x02\x81\x91\x81\xdf\xe9\xa2ms'2\xd9\
N(UO\x5c<\xbd&}\xf6\x84\x8f\xccs\x0fU\
\x18\xb9\x02+'\xcf\xef~\x14\x85\x81vX\xedC\xbc\
_P\xa4\xe3\xe0\xac}\x96\xf2.\xb4\xa4;)7\xf5\
^\xdc\x8b\xd9\x95\x05\xe4F\x9b\x88fB\x5c<?\x8a\
\xafl\xdb\xc6\x95\x86\x1bG\xc9\x90\x94\xbe\xb38c\xa4\
\xee\x8fe\xe2\x89\xa9\x16\x8c\x1dGq\xf5\x85C\x5c\xe6\
\xcc\x10x\x9c|N\x87&\xd1<7\xee\xeeh\xebS\
\xd7\xbd\xf8sg\xff\xdao\xbd\xf49!\x9e\xfb\xefr\
\x02\xff=m\xc0\xbf\xfc\x19\xc3\x0b\xa22\x9d/\xfa\xc4\
\x8dj\x84\xfa\xac\x0f,\xd3\xe0\x17\xb5\xea\x98\xde\x99\xb2\
\xca\x12\x86\x9d\xbey\x08\xc8\xa2t\xd7\xe4\xb1L\xaf\x99\
\xc1\xd4\x89\x00j\xd2\xd3\xac\xfe\xc4~\xe9\x84\xe7 \x90\
)\xb7C\x19y\xbd\xbb\x9e\x00\x9b\xac\x0d\x17\xc4h#\
&\x1b\xd1\x7fI\xbf?\x1d\xe9\x15,\xc7\x15I\x0b\xbe\
\xd0:|\x91\x99E\xcb2\xe1\x19\x16\xa7\xacT\x8a\x90\
9\x12\xb2M7@\xa8\x92\xdf\x81B\x8b\xb4\x0bx`\
\x88Zw\x12E\xc7\xc6\xb6\xc9\x03\xe8;\xba\x1f~\xe2\
PH\xda\xab\x96\x11\xc8\xbd\xa7\x0b/y_\x07\x1b\x5c\
0=\xc9\xa3\xcaF\xa1\x80r\xb9\x17W\xbc\xcc\xc1\x9a\
s\x8b\xb8\xf7c\xddp\xbft\x14\xc5\xc8C\x90\xe0\x17\
)\xe9\xce\xe4y\x97\x00\xe5\xee\x22 \xcb\xe9Tk\x82\
v{\x88H\x14$\x0a`\x96\xf3L\x0eZ84\x8b\
S\x07\xe60|x\x16#\xfb\x81\xe9]\x11\xbc\x93z\
\xa9\x06\xbd{\x13.\x8a\x02\xe8\x87D\x1b=\x8bTX\
U\xcc\xe1\xd1\xb3.\xc6\x0f\xf2mz\x11I:F\xcb\
)}\xd2b\xa3~\x88e\xb2\x92\x91\xf2\x88\xd3\xa0\xf1\
\x86Ei\x15z|B\x0aZd\x03\xa6}\xff%\xac\
az\x04+\x0e\xa7\xcf\x9f\x12vH>\x8c\x16\x85\x1a\
\x066?\xb7\x0b~m\x0a\xd2\xb1\x10\x0eY\xe8\x5c\xbf\
\x0e\xc2.BE\xb3z\xbe\x83\x1d\x8c\xae\xf9y\xf8)\
ra\x16\x8b\x08D\x1b\x0e\xdd\xf5 \x86\x9fx\x0eC\
\xe7m\xc0\x9a\xeb\xce\x82\x9d7\xa1\x1a5>\xefzD\
\x92\xb2\x00z'\x94\xd5\x04\xccN\xecY\x9f\xc3\xde\x8b\
\xd6@M\x9e\x80[_\xc0\xba\xc9\xe3\x18\x82\xc2\x11\x06\
B\xd3a\x22]\x02\xeaa\xad\x18n\xa08\x13\xf8\xfe\
\xac\x0b\xf5\xf4q\x5cq\xe1Z4\x0d\x03aH\xea\xc6\
:\x7f\x8cmK\x06\xadV\x5c\x1a\x1c\x1c\x8co\xbe\xf9\
\xf3\xee\xdeC\xaf9\x22\xe5)^b\xf3_\xbc\x8d\xe8\
\xbf\xdc\x01p\xc4\x17\x22\x10\xf9\x8eF\xdc\x9c\x87\xb0\x15\
\xa2Y\x03'\x9e\xb5\xb0\xfe\x02\x0b\x06\x89\xa8\xf0\x1c}\
\xa2\xe5\x9eN\xb7q\xe6\xa9a)\xaag\xe9\x22\xc9L\
\x06\xf3c5\x8c\x1f\xad\xc2\x99\xd6j\xaeZ\xca\x93\x8c\
\x1f\xa8,\xdb\x8c?\xdfp)\xa6X\xb8\x8e\x9au4\
Wo\xb0\xee<m\x92\xa1\x8e\x1bU\x82.\x1b1\xbf\
7\xce\x22\x19\xc4\xe2p/\xd0\xe2>~r\xb7\xa6r\
\xb8\xdcBJ\xf8\xf0I\x0c\xa3\x94\xb9\xd7\xf7\xd0\x17G\
\x18j\xd5\xb1\xae1\x87\xb5\xa7\x0e\xa085\x0c\x8f\x0c\
\xd7\x14pL\x0b\x0bE\x0b\xf9w\xb7\xe1\xa5\xef\xebD\
\xd6,!\xa8\xd4y\xd6\x9d\xa6\xf4H\x8f\xc0l\xeb\x01\
\x9c\x1e\xf4w\xcf\xe2\x95\x1fZ\x8d{\xbalT?\xb5\
\x0f\xc5\x05\x8f\xb7\xe5pRO\xedr\xfa,\xa6\xd4B\
9|\xbe\xe8\xa7\x11\x22\x7fA\xab\xedfL\xad=0\
\xd2\xc0\xc4\xee)\xec?\xb8\x80C\xbb[XxL\x01\
\xf3\x01\x9f\xab\xb2i\xa0\xa0bd\x85\xc1\xcb8\xf2\x91\
@^(\xe4H7\xb1T\xc0\xa3\xdb\xae\xc6\xef/;\
\x17\x0d\x12\xbfp(CI\xc6\x19H\x007YK\x96\
\x22\xfc<\xab\x9f8\x09:=$\xa2B\x19\x02\x99\x06\
-\x0c]\x5ccN\x8f\x8bHpT\xf19\xf6\xa9~\
OZ\x84|\x8d\x13`\x81\xc6\x86\xb9\xa3\x12\x91\xe3\x03\
Vz.V\x1f\xdf\xc5\xfa\x80B\xe6!6\x99\xe8\xe9\
\xeb\xe1\xe61w6X\x16.\x99\x08\xa4v'<\x18\
\x1d=\xa8W<\xec\xfe\xe6\xbd\xd8\xfb\x9dSh\x0c\xdb\
\x98Y\x18Fh\xde\x8f\x15\xe7^\x8aro\x09\xca[\
\x80\x8a\x88\xc0\x95L\x86\xa6\xa8Q\xe8\xa1X*\xa0|\
\xf1\x0aDw\x0ds\x92P\x98\x1a\xc3r\xbf\x85\xc3\x8e\
\x03'\x888\x8b[|\xefi;\x93\xbb&\xe4\xb5\x0c\
<5\xed\x02O\x1f\xc1%\xe7\xaf\xd1\xea\xcb1I\xa0\
\xd3\xa6%\x16\x1e\x91\x8e\xdb\x8a\xca\xab\xd6\x5c\xd0\xf7\x81\
_\xfe\xf8\x91\xef\xde\xf1\x0eu\xdbm\x0d\xb1\xfd\xb63\
\xf5\xee\xff:\x07p+\xc9z\x8a8\xfb\xc1\xbf~\xf5\
\xb1\x9d\xf7]\xb4\xfc\xce\xbf\xa6rLd\xab\x01\x8e<\
\xdc\xc4U7\x15\x90mk\x87;[G$\xe7 \x8d\
rB\xcd\xa5\xf4;\x95\xd4\xa2\x91V\x8a~E\x04\x91\
\xc0\xe4\xa8\x87\xf9=\x02\xd9\x96\xb6\xc9d\x01\x14,+\
\x83\xc7\x06\xd7\xe1I*%x\xe461Z\xee\xbf\x13\
*\x9c\xbc\xa7\x94\xad\x97RX\x93\xd5\xdc\x998\x86\x1d\
\x00E\x1a,R\x0a9bz\x92\xde\x9c\x8a\xd1E\x1a\
}Q\x88\x1e\xdfC\xb77\x8f\xf6\x96\x8b.\xb7\x89\x82\
[G\xce\xabs\xda\xd9D\xc4=\x02\x97\xa2\xb5C\x19\
\x87\xc0\xdc\x86\x22V\xbdo\x1d^\xfc\xca\x22,\xd3B\
\xd0$\xb5\x1bz\xe3\xd4\xdb'\xae\xce\x02\xc2\xf1YX\
\xe5:T\xc7Y(\xabi\xbc\xf2\xfd}\xb8\xa7$1\
\xf7\xfb\x87Q\x98\xaf#T\xa4z\xa4\xe3\xab\xd5\x9bA\
\xaeP\x03\xe2y \xa4\xf1\xe8\x06\xa4\x19\xc1\xe9\xeb\x81\
;\x1f`\xe6\xbe\x138\xbag\x06{v(\xcc>\xae\
\x10\xcf\xfb\xa4\xa7\x8b\xa2!Q\x84\x89|\x18\xa2`J\
\x14\xe3\x90\x18\x180\x0by\x84\xc56\x8c\xf6\xaf\xc5\xa7\
W\x9f\x83\xaf\xb7\xf7\xc3\x0dC\x88l\x16\xc8\x10\xc1J\
\xa3\xf4|\x0a)\x0fb\xcd\xc3d9\xc9bwC\xbb\
DR\xd7%RV^I\xacn6\xd0\xe96\xf9}\
\x07\xb6\x8d\x8a\x9d\xc5\xb8\x9d\xc5l\xec#\x22\xee>\xf9\
\x0a\x02.\x13\x09/\xca\x18\x887\xa1\xd3\xf8\x18-\xcb\
\xc2YsS\xe8:v\x18\x0b\xf4z\x03.\x8a\xe7\xb4\
!_\xb0\xa1\x22\xfa\xfctoP\xcb\x94\xca\x9e\x00F\
F@\x14{1}x\x0aO\xfe\xfd\xfd8y\xd7\x14\
\xac\xa3\x06\xe2\x96\x87\xb1\x09\x07\xbe\xb7\x17\x95\xc6\x18\xd6\
\x9cu#\xfa6vC\x1as\xba$0iX,\x19\
\xdb\xa6qe\x84\xe8;\xbf\x03\xc7\xfb\x1d8\x15\xc0>\
}\x18\xe7\xd7N\xe1\x9e\xfes\x11\xcfVx\x9f#q\
\x02\xd2\x01\xa8t\xb1+\xdd\xa7a\xa40k\x99\xb8\x7f\
\xc6C\xe6\xd9\x138\xe7\xdc!T\xa4\xe4sF\x004\
\xaf>#\xb1z\xb7\x11u\xae_\x7f\xf3\xf9\xdf\xbc\xfb\
\xa8\x10\xe27nUJn_\x0a \xfd\xafq\x00\xc9\
J\xee\xfe_\xfa\xf0\xb9\x13]m\x7f\xf6\xc4\xea\xcd]\
\xab\xf3m\xaa\xd9\xaa\x88\x92\x0ap\xf8i\x85g\xef\xcb\
\xe0\xd2[\x08\xd57\x11\xd1>\xb7\xac\x9ev\xd34Z\
G\x930\xa8\x95\xe3K\x98}\x19L\x1e\x8dqb\x7f\
\x00wg\x8c\xd2\x92\xc5\x94d\x1c\x0d?\xc05\xc7\xf6\
`s\xfb$*\x99<\xaa\xd2\xc2\x1c-\xfbd\xe5^\
\x9dbR\xf2\x9b\xf1B\xe4e\x80B\x14\xc0\x89}\xd2\
yD[\x1c\xa0\xe4\x06DJ\x83\x19D0\xfd\x06L\
\xb7\x05\x93x\x01Q\x00\x83HD^\x03a\x5cGL\
2\xd2I\x83\xb2\x02`:A\xf8y\xe2 !\x06-\
\x14,\xe4^\xb9\x0cW\xfcL\x0f\xce:\x9b\xea}\x83\
w\x04\xa8\xda\x9c\xa6\xd1\x9aD\xc6!\xf1\x0f\x0bQP\
\x837w\x1c\x16y\xc6\x9e\xcdp\xbc\x05\x5c\xffS\x12\
w\xf9-4\xfe`/\x9cF*M'H\x8d\x1a\xb6\
G\x86\x13\xc2(\x127 \x0ba\xf8\x98\xd95\x8a\xd1\
\xbd5\xec\xdb\xe3\xe3\xc8\xdd\x01\xd41j\x19\x02\x9dR\
\xa2\x1c\x03\xc5(F\x89\x16\x81uu\xa2\xda\xbb\x12{\
\xdbW\xe0h\xb9\x8c\xd3\xb9\x12\x8e\x16;p\xd2\xc9c\
\x9a\xa2)\xe9\xef\xd3\xc9$R\x0e\xa1\xf7\x89\xe2\x8e.\
\x01R\x0e\xbd\x06\xf3xZ2\xc1P\x08\xc4k3\x1d\
\x5c?r\x02/}\xe2\x1e\xac\x18>\x0c\xe1\xcd\x01u\
\x09Y*\xa0Yj\xc3\xa9\xb36\xe1\xf1\xb3\xce\xc7C\
\xfd\xabq@\x180\xfc\x16\x1bG\xc8CLt\xee\x92\
\xceG\x1c#o\xd98\xfb\xd8~Ds\x15\xc6\x1a\x9a\
\xed\x06\x96m,3\x01,\xa2\xad\xce\xe9L\x07\xc9\xc6\
\x17l\xf8Q\x16'\xbfw\x00O}\xe3i\xcc\xdc\xdf\
\x84\x1cS\xa8G\x11\xf2J\xc0\x9a\x090\xf7e\x1f\xbb\
FB4^u/\xaa\xd5\xb5X\xbei+\xf2\xa5\x18\
q\x8b\xa6.5c\x90\xed\xcf\x0f\xd0\xb3\xb6\x13GW\
\x16\x81\x03\x13\xf0j\x0dl\x1d=\x86\xbe\xf3/\xc7\xb8\
) \xea.d\xddEH\x98G\x9a@$\x19!w\
4U\x04\xd74\xf1\xe0d\x13\xd83\x8cs\xb7\xad\xc2\
B\xb2\x99\x88\xd9\x93L\x02\x8dd.\x08\xe2\x8e\xb3\xcf\
\xfe\xe5s?\xf7\xb7\xfb\xb7\x0b\xf1%\xed\x04\xc4\xff\x22\
\x07@\xb5\xcd\x87e\xbc\xec\xe5?38\xb5\xe9\xa2\xbf\
\x88c\xf4?\xd4\xde\x15_w\xd66\x99}\xfaA^\
\x84\xd3>\x19\xe2\xae/,`\xf9J\x81e\x17\x17\xd0\
\x9a\xa2\x0d/-\x08\x93\x86]H\x0f\xd0\xd3;%\xfc\
,\x9c6\x1b\x8dz\x8c\xe9\xe3\x1eN=\xe0\xc2\x9eO\
\xa4\xa8S\x1d}I\xb5y\x04k\xf2\x18\xd6N\x1e\x03\
U\x15z&\x9ej~\xbaQ\x0d\xae\xd9isn\x94\
,\x8dL\x85=R\xb6\x01%\xc9aFr\x8d\x1fP\
}\xcb%I\x8a\xfek\x88\x8a{\xf8\x5c\xb1$\x94c\
\x902\xad\x82a\xb8\xf0\x8b\x0e\xa2\xa1\x12\x0a/*\xe0\
\xbc\x97ta\xd3\x05\x1d\xc8\xda\xba\x1dE\x88|\xdc\xa4\
mz6\x0c\x9b\xe6\x13\x12\xbe\x82\xb4ae\xbb \xad\
\x00Qs\x0a\x98\x0ca\xf5l\x83\xe3\xc6\xb8\xf6\x1d\xc0\
wN\xf5 \xf8\xeb\x1a\xd0j\x12\xbf\x11\xad\x19\x81\xe1\
\x91v\xb4\x99Md\xd6\x01Q\xb5\x82\xc9}s8\xb0\
\xcf\xc4\xc1\xe7\x0cL\xdf\xeb\x22\xdf\x8aP\xb6$:c\
\x03\xdd1P\xb6sp;\xdb\xb0k\xed\xd9\xf8\xfe\x8a\
\xcdx:[\xc68#\xe1\x8bMs\x90\xf65aU\
1}8'\x0f\xd5\xd1qf\x0dy\x9a\xf2\x12\x16\x92\
 \xf5\x8a\xb7\x19\x91\x94\xb9.\x0d\x86\x0c\x13\x1f\xbc\xe7\
\xefq\xd6=_A}z\x16-\xae\xc0\xc8\x05\xb9\x88\
'\xa8\x8d*\xb0\xe2\xe9\x870\xd4Y\xc0+7\x5c\x8a\
\xa7\xaez\x05\xbe\xb9f\x13Fx%\x83\x8b\xba\xa2\xfd\
\x07:\x12S9\xb6\xda\x10Xwt\x0f<\xd1b\xad\
\x87x\xb3\x81\xbe\x95\xed\x1a\xcd'\xf2\x0e\xb5\x87\x8d\x00\
2W@u\xaa\x89\xbdw?\x83}_;\x88\xda\x13\
\x11\xcc\x86.C\x06\x0d\xa0\x10\x11\x17\x01\x98\x0a\x80\xda\
\xbd\x11\x9e\x1b\x9f\xc4\xc2-\xd3p\xab\xb3X\xb1\xe9*\
t\xac\xec\x80r+\xba3A\x91\xdc[@[[\x06\
\xf9\x0b:\x11>p\x0c^\xa0\xb0\xfc\xc8^,\xf3]\
\x8c\x928jw\x092\xe7\xc0\x9e^\xd0\xf7\x12i\xb8\
%\xd9\x11\xd3\x0d\xc8I\x06!\xa6\x0d\x03\xdf=UE\
\xd1\x1e\xc5\xdaM+0\x1b\xd2\xa3\xa9\x04\xa2@d\x08\
;\x8aT\x17\xb5\x07/\xbe\xe4c\xab?\xf8\xbb\x87\xb6\
\x0b\xb1\xe3\xbf\x0a\x0f\xf8\xafp\x00\x02\xb7\xdd\xa6n\xdc\
\xbe\xddy\xe4U\xaf\xfcCQ*_h\xcdN\xc7\x93\
\x19[>\xbc\xe52\xbcz\xff\xd3\xa8\xb9\x0d\xf4\x0b\x81\
\xc9=1\xbe\xfe\x97>\xde\x9c\x91h\xdbZBX-\
 \xa8/ \x22\xf6\x1cED\x95A\xb6\xdd\x005\xcb\
O=\xdc\xc2\xc1}1\x1a\x8f\x00\xfdKf]\xc8o\
6#\xdd\x94#C&\xa1M\xee\x0a0\x94\x14B\x84\
\xc4\x07\xa0\x9bf\xe9\x0e<=.\xaa\xf1\xe7D\x1e\x8a\
\x1e\x9b\x10\xeb\xf4\x87H\xc8c|\xd6b^\xa3\x15\x97\
\x15\x9aY\x07V\xc9\x01\x0a\x0a\xaa\xcdA~y\x09\xc5\
U\x0e\xda\xd6g\xd1\xb71\x87\x81\xe5\x8e\x96\x14\xf3B\
\x84\x9e\xcbm(b\x9b1+\xcd\xc8\x9e\xe9\xab\x93\x92\
\x10G\x1e\x09\xc3\xa2\x8c@!lM\x03S;av\
oC1\xea\xc1\xe5?\xe3\xe1{O\x03\xa5\xa7\x1a\xfc\
\x9c\xe6\xa8\x8fG\xefn \xba\xc1C\xefH\x05\xa7O\
/`\xefs&\xa6\x1e\xcb\xc0\x1c\xaf\xa1\xdb\x08\xd1-\
\xc9\xf8c\xb4\x99\x0a\xb5\x15\x9bq\xf7\xbas\xf1\xdd\xfe\
!\xec\xb4\xf3\x88\xb87\xaeU\x87\x99\x16\x9dh\xfbQ\
vD7\xaf$\x8f\xdb\xd3\x0d\xe4\xb2\xba\xe5\x99J\x83\
%\x80]z^\xc8\x10\x89\xdeKx@\x8f\x95\xc5o\
=\xf8M\xac\xfa\xc6\x9fc4\x0e\x91\xb7M4\xd7w\
 \xdc\x92C\xdc\xac\xc1\x9e4 N\x09DS5\x88\
\xd9yd\x1f\xbb\x13/\xdb\xf7\x08.\xba\xf8z\xdcu\
\xcdMx\xb0\x7f5\xf6\x91\x1e\xa1\xd7\x82M\x98\x82e\
c}m\x0e}\xfb\xf7\xc1\x8d\x05|a\xa2|Q\x07\
\x0a\xf9v\xd6{$K3l\x13\xb1\xd5\x8e\x89C\xd3\
\xd8\xf9\xfd\x1d8\xf4\xf5y\xc8\x1d1\x0c\x15\xc1\x94\x0a\
\x83\x8b\x11W\xa0\x18\x0b\xe4\xa5\xc0i+\xc2\xec\x81\x18\
#\x9f2P{\xf50*\xb5\xef`\xa8~=\x06\xcf\
Z\x06#\x1eC\xdc\xd2A\xc1\x901\xfa\xae^\x8e\xb1\
\xbf~\x0e\xd6h\x03\xf6\xc9\xa3X=7\x83\xc7\xfa\x06\
\xb5\x00L9\x87R\xc6A}r\x1e\xae\x17@\xd9z\
\xcc[7\x89\x93\xf1\xf10F\xd34\xf1\xbd\x93\xb3\xb0\
M\x03\x03\x1b\x96q{\x90\xb8*>ws\xa4\x8c\x5c\
7\xce\xf7t\xf7.{\xd5\xcb?\x13<\xf3\xeck\xc6\
>\xfc\xe1\xff\x12P\xf0?{\x1cxqIg\xeeO\
\xbf\xf6\x9bn\xef\xc0G\xe2V#\x96Q,\xe2\xa9\x19\
\xd15\xb7\x80\x0f\xde\xffu\xb4\xed\xf8\x01\xa7\x90\xb4\xc6\
\xe1PW\x16\xdb^\x9f\xc5\x8bn\x04z6:\xb0\xda\
,M\xd1\x0c\x02&]\xc4\x91\x89\x91\xc7\x5c\xec=\xe2\
\xe3\x99\xcf\xd4\xd0~2@7\x01J9\x89\x88\xfa\xdb\
/\xea\xc0\xca\xd7\x150w\xaa\x85`L\xc2hy\xa8\
N/@D\x19H\x95\x81\xd5j\x22\x9cR\x88\xaa@\
d\x87\x10V\x16f\xd1\xa4\xc5s\xc4\xc9\x81\xc8\x16P\
\xe8\x13\x10\xb9\x90w\x09\xc0\xce\xa1\xd8\x16\xa0\xd8m\x22\
\xcc\xb61]5\x93\x95h\xeb\xb2\xe0\xb4\x9b\x80\x99E\
[\xc9G\xa6\xac\xd5\x80\xf2\x05\x8b7\x00\xb1\xab &\
b\xd3G\xe86\xa1\xfc\x86\xd6\x0d$\x137\x0b\x8b\xf3\
\xff\xf4\xa7\xde-\x98\x0e\xa7\xa4\xe8w\xc8`g\xe4\xcd\
Cf\xfb`vl\x81\xd1|\x06\xf7~m\x16'\xdf\
\x7f\x0a\xedQ\x08\xdf\x0fqL)\xd4\x97\x19\xc8\x15\xb2\
X\xa8\x04\xb0\xa6\x03,\x8b$:\x88\x8bn(\xb4\xc5\
&\x9cr\x17\x9e<\xf7r|a\xc5Y8@\xfa\x89\
\xd4\xbe\xa3\x8c\x87\x008\xd6G4\x98\x91\xb7(JB\
\x91\xdd\xf5\xa0:\xba\x80\xa1\x95I?T\xeb\x0c\x92!\
q\xc3.\xd1\xf9g\xb2O\xd2b\x15\x99\x1c\xde7z\
\x047\xff\xe9\x8701;\x8e\xae\x5c\x8c\x85\x1bWb\
\xfdooB\xef\x80\x8bP\xe5\x106\x15\xe6\xc6\x1a\x98\
}v\x06\xb3\x8f\xb5\x10=\xe1\xc3>RA.\x13\xc1\
\xea(\xa0\xb2\xee\x22<q\xd5+p\xef\xca\x0d8 \
$Z\x96\x8d\xf7\x1dz\x1a\xaf\xff\xdd_\xc7\xbci\xa3\
\xbaU\xe1\x9c?\x19\xc4\x9a\x0d\xeb\x11z\x06\xccb;\
<Oa\xf8\xa9\xfdx\xfa\xae\x83\x18\xfd\xf6\x02\xcc\x93\
\x94\xa3E(I\xa07&Ug\xbd>\x9c\x8c\xd0\xa4\
U\xef\xa4\xeel{\x98\x8b\x14F\x9a@\xcb\xb0P\xbe\
\xd2\xc0\xaaWwc\xdd\xa6\x8b\xb0\xfc\xbcm\xc8\xe6\xe6\
\x117gY\xc2}\xbe\xe5\xe2\xf1w>\x8c\xf2}\xb3\
\xc8)\x03\x8f\xbd\xffC\xf8\xe5\xeb^\x0e#p\x19\x03\
 \xa6$\xb5\x7f\xa3\x89\x0a\xe2\xb9\x1a\xb7\x02i~\x81\
h\xd0\xda\x0a\x88x\xa4G\xa5\x07\x03\x0fo\xd8\xba\x0c\
\x85U}\xa8\xb8\xbe\x06\xa6i~$\x06\x1a*\x8ej\
\x99\x9c\xd1\xda\xbd\xe7K\xf7_\x7f\xe5;nU*J\
J\x01\xf5?3\x03\xb8U\x1b\x7f\xf9\xd6\xbfx\x8d\xdb\
\xdd\xff[1\x91\xe2)\xb6)\x083\x9f\xc3\xcc\xfc\x02\
\xbez\xd1K\xf0s\xe3'Q\x19;\x8a\xac\x90X>\
U\xc7\xce\x7f\x880[\xb1p\xee\x051\x06\x965\x91\
/\xfa\xb034D\x12cj\xbc\x80\xfd\xc7\x81\xbdw\
\xd4`\x9e\xf4QL\xb4;H~\xbd\xb1&\x83\xcb\xb6\
\x17\xb0\xe5\x92,\xe0\xe6\x11F9\x04n\x8cfL3\
\x001\xcb\x00\x06M\x1fs\x15j\xcbP\x1b\x90\xfa\xd7\
9\x14s\x0a\xd9<\x81V$\xb6\x99\x01Q\xcfm\x9b\
Xj\x14\x19\x13\x84\x98\xee|\x9eyM\xb0x\x9a\xe8\
\xa3\xfc\x22n\xea\xb4\x80\x08(43P%6b\x22\
'F\xcb\xec\x08\xb3\xa0%\x9eFF\xaf\x0fg\xae{\
\xb203Q\xd4\xd5:\x054\xdb\x7fF\xd6*\xfd\x9e\
\x99\xed@\xd8\x98B\xe8\x8c\xc3\xb0W\xe0\x9c\xab\xa60\
vY\x1e\xf1\x83\x15&\xcf\xad\x8e\x04N\x8fEh\xa2\
\x8e\xe5\x10\xe87-d\x0c\xad\xb8[\x92\x0eNo\xb9\
\x10_<\xebr<PlGL\xd9\x0f\x81n\x14\xe9\
\x93\xc5\xa0\x9ae\x1cB\x90\xae\xa0!\xe0\xd0g\xb5,\
\x84}}\x10\xcb\x97\xf1\x8d\xeb']\x14z0\xc3}\
\x8b\xd3\x84T\xcf\xea\x0e7\xb9\xbc^\x01\x5c\xfa\xe4\x03\
\xa8\xcd\x8c\xa3$\x04\xea-\x05\xeb<\x03k\x86\x14P\
'y6RE\xce\xa1k[\x17pQ\x0f\xea?!\
1v\xa0\x82\x91o\x1e\xc6\xc2\xf7\x9a\xb0\x9f\x9b@\xfe\
\xd4w\xf0\xca\x83\x0f\xe3\x9a\xb5\x17\xe1\x91\xcb_\x8a\xef\
^\xfab,\x1f?\x8e\x10\x0d(\xdb\x81\xdcf\xa3g\
U\x07T\x98\x83Y*ca\xb2\x8e}\xdf\xdb\x89g\
\xbew\x12\x93\x8fH\x14fu\xcf\xbd\x0b\x84\xe5\xd0\xca\
2\x03\x91#Q\xdf\xda\x8d\xce\xb7\xaf\x83\x0c\x5cTo\
?\x01gG\x05\x9d\xbe\x87R\xd1\xc0\xc9\xd0\xc7\xfc\x03\
\x12\xfbOOc\xfe\xda\xefb\xe1\xd44V_~%\
\xbaV\xf4\x01\xcdQ\x94\x0b1\xf2W\x94\x10<9\x07\
\x7f\xc1\xc5\xa6}\xbb\xb1\xe6\x9a\x1bq\xdc\xa0\xfd\x0c\x12\
6\x95\x9d\xa6@\xb8\xb2\x0bf\xce\x86{j\x16.\xbd\
\x0b\x02\x08\x93\x81$\xc2\xaeh\xc5\xdb)i\xe1{\x07\
&\xf0\x8a|\x06\xf9\x8e\x22\xea>\x95(4NM\xd3\
\x93\x90h\xb5\xe2\xcc\xfauo\xba\xfc\xab\xdf\xd8\xb5]\
\x88?\xfa\xcf\xc6\x03\xfe\xf3\x1c\x00\xa7/\x22.\xfe\xcc\
\x87\xd7\xc9u\xeb?&L\x91A\x10\xc5\xd4\xfe\x10\xbc\
\xeb*\x0b\xab\xb3\x03\x8f\xd7\x9bX5\xb8\x09\xaf\x999\
\x85Qbz\xd1M9\xd9\xc2\xe1;<\x8c\xeev0\
t\x8e\x83\xae~\x09\xbbH\xe8\xba\x81\xb1C\x1eF\x1f\
\xf7\x90\x9d\x08\xd0m\x00Y\x8e@\xd4\xb6!w/\xd1\
Wn@M\xbb\x08\x5c\xea\x18T\xe1dld\xc8\xf0\
\xe8\x86\xa7-@\xa5\x12\xfaWj\xcd<]\xeds\xd3\
;\xd9uE\xcc\xa49\xdd\xf3\x8eHy\x988\x02:\
\x12/\xce\xe0s\x9f\x9f~\x87\xbe\x17j\xc7\x922\xfe\
\xb8\xd4p\xf4\xb2\x90D]H\x11\xb8gSS2y\
\x0c1\xeaH\x8e,\xe9\xa3\x13\xafAc\x0a\x1a\x85\xe6\
\xb4\x92\xc5K\x12\xee\x03/1\x10\x88*G\x10\xf7m\
Eg\x07\xd0ui\x13\xb5\x07\x0c\xd8\x04l\x01X\xcd\
-I\x03\xb6Cd\x1c\x1f6\xb58\x07\xd7\xe2\xeeM\
W\xe0s\xcb\xd6b\x96\x1c\x0d\x89n\x90c\xa1HN\
\x11\x89p\x0d2|\xdb\x02JeX\xe56\x84\xf9\x1c\
\x02\x1a\xbf\xb5,\xe6Xh\x12\x16\xf5\xd6Y\xd4L\xdf\
\xcb\xcc\xd3\xd0\x7f'\x80\x93\xdb\x80\xac\xaf\xa8\x90\x0dB\
XQ\x0d\x92\xd8X\x81\xa6\xf2N?6\x89=\xe7:\
\xd8\xb8\xb5\x07qm\x0e\x81\xe7A:Y\x18\xb9\x22r\
\xa5^l\xbch\x00\xeb/21\xfc\xa6Y\x1c\xf9\xfb\
\x1c\xa6\xbeVG\xe9x\x0b\xf2\x99\xfbp\xfd\xb3\x0f\xe3\
\x82\xc7/C<}\x1a\x8dH!0#t\x9cWD\
\xbeP\x80\x12\xed\x98>x\x02;\xef|\x10\xbb\xbf\x11\
\xc3\xdf\x1d \x1f\xfb0l\x0b\xed\x996\xf4\xd4H\xeb\
\x9f\xce\x85\x8d\xa95%l\xf8\x83\xd58\xef\xca2\x10\
vb\xec\xa5\x9d\xd8\xf7\xd5\x19\xcc~\xf5\x18\xbaF\xe7\
q\xb6ab\xcc\x108u\xdc\xc5\xc4I\x0b\xf5\xfd;\
13s\x12\x9b.\xbd\x18\x03\x9b\xd7\xc2\xb2G\xd1q\
Q7\x86\xbb'`N\xd7\x90\xdb\xbb\x03\xe7\xcdM\xe2\
xg7rA\x88\x9cc\xa1eP\x06\xab\xd0\xeao\
G\xa9-\x07\xfb\xc8)\xc45\x17Q6\x037!\x86\
\x85\xb1\xbe\x9e\x87C\x81\xef\xef\x1e\xc1+/^\x0b\x87\
\xba+t\x8f\x11\x22$\x85 \x80\xd65mU\xdcv\
\xde\x07\xcf\xff\x83O\x1d\xd8.\xc4\x9d\x89\x13\x88\xff'\
9\x00\xae\xfb7}\xe6\x8e\xc2\xe8E\x17\xfea\xb3X\
X\x134\xeb\xc4b\x91D\xde\xe3v\x89m\xc3\xc9\xe7\
\xa1\x0e\xec\xc5\xb7\x8c<\x96/\xbf\x10\xdbFv\xe0\x94\
\xd7bB\xcaYA\x8c\xd3\xfbZ\xd8\xbb\xcfe\xce\xba\
\xca\x1b\x90\xbe\x82\xd9\xac\x81\x9a\x83\x03\x02(E\xa4\x04\
\xa7E&\x0c3\x867\xdc\xc2\xf8a\x0b]m1\xdc\
\xe9&\x0c\xc7\x8605\xf8\xc7\xb5\x18\xab\xd9\x18\x90f\
[R\xa7\xb5\xf4\xb0\x181\x0b\xd9\xc0\xc33R^\x92\
f\xcb\xe9&o2\xa1\x04\x82h\xc9\xa9\xe4X\x22\xc0\
\xc9\xa3\xb4\x9a\xd4Bs\xf5\xc2\xceh\xaak\xb2T\x82\
\x87\x8f\x12\x11\x11&\xd0\xe85\xb7It\xd7Rf\xe9\
\xd6Z\xad\xdd\x97\x8c\x14q\xcaH\xe5N\x8b\xdf\x8e\xb4\
(u\x9eE\x1c\xce\xc2\x14\x1dh[9\x89\xa9\x1c\x90\
\xab)X\x0a\xe8 R\x10+\x05\x03aW\x1f\x8e\xae\
\xdf\x86\xaf\xac9\x17\xf7;E=\x9eK\x93}\x89:\
\x8e\xf4\xa9\xdb\x01\x04\xe5\x12\xe2\x81^\xa8\xb62D\xc6\
\xd1\x83+\xbc<EC\xd8\xb4z;eCj\xf9B\
m\xf8\xcc\xd6\xa32 ]\xf3\x9d\xb0\x12#\x15c6\
V8\xd5\xb1\x1c\x9b#\x83\xf7\x1a\xd2\x0a\xef\xd6\xa3!\
\xf6\xac\x18A\xd66\xb0f[\x09\xa2B\x19R\x0dQ\
\xbd\x8afm\x16b\xb2\x08\xab\xd4\x87\xd5k7b\xf9\
\x87\xfap\xe0\x861\x1c\xfb\xf8,\x8c\x07\x16\x10Ug\
!\x1f\xba\x8f\xcf/\xa5\xca\xd5.\x13C\x17\xb4C\x8a\
\x02\x8e=\xf0$\x1e\xfe\xd6\x01\x8c}\xd7\x87\x1c'\xca\
\xb2\x0f\xa3\xab\x1d\xfb/z\x196\xcf\xcd!\xf3\xc4]\
\xbc\xeb1T6\xec\x8b\x0dl\xdaD\x93\x97\x11O2\
.[\x99G\xff/\xb7\xe1\xf0u}8\xfa\xd5CP\
\xdf\x1c\xc1\xc0\xa4\x8fvG`\xcc\x0b0\xfd\xa4\xc2\xbe\
\xe9Q\xd4\x17<l\x9e\xafc\xe8\xbc\xb30\xb0)\x83\
\xe3kF\xe1\xef\x9f\x8111\x82\x0d\xd3\xc3\x10\xab\xd7\
\xa0\x19\xfa E\x88b\x18\xb1pj+\x0cae3\
\xb0\xb6\xad\x85qt\x0c\xb5\xf1*\x90%\xa1X\xca\x0a\
\xb53\xf7\x95\xc43\xf5\x18\x1d\xbbN\xe2\xca\x8b\xd7q\
\xe9\xcbm]Zh#\xa5\x90a\x10\x8b\xf6r\xb9p\
\xcd\x8b\xfe\xb8\xff\xcdo\xde\xbb]\xca\x91\xff,<\xe0\
?\xc7\x01h\xb2O|\xfc\x13\xb7\xffBPn{M\
\xd4l\xc4d~\xba\x17\x0f\xe4\xa8\xbf\x16\x860w<\
\x05i\x17\x99)\xf5g\xd6\x1a\xfc\xacc\xe1\xdcc;\
p\x9a\xe6\xdaE\x88\xd5\x82v\xc5\x0aT\x82\x10q\x05\
\x8c#g\xa4\xe6\xa73he\xc4(\x94:\xb1\xe0\x03\
\x99\xd6\x1c\xe4X\x80\xbd\xf75\xb1\xf9\xb2\x0eH\xab\x09\
%i\xcf\x1e\x0d\x13\xd1\x96\x1c\x03R\xe6\xb4hE\xc2\
\xb0\x17\x92\xd4\x85)*k\x0f\x0dA?O\x04H\x88\
Y\xc6z\xfc\xd4\xff\xa61d-\x17\xa6S\xf6d\xf3\
\x0c\x198\x8bL,\xdd<\xcb'\xe0\x8c\xf4V\xb2\x8c\
B\xd7\xfaI)\x91h\x1ahG\xa0\x89'\x8b\xf3\xfa\
\xec`\x88\xd5F\x9d\x07\xca\x16\xa8L!\xd1\x00Z\xfe\
1\x0f\xc8\x06\xacl\x00\xdf\xc9\xc2\xf1\x04Nm\xbb\x18\
c\x99~\xe4C\x1753\x87\x87\x07W\xe1\xb1B\x19\
.\xed#\xa0\x89I\x1aJ\xa1,\x84Tk\xe2\x18\xb2\
\xab\x0b\xf1`\x1f#\xfb\x9a\x9d\x1b\xb1\xa6=\xa3\xfc\xa9\
\xbe\x7f2R\xb0\xb8\xde;\xfdx\xc9\x86%\xd6\xffO\
\xa7)i\xd0\x88>n\x1c\xa3\x19\xf9x\xac{\x08g\
\x97\xbb\xe0\xcfM\x22kJ\xe4+\x02S\xdf\x89pp\
\xe5$\x1c\xdb\xc7\xe0Y\x1d\xc0\x82\x84\x22*#\xedf\
\x0a\x17\xe0\xcdL\xc3\xab\x94\x91)\xaf\xc5\xd9\x17o\xc0\
\xb2??\x88\x9d_\xf0Q\xfft\x07\x0a\x13-\xb8a\
\x003\xa2{\xa0\x8eC\xdf\xada\xe2\xce'\xb1\xf3\x1f\
\xc7Q9\x18 [\xa7\xfb\x09\xf0V\x9d\x8d;\xb7]\
\x83\xc9\xaeA\xbc\xfc\xe0\x17\xf9\x0a\x13jQ\xef\x04\xba\
6\xd3\xf6`\xba^!\xa2\x85\x05\xc4N\x99ET\xce\
\xba\xa8\x88\xa1-\x17b\xef\xf5k1\xfc\xd9\x13p\x1e\
\x1d\xc1\xaa\x96\x8b\x92\xb20~@\xe1\xe8l\x05\xb5S\
\x0f\xc3\x9d\x1f\xc1\xd0\x8b.A~\x9b\x03\xf7\x1fc\xd8\
~\x84\x95G\x8f\xe1\x1d\xed\x83\xa8g,\x8c-_\x8e\
\xd3\xc5<\xb2\xcd\x16\xb2\x84\xcd\x10!K\x18\xc8l^\
\x89\xee\xc28\x9cc\xd3\xf0,\x07M\xa6\xa1$\xfb\x0c\
M\x89'\xa7Z\xe8\xdc;\x825\xe7\xacB\xd5\xa7\xd2\
\x92\xf3@\xfa\x914\x9a\x8d\xb8\xb0r\xc5\x86uo}\
\xe7G\xc6\xff\xf6o\x7f\xf2\xd6\xdbn\x8b\xb6og\x86\
\x80z~;\x00\xf2TB\xc4m\xdb\xff\xec\xf2F\xef\
\xc0\xfbc_\xcfCi\xd7\xa5\x97JDv\x06\xc6\x13\
\x8f\xa0^\xf5\x10\x95\xca\x10u\xa0\xa6\x5c\xfcQ\xef\x1a\
\xbc\xde)\xe2\x15\xa7\xf6\xc0\x9c\x1b\xc7\x8c\xaf\xb7\xbbv\
\xa4sv\x8b\x02>\x0a=\x12\xc8t\xf6\xe3\x1f6_\
\x89\xb5c'\xd1y\xe4I\x94\x10\xe1\xc4}>N\xbf\
\xc5F\xff@\x11\xb5\x89\x09\x08\xa3\xccN\xc00\x1c(\
Z\xfe\x91\x08\xb2\xa4i8\xd1\x7f\xe5\x12u!\xfd\xec\
\x09\xa8\xc5u91\xdd\xf4\xed\x94\x08Y%@\x19]\
\xaa\xd4\xf8\x13\xb5\xa2D&L\x8b}\xea\xcd\x83\x8bu\
=\xa5\x81,>\x91\xaa\x09\xeb\x9f\x91\xb8\xa9\xc6\xfeH\
qW\x8b\x86\xc6\xa4\xdeCl\xb8%\xd3m\x92\xb6\x1a\
\xa1\x01of\x01\xb5\xa9\x1cZ5\xda\xdc#\xf0\xe8\xe0\
y\xf8\xfc\xc0\x10\xd0\x22\xb5\xa1D\xe0\xd2wu\xdf\xde\
\xb0\xb8\x9fn\xd2xt\xa1\x08c\xed\x1a\x04\x1d\x14A\
iM9\x950\xd4\xb3O\x16z0#/\x01\x00\x93\
\x16\xdf\xd2\x85\x9a\x09\xeb5\x19\xa9Mv\x0dp\xd9\x94\
**\xd1\x9e=\x17\xdf\xce\x16\xb0\xe9\x9ckp\xf5\xce\
o\xa0\xd2\xf2\xd1c\xbah\x8d\x0a\x0c?\xe4\xa0\xbbc\
\x0e\x05G\xa2\xbc\xd2\x81\xbf\xe0s\x99ae\xbaa\xd8\
\xf4\x99\x1b\xf0k\x07\xe15\xba\xd1\xde;\x84\xab\x7f\xb6\
\x13O\xae\xf2q\xfa\xd6Cp\x0e\x9c\xe6h\x1e\xcf\xba\
8\xf8\xe1\xa3p\xe9t\x07\xe0LP\x96;pb\xe3\
\x85\xb8k\xd3%8\x9c+\xe3\x97\x87\x0f\xa1\xf7\xf4I\
\xcc\xd1\xc0Y\x0c\xf8\xed1\xda\xd6S\x02\x97ETm\
!\xaa7\xa0\x16\xe65p\xd7\xd6\x0d'\xdf\x8e\xf3_\
R\xc0\xaas7c\xef\x9d}\x98\xfa\xd2Qdv\x8d\
aHD8]\x0d1\xf9\xa5\x00\x0f\x1d\x1f\xc3T\xf5\
{p+\x0dd\x88\xf2\xef\xfb\xd8\xfc\xe5O\xe0\xdc\xcf\
\x7f\x16n1\x8b\xfaY\xeb\xb1\xfbe7\xe1\x9e+_\
\x84\xdd\x85v\xd8\xad\x16L\xead\xf8\x0ab\xf5\x00\xca\
T\x06\xec\x1d\x85\xb0\xb3\xa8\xb2\xee\x00\xb5\x83c4\x0d\
\x13\x0f\x1c\x9bFW\xd9A\xfb\xaa~T\xdc\x80\xb3\x00\
:\xad\x96\x14\xc2p\xbdX\xadY\xf3\xa6\xf3\xbe\xf0\xf7\
On\x17\xe2\xd3\xff\x19x\xc0\x7f\xac\x03\xd0[0U\
\xd7\x9e\xf1\xfe\x85U\xeb>\x1e\x9aF\xbb\xf2h\x92E\
J\x8a0T\x9b\xd2N\xbd\xf8\x99]\x08Fg\x10\xe6\
K\x10\xc4\xd9\xce\xe6\xd9[\x07\x9e\x8b\xbf\xeb\xe8\xc3\x8e\
\x5c\x197UFq\xc1\xf81\xe4[s,\xa5\x15\x90\
\x1e\x1d\x8d\xf9\x9aY\x04\xed]8\xd8\xbd\x06_\xee\x5c\
\x81\xfd\xf96\xfcjn\x8e\xf9\xf8ER\xdc9&\xf1\
\xe8\xed\x15\xfc\xd8\xaf\xb7\xc1\xca\x17\x10\xfb\xa4\x98K\xbf\
\x1ar\xd6@-?\xadU\x97\x0e\xb5\xa4\x9b`\x18\x9e\
\xd7\x1e\x86F\x8d9\xefM\x88H\xc9\x14\xe0\xa2\xbe>\
s\xfd\xf9\x03/\xd9yO\x87f+\xf2\xc2\xd1D\xd6\
\x8b\x0d{q\xa7\x9c\x1ex\xe1\x88\xc9\x1a\xf5\x9au@\
k\xbfi\x80\x99\x1d\x12\xed\xf2\xe3\xb7\xa4\x87zh-\
\x99\xb0l8=Y\x84-\x1f\x87\xf7\x02G\x9fP0\
h{p\xd6Fa\xa1\x0aQ\xaaA\x84\xc4\x99\xb0\x19\
i\x8eI\x0a\x8d\xa2\xb8\xeb\xc2\xa0M\xb6k\xd7B\x0d\
\x0eh\xee\xbd\xd7B\x94\xce\xcc3v\xc0\xfa\xc9\x09~\
\x91\xa8\x19\xb0~\xbfvv\xdc-\xe0\x80\x9f\xae\xf6J\
t\xfd\xf8w\x88\xa6\x9b\x88\x83\xf0\xefD\xa8H\xe0\xe3\
\xcb7\x22\x87\x1bq\xfe\xce\x1f\xa0U\xabc\xb9P8\
|o\x03G\x86$:J\x0a\x99\xae\xd5\xb03$\x80\
\xa2y\xfb\x0cv:\xed,\x9e\xa2\xc2*ZS.\xec\
\xf6U\xb8\xec\x95!\xf6v\xb6\xb0\xf7\xd7|\xe4vW\
`\x92\x83$\x19D\xd3\x82\xd3V\xc4\xf8\xe0\x10\x9e\x1b\
\xda\x8a\x1d\x9d\xcb1o;\xd8(\x22\xbcxt\x17*\
\x81\xd6\x83\xf4\xe9\x9e\x1a\x88\xd17D2^\x06O\x05\
\x1aT\x16\x11\x9b\xd1\xaf\x22\x9a\x19A\xab\xbe\x00\xa3\xb4\
\x0c\x9d]\x0e\xaez[\x1b&o8\x1b\xfb\xef*a\
\xf2\x8bs\xe89V\x875WC\xf5\xa1:\x9e}\xce\
C\xce\x0a\xb0J&\x93\x98\xcd*d3\x80h\xb4\xe0\
\x8c\xdd\x87\xf3\xef\x7f\x0a\xe7_|\x0e\x9e\xfc\xb17\xe2\
\xce\x17_\x8b\x11'\x07\x9b:N\xae\x8f\xa8\xaf\x93\x81\
\xc2\xfc\xbeS\x08\x0c\x8b\xd5\x91t\xff9\xc2\xb4a\xe3\
\xbe\xe7\xc6\xf0\xdaR\x01N\xb9\x08\x8f\xb6%\x11\xebT\
H\x11\xc5!\xb2\x99\x8c(]x\xee\x07\xd7\xfe\xdao\
=\xb6]\x88g\xff\xa3K\x81\xff\xd86`2\xd1\x94\
\xfb\xb3\x7f\xfcX\xabo\xe0\xfd\xaaU\xe3\xd4\x9f\xeaf\
\x93n\x9e\x5c\x01\xf6\x91\xe3\x88\x9f\xdc\x8dV6\x97(\
\xfa\x10\xe0F\x12Y!@j\xb0<\xeb\xaf\xbb\xf3+\
\x02\x0fg\xb7j\xd8\xecUP\xa0\xa1\x19%q,\xdf\
\x85\x9d\x85\x12\x0eQ\x9a\x1cE\xc8Z&^\xd7\x9c\xc7\
k\x9e\xfcGX~\x83\xf7\xca\x8d\xae\x92x\xf3G\xbb\
\xb0\xee\x86\x1c\x9a\xc3\x13<\x91E\xad7\xde\xcck\xe4\
\x97\xec\xccK\xa8\xbfl\xa4\xc9\x1e<\xce\x10\xe8c$\
\xd3l\xe9\xcc\x1a\xcbg\x19\x9a\xf6J\x8e!\xf9\x19?\
6\x1d\x92Y\x94\xc5\xd69\x04\xe9\xc1\xf1\xa8w\x223\
\xce\xa8?#\xefT\xb4'\x94SF1\xb4a1\x9d\
\x95\x05)\x121\x0cZ\x1a\x12Q\x99\xe2\xa39\xdd\xc0\
\xe9g#\xec:\xaap\xe233\xe8\x9d\xf71\x98\xcd\
\xe3\xae\x9b\xde\x8d?\xedZ\x09cz\x06\x827\x08q\
\xa5\xcf/\x19u\xb6C\xad\x5c\x05\x91\xcbA\xd1\x8d\x95\
D\xfa\xc5\x8d>\xc9R\x8d\xd4\xd8\x17#>\x8d\xe4R\
yC\xc4\x9e\xe8\xccV\xdc\xc5E\x1f\x8b2`\xe4\x08\
\x93I8r\x06\xf4m\xb7\x85hx\x0c}\x81\x8b\xdf\
=\xb1\x03\xeb\x9f\xfe\x01\x9a\xac\x98$q\xb8\xdb\xc6\xba\
_\xe9\xc0\xd6m\x05\xf4\x9c\xdd\xcb\xcaJ\x9aj\xa8\xf9\
\x0f\x9aSOj\xc55\xc63\x9c\xeeu00\x86\xa7\
\x1e\x18\xc6\xd1\xf7\xd5\xd03\xd9\xc4\xb4\xeb\xa3\xde\xb5\x0c\
\xdf\xbe\xf6\xc7\xf1\xfdb\x17\xf3\xea\xc9\x9a\xac\x5c\x16\xbf\
xz\x18\xaf\xf8\xf6_b\xdekrG\xa9\xa9$\xcc\
_3q\xe3o\xac\x87\xf4;\x11\xd6h,\xd8IT\
\x93IJ\xbe\xa1G\xa5\x03\x05\x99o\x83C\xf3\xfdD\
\xccB\x05\xc7\x8eU\xf1\xc4\xaf\x0f#{\xe74\x9a!\
X\xe0\xc3\xa4A)\x19\xf3\xc4i\xd0\xd7\x8d\xf8\x82\x1e\
\x88J\x13\xd9\xfd5dkux\x81\x8bR>\x83\xf8\
\xda\xeb\xf0\x83w\xfe<\xee\xda\xb8\x15\xf5F\x03\xb5(\
\x82\xe98@\xa5\x86\xc6\xee\x13\x98\x156\x82D,\x84\
\xaeIV\x09\x5cV6q\xc9\x15\x1b1Ob\x22\x11\
\x0d\x9c\x11\xee\xc1k\xea\xe3(W\x94\x93G\x0e\x7f\xff\
\xc8k_\xfe\xda\x89\x89\x89\xa6\x8e7\xff1\x99\x80\xf9\
\x1fm\xfc\xe5\xdf\xfb\xfc5A{\xe7;\xa5\xd7\xe0\xa0\
\xa0\x7f\x143/\xdc\x9a\x9a\x82\xf7\xec>D$\xf4\x91\
\xd4\xc5\xac\x81GL:\xea\x93f\xb2PD\xed\x8c\x03\
^\x1d=jX\x18\xc9w\xe0\xbb\xf9\x8ed\x16W\xd7\
\xa9L\xfe\xa06\x1ba\x04R\xe0H\xa9\x13Q\xbe\x13\
\xf0\x1b\xe8\xb3$&\xa6\x80G\xbeVC\xff9\x05d\
\xba\xba\xd1\x98\x9c\x82\x99\xd1J8\x86\x1d\xc30\x0a\x1c\
]c\x9e\xfd'\xa5 \xbd6\x9c\x18}\xa9\xb2/9\
%Z.\xc2\xab\xbeX8\x86(\xaa\x94\xcc$\xa93\
\xe1\x18\xdc\xc6K\xd4qx\x15Y\x22\x15\x127Y\x95\
\x8b\x18\x7f\xa4\xa4\xab|\xa2\x1f\x07\x88\xfc\x80\xe5\xaf\x22\
\xcfG\xdcL\x14}=\x9bIN$\xcfM\x8b>H\
\xc5(rc\x989mt~`\xc3\x8d$f\xaa\x1e\
\x8e\x9e\xce\xe3\xc47\x15\xbay\x98G *\x96q\xf4\
\xac\xb3a\x17; \x07\x06\xe07\xea\x88)\xb5/\x94\
\x90/\x97\x90%n\x7f\x10\xa1F(3\xd5\xdc\xc4o\
\xa7T=\x115\xa5{\x88f\xf95\x94\x97\xd4\xf5\xf4\
\xd98\x09\xd0\x838\xf43\xd3\xc9b\x80g\xa2\xe8\xbc\
S\xe4\x8e\xd0 \xa7.\x15\xf7\xb0)%g\x14E\x85\
\xf0I9\xa8\x5c\xc4\xd4\xbc\x8fO\x0c\x9d\x8b\x0f\xcfO\
\xa2\xeb\xd03pU\x8c\xbeY\x17\xc7\xefn\xa1\xbb\xb7\
\x8e\xd2`\x1b\x0a\x9d\x05\x1e\xc4\x03\x11\xa2\x98\x8c\x94\xd0\
\xb3X\x12\x8dZn\xc3\xc8\xb6\xf5a\xcdY\xa70\xb2\
>\x075\xdcD'u)\xbb\x07p\xb4\xbd\x97\xb3G\
\xde\x89d\x98\xd8\xea\x85\xb8a\xf7}\xa8xM\xd8d\
!\x96\x84\xdf\x11c\xe8\xea,L;\x07\x7f\xbe\xa1\xb7\
6\xf1\xe6\xa6\xc4M\x9a\x05\xbe\xc6\x91QG\xdc\x9a\x83\
?6\x07\x91o\x83\xd5\xde\x855\xab\xeb\x18}E\x88\
\x91\x07\xb3p*$6\x02\xe4M\x85\xaco\xa06\x90\
E\xdf\x1f\x9f\x83\xb3_6\x84\xfa\xd4\x02\x8e\xdc{\x1a\
\x95\xcf\x1dB\xf9\x10\xb0@%\xd7?\xde\x85\xd7\x1e>\
\x8a\xd5\xefy/\xfe\xfc\xc6\xd7\xa1\xd1l!\xef\x07h\
v\x94a\x9f\xbd\x12\xed\xcf\x8d\xa0\x0a\x9b\x17\x87\xb3\x04\
\xa4\x14\xd8\xb5\xe0\xa1k\xff0\xd6m[\x8b\x09\xca\x1a\
\xe8:\xe8\xfbR\x8aV#n_\xb9\xf2\x865\x9f\xfe\
\xec{\x84\x10\x1fM\xe6\x05\x9eG\x0e I\xfd7\xbe\
\xf9\xbd\x9d'\x06V\xfe^$e1\x0a\x22\x8a\xfe\xec\
\x00\x0c\x12\xcf\xa4Q\xd1'w!\xa4\xc8MQ(\xd2\
\xbdO\x1e,a\xf9k\x12\xff!Q\x10\x92\x88j2\
\xcb\x93oF\xde\x9e\x93\xcc\xd8/\xea7J\xbd\x8b\x9e\
~\xcfv0b[\x98\xed\xecG\xcf\xfc\x08\xdf\xb4\x03\
\xa1\xc0\xf8a\x81]\xf7\xcc\xe1\xa2\x1f\xebE\xb6\xa7\x0f\
a\x85Vp\x91q\xb9\xc9\x5c>Ea\xaa\xb3)\x0a\
\x860IY\x97Uy\xe9\x855\xc54\xa6\xe5#2\
\x87X\xb9\x88\x83\x8c\x9e!\xa2\xb1\xc1\xc0G\xe8\xb5x\
\xf8\x86\xe4\xb7H`4\x22I:\xe2\x12\xfa\x0d\xb8\xf5\
\x10q+@\x10\xd2\x97\x85\xf9\x86\x82\x1fFp\x88p\
C`Y#@\xabF+\xbeI\x0c\xac\xce,E\x93\
F\xa0\xcd\x84gO\x9f\xd36\xd9\xd0\xe6*\xf4\xf8\x18\
\x0b#6\xbcC\x1e:\xea\x11\xf7\xd8K*\xc6\xfc\xb2\
\x95xv\xd92\xee/\xb7\x8aY\xc4==X\x19E\
\xb8\xf1\xd8\x01\xac\xdb\xff\x04J\xad\x05\xc4\xb6\x8d\x99\x9e\
\xe5\xd8\xbbr\x1d\x9ei\xeb\xc6a\x1a\x11\xa6\xb2+\x99\
\x8bb\xe6\x1f_\xc3\xb4\x96O\xc6\x0dc\x85B6\x8b\
\x17\xcd\xcf\xe2\xc5\xbb\x1eE\xcf\xf0\x18\x8cV\x15\x06\xea\
\xdcI\x093%x\x04\xe0\xda\x19\xd4\x8b9,\x14\xda\
1Y\xec\xc4h.\x8f\x99l\x1e\xd50\xc2\xc9\xc8\xc3\
\x9f\x9c\xf7\x0a\xbcOD(\x1d\xd8\x8d\xbcR\x98{$\
\xc2\x81!\x89\xe5k[\xc8uvA)\xed\xf05\xde\
Bo\x802'\x03\xa6]\xe4\xe1(%CdJ\x9d\
\xc8\x0c\x0d#v\x00\x12=\xf2\x0d\x03\xbeA\xb3!\xf4\
p\x13\xedf\x06o\xda\xf3(\xd4\xc4Q}m\xa9R\
\x082\x90\x97\xe7\xb1z[\xa7\xd6J\x08\x16\x98\xa8\x94\
j\x00\xb0\x0b0(\x13\xc8\xb1\x08\x0c\xcd\x9a\x10\xfd\xda\
\x0c+\x08*\x01N<3\x89\xc9\xfb\x01\xc7\xf5\x99!\
\x9a!\xdeT\xa4P/\x99(\xfe\xe2*\x5c\xf6j\x1b\
\xb2u\x1c\xe5\xc1,\x06\xdf\xde\x8ec/\xba\x01\xcf}\
b\x14\xd9\xaf\xec\x84i\xc78u\xf4 \xb6\xdc\xb6\x1d\
\xbf<[\xc5\xc7~\xe2m\xa8\xb5|\xcc\xbb-4:\
\xcb\x18\xd8\xbc\x0c\xd6\xde1LX\xb4\x15Z;\xd69\
\xcb\xc2\x13#\x15\xf4tN!3\xd8\x0d\xcf\xf5\x13\xe6\
%kE\x127Ze6o\xf9\xd5\x0d\xb7~\xe4\xfe\
\xedR<\x9d\xce\xd6<_2\x00&\xfc\xcc\xff\xd97\
\x7fI\x15\x0a\x17E\xcdz,\xa5\x94\x94\xce\x9a\x94\xfa\
Z\x19\x98;v \xa8\x050s\x19\xad~K\x0a0\
T\x04&c\xb7g\x04\x22\xf4\xfa.\xda\xbbF\x86\xa6\
\xafr\x02\xae%RQ|\xf7\x92*p6\xc7i\xfb\
\xa4\x00v\x0d\x0c\xe1\xe5'\x9eC3n13\xb0r\
Ba\xf7\xa3\x16z\x06\xa6\xb0\xe6\xaa2\x8c\x8e\x88Y\
{`\xd9m\x02\xe8\x08:\xa6*\xc2D\xd0\x14\xa8O\
\x90x\x86G\xb9\x1e\xcb\x8c\x93\x80\xa8\xef\x13\xbf\xa0\x82\
\xd0u\x11\x06\xd4\x0d0x\x1e\xc1\x8f[\x08=\x0f\xb1\
\x1bc\xa1j\xf0\xcf\xdc\x86B\xb3\xda\x82\x17H\xdaL\
N|\x0e\xc8\xd8\x82\x09\x1fnU\xa15G\xaf\xe8@\
Q\x06\xe1\x1b\x08[4\x87@\xf3\x0ed\x89\x12QH\
\xeb\xa5\xc9\xb6\xc89j\x10\x8ep\x11\x1e\xaeA\x8c,\
b\xf4A!/%\xec8B\xc94q\xcf\x8asP\
\x1f\x1e\x85\xdc\xb4\x01\xab!\xf0\xd2\xbd\xbbp\xe3\xfd\xdf\
F\xf6\xe9\x07\x98^\x1d\x11\x99)2\xb1RX\xb8p\
\xb0\x1f7\x9f}1\xbes\xd1u\xf8\x87\x81!T\x1b\
\xf5$\xfa$\x18FBX\xa1\x9a\x9e\x9cT\xa7\xe9\xe0\
\x97\xf7<\x81\xf3\xef\xfa\x12\xbcSG\xe1\xfa\xe4\xa4h\
\xa2\x8fW#\x22\x1b\x09t\xc2\x80A\xed\xd2R\x0cU\
h\x87#\x04,\x99E\x18\xdbX(\x16\xd1\xcc\x951\
\x9c+c\xb4c-6\xe7O\xa3X\x9bB\x87\xdb\xc2\
\xd8\xdde\x1c;\xaf\x82\x9e\xa1\x81\x04|M\xba D\
K\xe6!-\xbd\xe0D\x9a\x1eb\xaf\x09\xc71\x91]\
K\x22*\x12\x96\x0b\xb4\xd5\x16\xf0\xb6\xd1C\xa88\x0e\
\x8f3\x9f7|\x10\x83\x87\x9e\xc0l=D\x86\xc1O\
\xc0m\xb7\xb1\xec\xc7\xdbQ\xec\xeaB4C\xb16\xc1\
]8&\xe9MO\x22\x15\xf3\xe0\x85\xa21\x9c\xde\x01\
\xd4\xa7#\x1c\xfc\xde0\x9ey\xa4\x0e\xff\xc1\x10\xabh\
\xce\x81\xe5\xc2i\x18J!zC7.yK?d\
\xb3\xc5\x18\x8cj\xb58\xabX\xb3\xba\x81\xae\xdfY\x81\
\xc7\x07C4?\xf1\x1cJu`\xa6\xd1\xc4\xe0'\xff\
\x10?\xeb\x00\x1f\x7f\xdd\xdb\x90iDh\x91aw\xb7\
#\xbb\xd6G\xfe\xf0$Z\x99\x8cneG\x11\xe6\x85\
\xc4\xee\xbd#\xb8\xbc-\x8f\x96\xed L\x14\x96cB\
j=7\xcevvu\x95^r\xc3ob\xfbo\xfd\
\x98\xba\x0d\x81\xd8\xfeOd-\xff\x1b\x1c@\x82\xfag\
?\xf0\xa9\x8b\xeb\xa5\xf6wE^S\x97\x85I\xef;\
\xca\xe4P:t\x18\xde\xc9\x09x9R\x95\xd5)\xe8\
\x22\x93,Y/E\xa0\x8d\xd6\xebL\xa4\x9b\xb39H\
K+\x01\x13\x0d8\xddF\xc3I6ER\xaa\xa9\xd2\
\x1dyQ\x8cG\xda\xfaqi\xef:\x18\xa7w\xf3 \
I\x7f\xbd\x81#\x0f\x00\x0fesh\x8eO\xa3\xdcC\
*\xc1\x04\x0b\x91.^\x80F%D\xa3e\xc2\xb4,\
\xd4gB\xd4\x16\x22\x98\xca\x82j\xb9\xa8z\xb4\xb6N\
\xcb|G-\x81&E\x1d\x9a\x0e\xa4U\xdcA\x84V\
\xd5\x07au\xaa%\xe1\xd7\x92\xf9sn\xa0ki\x08\
\xddb\xd4\xbd\xf9\xc4;\xeaM< \xc5\x9e\xd4\xcd\xa5\
\x02\xa1\xf4/\xeav\xd0\xa1\xb7\x01\xf3h\x11i\xff'\
\xbda\x02\x9024\x92\xcc\x819FVZ\xd8s\xe1\
\xf5\xf8\xfe\xfaK\xb0a\xb2\x82\x97\xee\xff\x0a.8\xb5\
\x1f\xf2\xe0SX\x98\xadb\x9e\xcd\xd4D\xec\xd1\x80\x12\
\xf9\xb9\x00r\xf8\x18\xe4\xf81\xbc\xf9\xc9'q\xd1+\
^\x87?\xb8\xf8:\x9cj\xb9\x9c\xd50(\x98\x8c\xb2\
fHh\xd5\xc9\xe0\xdd\x07w\xe1\x8a/}\x0cG\xea\
\xf3\xe8\x88%\x8aF\xc8\xab\x12\x9aV\x01\x82 \xf8\xd0\
C\xe0\x09\xd6\xcd\x8f\xe7\x03D\xf3\x13\xa8'Z\x8a\xf4\
T\xa4\xb3@2\xa5\xfd\xe40HF\x9b\x06\xb1\x94@\
\x9f\x1d \x18\x9d\xc5\x89\x87\xf38\xefe\x112\x19b\
\x08j \x96\xba1z\xe7B\xa2\x0ed\xe4\xf8\xfd\x99\
\x96Ba\xc0\xe3\x88\xd9.<`\xf4\x10^<v\x02\
\x06\x955q\x84\xc0\x0fxg\x81\x96\x0f\x13\x0c\xb4\x89\
\x9bl\x9c}\xad\xc5N\x9e\x1c8\xd5\xfe\x5c\xd2\xb1\x14\
\xb8\x96\x8cR\xdc\xa1\xd1\x83dfw\x01\x13Gkx\
\xe6k\xc38pw\x05j\x9f\x8f\x01?fMD\x1e\
\xef\xb5\x0d4.k\xc7\x15\xef_\x85r\x86\xb8\x0c.\
\xd4t\x0b\x88)\xa3\xad#\xceeQ\xce\x85\xb8\xfa}\
\x83x\xb0\xa3\x8c\xf9\xdfy\x02\xdd\xf3\xf3T\xf6c\xcd\
g?\x8d\xb7\xf4\x0f\xe2\xa3\x97\xde\x80r\xa3\x81Y\xcf\
Gie/\xbaU\x84\xc6\xc1I\xcce2<\x1e\xec\
I\x89\x83~\x84\xae='\xb0\xfe\xe2\xb30\xc5\xb2\xf5\
,\x81C\x0a\xcb\xd2r\x9bq\xf7\xc0\xf2W_\xf2\xa5\
\xdb\xdf,\x84\xf8\xdc\x7fDW\xc0\xfc\x8f \xfc\xe0\x8b\
_\xcc`h\xed\x87\x22\xcb\xeeP^\x83Q\x7f\xca\xb4\
\x0c'\x0b93\x87h\xf7\x11\x84N\x8e#Y\xa2\xf7\
\x92\xde\xee\xc9\xf6l\xaa\xa3\x134>\x19\xad\xd4r\xd3\
\xf4w;\xd1{?3b\xc1\xa2\x8e\xdc\x8f?#\xfd\
~X\x1axp\xddF\xbcj\xe6\x08\xaa~\x13yK\
\xa2\xaf\xd6\xc2\xd1\xaf\xc7\x98\xd8i \xdfO\x00^\x03\
\x86\x19Bz\x12AU\xa0\xd1\xa2\x82$\x83\xd8\xb7\x10\
-\xb8P\x0d*0\x0dD\xa1BD*SP\x5ck\
\x13\x90\xc7-;\x8ax\xbcA =q4\xcf\xa7\xeb\
\x12\xbea\xe9\xed\xd3\xb7\xb9=\xa6\xcb\x0cJn8\xaa\
\xd2\xef\x10\xdd3\x01\x1fS\x15\xe1\xf4Kg\xbfL\x07\
M\xc4%\xce\xe8\x15R\xa4\xb6\x13j\x81#M\xf8k\
6\xa3\xd1;\x80_x\xf8\xab\x188u\x02\x99\xb1\x11\
\xd4\xa4\xcb\x93r\x94s\xb4:\x04\xe4U\xed\xc8o\xcc\
B\x84\x0e\x1a{k\xc0\x83\xf3\xc8F\x01N\x053X\
v\xfb_b\xfb\xd4\x14~\xefeo\xc4!j\xb5\xb2\
|\xb6f:\x12\xa1gy\xa4p\xc5\x13?\xc0\xd8B\
\x05m\x19\x0by/\x80\x1b\x0aT.X\x81\xe5?\xb9\
\x0cvT\xc7\xec\xe9)\x98s9\xd4N5Y\xae;\
\x9a\xa4\x1e{\x0c\xa7\x0a\xc4\x0d\x85\x06;xr\xda4\
B\x1d\xf2\xfe\x04vv4\x9f\x10\x02\xa7G\x9bXp\
[\xc8\x14\x1c\xc6E\xb8\x9b\x90\xce!\xd0BT\x12|\
\xe1\x95f\xa4\xd0\xa2\x10\x06\x0a>\x95HJ\xc1\x8d\x22\
L\x90j3\x117\x97\x08\xbd2V)\x0d\xf8\x97\x95\
q\xc5\xfb:\x90\xcf\x14\x11T=(\xcf\x83Ql?\
\xb3\xe6-\x9d\xb7P:\xdb1K&F\xf7\xcd\xe1\xe1\
??\x80\x03O\x0b\x18\x87=t\xfbz\xc9J\x8d\xca\
\xc1\x1e\x03\xc1U}\xb8\xe0\x03k\xb0b\xd0D\xe8F\
\x08\x13L\x81\x16\x84\xf0B\x98F\x9d\x9d\x9c\x93\xb7\xf0\
\xe2\xb7\x95\xf1p|\x0e\xe6?\xf88J\xb1\xc4\xcc\xd8\
\x046\x7f\xf6\xcf\xf0\xa2\x0dg\xe3\x81b\x17d\x18\xf0\
\xe0Pyh\x10\x99\x86\x8b\xfa\xc8\x02\xfcl\x06a\x18\
\xa2a\x1ax|\xbc\x81\xf6\x13\x93\xc8\x0c\xf5\xa3\xe9\xf9\
\x1c\x04X\x04\x8f\xf0\x1b'+\xfc-g\x7f`\xe3;\
\xdfy\xe7v)\xc7\xff\xbd]\x01\xf1\x1f\x01\xfc\x15\xff\
\xe8\xabo\xf7\xfb\xfa?\xa7|O\x85\x86\x94T\xa3\x9b\
\x14\xa5#\x05\xe3\xde\x87\xe0\xbb\xa4gO\xb2\xd2)\x9f\
^\x1bO\xa2\xad\xbc\xa8\xce\xcbe(+\xc6\x84|S\
jU\xeb\xa4\x8fN\x82\x94)\x82\x9dn\x93I\x90j\
\x16\xa6l\xd5\xd1\x13\xfbx\xe7\xb1\xe7p\xee\xe1\x87Q\
a\xd2\x95\xc0T$0\x9d\xaa\xf8\x09A\x9al\x5cc\
\x933\xd2\xf8\xbdd\xf5\x1a+\xd9\x1e\xc4\x89!/\x05\
\xd1\xfa\xfe2\xa6(\x9a\xec\xc1!\x83N\xd9p\x8b\xa7\
\xe0\x8c\xe0\xe7\xa2\x86\xe0\x99\xc9Z\xddb\xe3\xc8\x98l\
$O?z\xa2.\xac3\x06}P\xba\x97t\xe35\
\xfd6\xf5\x124\xcb \x14\xd7\x8b\xb4\xc8#\xcc\xda\xb0\
\x5c\x17\xd2\x0f9rDT\xbf\xca\x08\xaeSDty\
\x07\xb6\xfc\xe2\x006]RF!g V\x05T\xeb\
\x11\xf6?\x12\xe3\xd0_\xeeA\xdb\x83\x87\xd1\x0a\x0c\xe4\
\xcd<N\xbf\xfcu\xf8\xe8u\xb7`\xb4\xe5\xc3FL\
\x1d6\x8e\x86W\x84\x01~\xe5S\xbf\x83\xea\x89](\
1\xf6\xa90\xd1%\xb0\xe9\xef7\xe2\xc2\xab\xd7\x01\xb4\
$D\x12\xa8j\xa0\x15(\x04\x9eBu6\x82\xd7\x8c\
\xa0j\x19\xcc\x8f\xbb,\xec*\x03\xedL\xc3\xa6\x84[\
\xad\x22\x0c(\xefi!\x8cZ(l,\xe2\xf2Wt\
 k\xb5q\x06\xc0Z\x83Dx\xd2=RM|\x22\
\xad\x7f\x040\xac\x08O?R\xc5\xd3\x7f^G\xa9Q\
\xd3\xab\xc8\x99iHZ\x08\x19f1\x1aE \xdf+\
\xe0l,\xe0\x9c\x97wcp\x900\x9c\x00\xde\x5c\x85\
[\x8c\x86\x95\xd7\xb4f\xda\xc4\xc2@\xb2v\xea\xa4/\
\x10 \xc0\xc9\x07Nc\x22\xee\x84\xdb\xf4XP\xd64\
(\x8e\x15\x91\xcd\x15P^\x96G\xf7\xaa\x18\xe5\x02\x89\
\xaf. \x98\xad1\x8fD\xaf\xab\xd3\xd4p\x15y\x8c\
\xff\x88\x5c\x01V\xb9\x17^\xd0\xc2\x83\x9f\x19C\xfc\xb1\
qX\xf3S\x08\x0c\x03\xb3\xbf\xfc\xab\xf8\xd8\xdb\xde\x8b\
\xe1F\x8b\x95\x90\x88\xd0\xd6c\x9b\xa8=\xb5\x1f\x95i\
\x17\xad\x1ce\x02\xd4-2\xb0)\x0b\x5cE\xa2\xa4\x84\
\x05%CEt\xf9k\xa1\x8a\xbdLN\xba{v}\
\xfc\x81\x1b_\xfcK\xff^\x9a\xf0\xbf=\x03 \xcf#\
e<\xf0\xb6_Z\xdej\xef\xf8\xcd\x16\x94\xb0d\xb2\
V\x93.\xa6\xe5\xc0y\xe6\x19x\x0b-\xa8\x22QR\
\xd3v\xd2\x925\xd8\xf4'\x0d\x88\x90^\x1a\x19\x07Q\
~\xa9L\xb3\xf5\xccx!\x8e\xb1`\xd8\x08\x0d\x0b\x9d\
a\x886\xaa\xbb\x22R\x941\xd1\xe4\x12\x9et\xdc5\
\xf9\x85\xd6J\x8f\xbb\x02\x7f\xb1\xfa<\xbc\xcd1\xb1\xe5\
\xc0c\xf0\x03\x0fmI\xd4\xa5d\xdc\xa6\xd1Kr,\
\xe4\x1cR\xd5YB\xb6y\x18#\x11\x05e\xe3\xd7\xf2\
`tZ-\xc4\x1c}\xd3\xfd\x80K\xc7\x83y\x0b\x15\
\x19w**\xbaD\xcc\x89\xbeK\xd1_skR\xe6\
\x9c~\xc5\x88~\x87R\xfc\xe4\xb1Z\xe2\x94V[\xa5\
\x9b\x81\xf5\xa9b*\x11\x0d\x16q9\x952\xf2|\xa8\
\xc0\x07\xd1~\xd8N\x8a\x16\xc2\xd5\xed0\xcf\xcba\xe8\
\x86Nl\xbe\xa2\x1b\x1de\x1a\xac7\xa0<\xddzl\
+\x94q\xd9\x0d\x15\x0cl\xbc\x18\x0f}\xd0E\xfe\xce\
\x11\xf8q\x80\xe5\xdf\xbc\x03\xb7\xb9\x11>z\xe3-8\
\xe6kqS\x8af\xb4K1\x22q\x14:7\x94\xfe\
\xd25k7Ql\xcd!\x9a8\x89($\x8d\x06\x02\
\xeb\x04rV\x19\xc2\xc9\xa3mE\xfeL\x97\x86\x95\x9c\
\x12NEL+\xcb\xe9\xf2'\xd9\x1f\xcbt\x93\xd0[\
\x00\x12JT1\x8d\xcfR\x89\xa7g'4\xc1\x88\x92\
^\x22k\xe9\x9a\x9d\xda\xb8\xe7\x5c\xb7\x1c\xab/\xa5(\
\x18\xf0\xcb\xf0\x9a\x91\x84RMg\x88\xc4brY\x0f\
\x0e\xc98\x91\x18(\xb1G]\xba\x0d\xdb8R\x933\
\x90$\x05\xce\xe71\xcd(M\xdd\xed\x81\x89\xb5\xd7\xac\
\xc3\xfar\xb25\x88<-_\x0b\x9b\xc1j~\xcf!\
mR\xf6\x11\xd5Z\x8c\xd3\x18\x99\xa2\xee\xfc,\xae\x7f\
\xb4!\x1d\x85\xa81\xc3->'_\xc4Eo\xed\xc2\
\x83GCX_\x9cb%\xa7\x9e\x87\xbe\x8fso|\
\x0d\xf6t\xf7#\xf6<\xe4\x84D=V\xb0\xcfY\x83\
\xcc\x03{\x10{\x01\x02\xdb\xe0,p\xba\x1eb\xe4\xf0\
\x18\xfa\xb7\xae\xc1\x02\xed\xc6\x94D!\xd6k\x19\xec8\
P\xe1\xaa\x95?\xb5\xe6\xc3\x1f\xfb\xf2v!v\xfe{\
\x04E\xff\x1d%\x00\xef\xf7\xc1\xecyW\xfe\xa2\xca\xe7\
\xd7\x10\xf0\x17\x0a!M\xea\x1d\x13\x17z\xe4\x14\xe4\xd1\
1\x80\x14oS\xa9fR\xc8\xa5\x8bOu\xa6\x1f \
c(\xa8R\x1eQO/dw'\xdcb\x06q\xd6\
A\x1b\x8b\xf5K\x14\x8a\x05\xdc0>\x8a\xa1}{\xb0\
v\xe73\xe8>\xb6\x97Wt\xb5Jm\x0c\x9e\xd4\x0b\
\x9d\x98\xca\x96\xb8\x82n\x0a\x07A\x10 \x88\x5cL\xb4\
\xf7\xa2g\xe5\x1a\xb4\x1d\xdd\xcf7P)\x9d]_\xb2\
\x03 \xcd\x02u\x0e\x90\xb0\xf1\x12hB\xff<\x01\x89\
\x84^\xc3\x91Nv\xa6>\x8c#=\xb7\xc6\x92\x1ez\
b\xe4\xfc\x98\xa4T\xe1\x84&\x8d\xf6<o@2S\
\x09\x5c@i#\xaf\x00\xd1\x02_\xbc\xc5\x80[\xf0\x02\
\x11\xa5\xbd\x19\x17q(a\xb5\x19\x90\xed\x06Z\x19\x1b\
\xc5\xb62d\x17`\xf6f\xd01\xd8\x86b\xbfD\xdb\
*\x1b\xe5\xc1\x02\xbazM8\xd4\xa0n\xb5\x10\xb6\x9a\
\xdcZ\xa4\x8e\x07\xaf])n\x84\x99\xe9\xc3\xaa\xfeQ\
X\x1f\xbb\x02\x0f8\xbbQ\xf8\xdaA4\xe1\xa0\xf3\xae\
o\xe1W\xa4\xc4o_\xffz\x1c\xf3Z,\x856m\
g\xe0\xf7\x94a\x0d'\xe7\x87J\xb4\xf1\x08Gw5\
\xd0\xbb\xccG\xb13\x03wv\x06\xd2\xd2\xea\xb9JX\
0,\xc2l\xb4A\xe8\x1a\x8eV\xae\xd1\xdcENk\
\xff\x93\xceA\xb2\x8e\x9d\xa0zv\xb0<\x18\xa1\xf7\xf6\
\xa5\x119M\x0c\xb9$\x8c\x12\xd9\xee \x82e\xcd\xa3\
3\xab\xb9\x18\xfc;\xdcD[\xf4\x8a|>\xc9X\xe3\
&\x81\xb8!\x14)1\x93P\x08_\xe8t5Z\xb2\
\xfa}qA\xab\xe2\x8c*\x9d\x84&\x9ap\xbaHE\
;\x96\xc4\xba)\x0b\xa5y]\x9a\xa6$\x899Vp\
\xd2\xeb\xc7\xb5$9\xe9'X,\x9b.-*\x85\xa6\
x\x11m[\x118\xebm\x0a\x07\x1f+ 3\x12!\
>\xb2\x0f\xe7=\xf18\xbeu\xd3\x8f\xa1\xe6\xba0\x0d\
\x81\xb90D{.\x87\xc29\xab\x10<y\x04\xca*\
!\x8cB\xccH\x03\xcf\x8d\xcca`\xb0\x13\x99\xae2\
\xfc\x04\x8c$\xea\xa6\x0a\xfd\xd8\xec\xe8,v]u\xe5\
\xad\xc7Xi_'o\xff\x16@\xd0\xfc\xf7L\xfae\
\xdf\xff\xf1\x8b\xbd\xb6\xb6\x9f\xb6<\x97\x97u\xb3\xb6\x1b\
yG\xd7\x07\x9e\xdd\x0f\x97\xb6\xee\xa6\x9b{y\xa7}\
\x04\x9b\xea\xf3\xac\x05\x0c-\x87\xbdr\x00~\xa9\xcc\xab\
\x96xUW\x10\xc0\x0c#4\xa4\x89\xadQ\x80\x1f\xbb\
\xe3o\xb0\xec\x91\xbb\x10\x9c>\x85\xa0\x19b\x5cR{\
.\x869\xa5\x95x\xba3\x19,#\xe3\xf2-xN\
\x04\xdf\xa3\x0e#]\xc0\x00-Z\xa2\xc9\xd4\x01m\xb1\
$B\x99\x92\xf7\xf8\x0fF\xd9\x13E\x9b\xa4\xef}F\
W7\xe1l/r\x00\x93I\xb8%\x1a\xfd\x9c\xe9\x10\
\xa6D\x82>\x19\xa22(V\x10\x8a\xa4\x89@jQ\
\x0f2H\x8b\xc4\x04i\xca\xaeh\xf2\x06\x1c\x96\x1fl\
\xb3\x91\xcde\xe0\xd0\xd4SA\xf2\xe0\x8cad\xd0\xd9\
\xd5\x89L\xbb\x878Cs\xfaZ\xb6\xbaP\xce\xa1\xd8\
\xe9@\xd91\x8a%\x03\xf9\x02\xdd\xd6&\xcc\x0c\xf5\xc4\
h\x1c\x99\x10\xcaq(\xd7\x83W!\xfa)\xf5#)\
\x7f\xa2\x95\xe1\x94r{\x88\xe6\x9f\x81\xcam\x80\xea\xd8\
\x88\xc1\xb6\xe7\xf0\xe2\xdf^\x8f{\xa7\xe6Qzp\x0c\
\xf3\xc8\xa2\xf7\xbe\xbf\xc3/\x16r\xf8\xbd\x8bo\xc4\x82\
\xdb\xc0x&\x83\xe3\xed\xbd\xd8\x94NM\x10\xf6P\x8b\
0u(\xc2\xf8\xf9\x0b\xc8\x95\x89eYZT2\x22\
\x02\x13\xab1R{\x80\xb3\x15\xa2\x22S\xf9\x11A\x05\
\xe4@\xc8\x90\x13yp\x99I\xf6\xf3% \x87A\xc4\
\xaa\xf4\xe4j1\x16\xcd>Nt\xf6\xe8\x19]\xc5z\
~z\xd9\xab~=!H9Z;^v\xd6\xb4\xd7\
/Q\xe3\xd18r\xee\x0c\xc33\x91\x0c?Cb\xd2\
|\x0d\x91\x10\xa2H\x01\x08\x81\xab\xaf4\x89\xb3\xa6[\
Ox\xec[?'\x8fI\xf1\xac\x84V\x7fbv'\
\xff[Ouj\x84\x8a\x1c\x00a\x1a\x12qu\x1c\xaa\
s\x10+\x87\x14\x8e__\x86\xfa\xd2,3]\xfb\x9e\
x\x08+_\xfa*\xec\xa1]S\xb1b\x1eK\xae\xe5\
\xa2\xb0\xac\x17\x85\xe9\x0a\xe6O\xceA\x14iSf\x84\
\xb1\x10\xd8{p\x0c\xe7\x5cF\x92l\xc4lL\xe6G\
\xe8\x03\xb7\x9a*\xbb|\xd9\xcb\xcf\xfe\xfcWn|N\
\x88o\xfd[\x01A\xf3\xdf\x0c\xfcm\xdf.\xe3\xf5\x1b\
~\x01\x8e]\xf4\x9b\xb5\x98\xf2\x22b\xf5\x11\xbf\xdbx\
\xf69\x04\x0buDt\xb7\xd2\x89!Nt\xd4\x80Y\
\xce\xc1:g\x13\xaa\xcb\x06`\xe7I\xc42\xd0\xc0\x87\
\xef\xb3\x06\x1e\xa1\xe6\x94\xe6l\x95!\xde\xf9\xe5\xbf@\
|\xdfw1gEt\x8fp\xef7\x88h+\x8b\x07\
\x83\xf6\xc4\x05\x16\xfc\xa6\x87*\xe9\xc9\xd1\x06_\x12\x0a\
e\x22N\xc0\x06L;\xfdR\xc5\x1f\xda2L\xc1\x85\
\xc4\xafi\x80HfM\x08G\xc1\xa7\xdc^Z\xc8\xf4\
\xe7a\x91\xb0\x03\xdd\x8c\x19\x09\xab\xec\xc2\xe9t`\xda\
6\x82\xd0F\x9cQ(\x14,\x94\x8a\x16\x9c\xb2B\xec\
D\x08\x08\xb5\xce\xc4hk7\x90+\x910\x08\x95/\
!bI\x0c\xc7<L\xc3B\xce\x09\x90\xc9\xfa:R\
r\x98!l\x5c\xc00\x22X\xb4<\xd3$\xe9-2\
\x1e\xe2\xfc'\xe84\x0ag\xd2\x14^tA?\xa7\x84\
\xbf\xa97\xfc\xfa\x16s\x11\xc2:\xf1\x22HMX\xf3\
\xca)\xe5\xa7|B\xca\x0c\x84\xa5\x09/\x94\xf2R\x1a\
\x1d\x87$Jr\x0c\xaa\x96G\x94_\x87\xc1\xce\x13\xb8\
\xe8\xf7/\xc7\x93\xef}\x14\x1d\xcfLa\xc6\xf5q\xd6\
\x9d\x7f\x8bw\xe5;\xf0\x87g\x9d\xcf\xd1iGq\x19\
\xb6H\x92DSzc\x81\x10\xa8=\xa3p\xeaJ\x17\
}\x83!\xca\xb4\x02\xcc\x17|-\xf4\x8at\x8a\x80\xc4\
\xe3\xd0\xe2&\xe9\xbc\x83\x8e\xd8\xc9bNfT%Y\
\x02K\x87\xeb\xcf\xac\xb7\xf6\xea9\x88t\xa3/\x07\x8e\
\x94eI\x11\x97t\x19\x92\xc7q\xa30Y\x18\xb3\x98\
5\xf0\xdf\xc91\xe8\x81&\xcd\xc8$\xa0\x98\xd24/\
i'\xa73\x1b\x9a\xbe\xac\xb8#\x90\xd6a\x89\xb1\xf3\
\x16a\xd6<ZDz\x98\xa9\x9a\xfe\x1e\xb7\x1a\xf4\x9a\
9\xfa\xcc\xc4\x03\xd1Ng\xc9\xd6h\xc3\xd6B.\xad\
\x22\x9cl\x1e\xed\xe7\x9f\xc6\xc4\xd7\x011)\x90=p\
\x00\x9b&&p\xacw\x80\xa5\xc2)\xfb#\xe1\xd8\x9a\
\x1f\xc0\xdc2\x84\xae\x99*s\x06\xfc\x8c\xc5\xad\xf2}\
\xd3M\xac\x1c\x9dF\xdb\xea>\x04\x14X\x05kV\xb1\
\xc0\x85](Hg\xcb\xa6_\xec\xed\xed\xfd\xc1\xf6D\
\xfc\xea_\x9b\x05\xfc\xeb\x1d@\xa2\xf0S\xde\xfe\x97\xaf\
i\xe6\xf2\xafS\xa4\xf0C\xd4\x19\x9e`\xb0\x81\x999\
\x98G\x86\xe1\xd9\x99D\x84\xa3\x85\xa2c\xc2\xdf\xbc\x0e\
\xc6\xba!X\x8e\x09\xcf\xf3\xe0\xd6\xeah&\xe7\x93\xda\
\x9c\xc4\xef&\xb8\xcd\xce\x97\xf0\xd2\x07\xeeB\xf4\xd0=\
\xf0,\xc9\x13\x80\x95s\x1d\x0c\xbd&\x87L)\x0be\
\x91\x19[\xc0\x9c\x87\xf9\xf1\x0a\x22\xd7A<_Gm\
\x9a7\xaf@D\x02V\xce\x84S4\xa0r4,\x22\
\xd1\xd5g\xc2(\xe4\x11Y\x12\xf9\x82D\xa97\x0b\xb3\
@\x91\xda\x80\x14Y\x94\x8a@.\x1f\xb3\xb8\x03]|\
\xcbTp,\x1b\x06)\x02\x99t\xc3QQ\xae\xa7\x01\
aP$\x226\xa0\xde'\xcf\x0c &\xd2\x93!\xa4\
\xb5#)\xfdR\x8b\x88\xa2b\xa2\x12\xca\x15=]@\
V\x0f\x81\xf2\x15b\xd7c\xd4]\x1b\x02]V2\x12\
\xaa\x91\xa96\xd5\xccB\xd2\x1d\xd0:\x04Z\xb3\x80\x16\
\x95\xf2\xfa\xafE\xa5}\xbaa%\xaf\xce\x22MB\x8d\
\xbc\xd3s\xe9\x14\x95MC\x92\xdcz\x06Q}/`\
\x9c\x05\x91\x19\xc4\xc6\xb3*\x98\xff\xd5\xad8\xfe\xf6\xfb\
\xd0\xb6\x00\x9c\xf6]\x5c\xf9\xd8?b'\xd1l;;\
\xf0L\xef\x0a\xdc\xb8z\x13\x97]\x810`\xa9\x08\xce\
\x89\x10c\xcfy\x18Z=\x8fb\x07E\xa9dA\x81\
\xd4\xb5u:'\x91FI}\xbf\xe8TI\x97\x5c\xc9\
^\xbet\xdf\x03/|I\xefY]\x93\xe9\xf5\xedT\
\xfb'Q\x9b\xffL\xb7\x1d\xeb\x122\xed\xfc\xe8\xf9\x84\
3\x00\x8c\xa4\x8cs\xd1!h\x87\xa2U\x98\xd2\xec/\
mA'2\xea\xb1v\x14z\x88K\xb3A5\xa11\
\xe0\x1d\x8a\x04\xc6\xa5\xbb\x0f(\xabd\xbe[Z;\xf2\
\xfaA\x1a\x13O\xb0\x0b^\xcdN\x0e\x81\xceGF\x97\
\x80\xde\x02`g \x1d\x8f\x07\x7fJ\x91\x0f\xe3\xe40\
\x86\x1e\x7f\x08\x9d7\xbf\x11\x0d\xcf\xc7,gA\x02!\
m\x0e\xb2,\xd8\xdb\xd6 \xfb\xf8\x01x\xb1\xc5\xa5W\
l\x988|\xe44.\xebo\xe7\x09C\xea\x04\x10X\
LFc6\x1a\xaa\xd8\xd7\xff\xe2\x15\x1f\xfb\xcc;&\
\x85\xf8\xd3\x7fK\x16\xf0\xafu\x00|\xb5z\xcf9'\
\xdf\xec_\xfe~i\x1a\xb6\x0a\xf4\x16:R\xdc\xa3{\
A\xecz\x8eJ6DR\xc1\x0e\x9a\xc8\xaf\x1e\x80w\
\xce&\xa8b\x09\x91\xef\xc2o\xd0\xe6\x18\x1apq\x90\
q\x88\x5c\xa28}\xb5Z.Zn\x13\x03\xa7O\xa1\
\xe7\x91\xfb\xe1\x87M\x98v\x063\x9b\x0bx\xf9\xa7\x1c\
l\xdeJ\x1be\xe9\xa6\xa6\xcfg3h\x14#\xc3\x9c\
q\xcf\xedB\xd3\xd7\xb3\xfcBY\x9c\x22;\x19\xd2\xc6\
\x0f`P\x1d\xcaJ\xb3\x85dY&\xdd\xacd Z\
\x0f\x0f15\xf4\x99\x94\x9d\x5clJI\x05\x94\x17C\
55F\x1fE\xa4\x16K\xe3\xa4\xe4x\x13\x90\x80\xd0\
J\xca8H\xe0#\x11\xd5\xe4\xa2\x81)\xca\x14\x05h\
\xa6\x81\xd2x=\x06\xackJ]\x83R\x97T\xcbX\
\xa7\x9br\xa8\xefm%\x99@\x12\xdd\x92\xf9}\xbd\xeb\
/\xd9mDTdJm\xf9~\xd7i(\xa3\xda\xa9\
\x0d\xf1\xc8r\xd2CL\xbbjL\xa9\xa4\xfd\x01\x05(\
\xd4\x11V\x0eB\xb4od\xe0\xee\xc2k\xc61\xf5\x0b\
\xcb\xd0\xfc\xe8\x09\x90\xea\xdf\xec\xd8\x01\xbc~\xc7\x0f\xb0\
\xe7\xc6\x1f\xc7T\xb1\x80\xfb7\x5c\x8a7V\xa7\xe0\xcf\
L\xb3\xacV\xbe\xa90\xf1P\x80\x89\xf3m\xf4\xf4\xc5\
\xc8\xb4y\x08\x9b!\x0c+\x0ba\xd1\xfb\xd2[\x9b\xb4\
!\xa7\x83R\xe4\x90\xc8\xa1%\xcbI\xb9\xbfO\xac?\
\x12[\xa1ao\xfa\xac\xba\x84\xd5\xc6H\xef;}\x9e\
\xf47\xe8\xd0\xf3\x0d4\xf0D\xc4\x1d\x1e\xacJf\x19\
\xb4\xe2\x8e\x96y]\xd4\xe7\x8fh1\x08\x09\xb6\xb8\xc9\
`Uz^(z\xa7\xb5E\x98(\x0a\xd3\xebS\x12\
K\xbc\x13\xba\xe6\x9e.ah\xcd\xbbj\xf2{\xa4\xeb\
\xce8\x1be:\xccB%Irr6DV#\xd1\
Zz^\xba\xd6Tv\x910\x83\x84\xb4\x22D\xd5\x06\
\xbc\xf9,\xdc\xa8\x86\x02a`q\x80\xc6\xc1S\xb0\xf7\
\x1dEf\xfdJ^\x85Fo\x8b\xc27\xd1\xb8K]\
\xed(\xae\xe9\x81wt\x16n6\xc3S\x90G*\x01\
6\x0cO\xa0k\xe3J\xcc6}\x06\x91\x89\xb0\x9e\xa5\
\xb5\xa3\xb6%\xc2\xf5\xeb\xde\xdbs\xcd+o\xdf\x0eL\
%7\x90\xfa\xcfq\x00I\xf4_\xf8\xdd\xbfy\x8d\x97\
/\x5c\xaa\x88\xfe\xc6\x1d\x1c\xe2\xfag\x81c'\x10M\
\xcc!V\x06\xccR\x0cy\xfe\x05P\xcb\x97\xc3%\xd6\
\x5c\xb3\x0eaY\xf0\xb2y\x16\xa8\x10\xd5\x05\xc8\xa9I\
\xc4\xa7O!\x9aZ\x80l\xb4\x00\xd7\xc3\x8a\xa9i\xf4\
\x1c\xd9\xc9\xfa\xef\xcd\x00h\xdbjbSO\x8c\xe6\xe1\
\x0aD\x8e\x14w=\xd2\x13\x83\xb0\xca\x1a\xc01M\x14\
\x9c\x18\x05\x9a\xd3$\xa3\xe4+\xebA)\x87\x890Q\
\x1c $M\xc1\x98\x00\x1e\xba\xd8\x1aL\xd17\x10\x19\
\x1c\x19M\xb2z\x8b\xc8\x1d\xe4 \x12\xa8\x8eOe\xd2\
\xb7\xd3\x91\x89ZH<Z\xb8x\xb3\xd3\xa4\x9e\x16\xd4\
\xd5h\x02\xe3S\xcc2\xb3x\x12O\xdfd\xba\xde\xe4\
\xcb\x96\x8c\x0f\x0b\x1e\xefM7\x1e%B\x92\xa9Q\xf3\
c\xd3\xbe\xa8\x8e\xe0\x9a+O[u\xc8\x00\x92q\xa3\
\x94\xc5\xc7\xd9\x816t\x862\xc8\x18\x92\x89\xc53\xb7\
\x02\x95\x1e\x19\xc42B0w\x00\xa2\xff\x5c\x98Q\x11\
\x97\xbd\xad\x0bw?\xd3D\xfb]\xd3Xhz\xe8\xdd\
\xf3\x08.\xdfz)\xbeY\xee\xc4c\xed=\xb8p\xe5\
\xb9\xd88\xf3}nO\x11g\xcd~N\xe0\xd03.\
\x96\x0f6\xd1[\xcap9\x13\xba\x0d\x96\xdab\xce\x06\
#\xed4\x15\x99:\xc2lb\xb8\xa9\x1e\x02\x8f\x18\xf2\
L\x82a\x93cN\x0d\xfd\x0c9L;\xb3t\x15\xbc\
F`t\xad\x9d\xd1F\xc9\x99\x92\xb1\xc8] \x9a\xb8\
\xd6X\xa4\xeb\xeb\xe9sH\x99\x9bC\xe0\x1d\x16\x01C\
\x1d\xfd\xb5\x5c\xb7\xbe\x9fe\xc2>$P\x8f\xee\x19\x82\
{\xd3\xdd\xe4\x94\x01\x90\x83\xa5\xf3MCk\xa9\x8c[\
BJ[B\xf0\x92&\xdd\x0b\xday\x0b\xa9\xd7\x9dC\
\x15\xa1\xc2\x06&\xf7\xcc\xe3\xf83.\xe4\xac\x96\x0a'\
\xfd\x08\xd7*b\xfe\xb91\xf4G!Jgo`\x11\
\x12N6)G\xf4\x02\x14V/Cql\x0e\x9e\x1f\
\xc2UT\x22\xd88rt\x1a\xd7.\xefA\x93\xd6\xcd\
%#\xd8\xb6\x94\xd2k\xb5bk\xb0\x7fC\xf9\xa7\x7f\
\xf2-SB|T{!\xfc\xa78\x00\xf6\x9f\x97]\
\xf6\xaa\xe2\x9e\xee\xde\xf7z\xa4\xee\xa3\xbbe\x92\xebL\
\xd7Ei\xcf^\x06\xf2\xc4\xba>\xd4.<\x0f\xb1\x93\
A\x93\xe6\xd4-\x1bV\xae\x08UY\x80q\xe80p\
l\x18jj\x16\xa1\x1b  on\x98,\xa9\x1c:\
\x06\xb2mm\x5c\x1fSvhH\x0f\x8dY\x0f\x0b5\
M\xb9\x8c=\x13N>\xc3\x179\xf0h\x9d\x16i\xe9\
\xeb\x81\x1c\x22\xeb\xf0\xc8\xae\xa4HGi:\xa5o\xba\
\x85\xa3k:\xba\xd0\xb4mXG \xa6\x7f\xa6\x92[\
\x04L\xd1MF\xb53g\xa3z\xb5\xb6N\x1f)K\
\xd0z\x01\xe40tz\xbb\xa8A\xacy\xe5\x1c\xb5H\
W \xa99\x93\xe8\xa5\xf5\xff\xd2![R\x07\xe2\xbd\
\xc4\x8b\x8c\x01\xad\x0a\x9c\xf4\xfc\xe8\xe0A\xa4\xc4x\xf8\
\xbd\x91\xe1'\x9a\x02K8\x13\xa9&\x81.\x99\x17\xc3\
\x7frS\xd3\xcd\x17%\xf5r\xa8\xa7\xf5\xe8\xfb\xc9\xd6\
\x1c\xd3\xb4\x11\x04\xb3\x08g\x0fAtmDwi\x1c\
k\xdf\x92\xc3\xf1\xa7\x04\xb2\xd3@\xa36\x81\xcb\x0f?\
\x8b\xbb\xaf|\x05F2Y|s\xf9Y\xf8\xc0\xe4!\
\xa8\xf1\x11\xb6\xdd\xee\x108\xf0\xf5:v\x0c\x08\x5c\x96\
)\xa1k]\x09NZ\xf9\xf0\xfbj\xe9(\x18;,\
\xc2B\xf57\x1be@\x19\x11Ee\xaa\x8c\x08\xc0\xa3\
t\xd9g\x0a,,B\xed\x89\x0amhC\xa3+\x19\
\x87\x08\xe9+\x88\xe07h\xa0\xcaB\xfb\xe6\xd5(u\
\x16\x115\x16_,\x85p\xf5yHU\x8ad\x84X\
z\x98z\xea\x04\xe2\x96\x0b\xd3\xd2\xd9\x80\x0ai5\xb9\
\xfe-\x02\xea\xe8\xe0(N\x07\x81\x88\xbcW\x91\xba\x08\
\xdcX\xd4ELrm\x15uf\xf8~\xd2\xb3(\xdc\
\x01\xe2\xceN\x00\xd32XO\x923\x1b\x83\xc8:\x8c\
\xea\xa2^\x01\xf6\xee\x97\x18\xfdv\x88!\xe2C\x90\xe3\
\x13\x16fC\xa0B\xf3\x0e\xfbF\x98\x1a\xdf6\xb4\x12\
>-\x19\xa1\xb5q\x94AZ6J\xeb\x06\xe1>{\
\x12U\x83V\xbb\xc58\xd2\x8c1p\xf44\x96o]\
\x8b\xc0\xf5\x103g\x84\x0cX\xcf\xb3\xf4\xac_\xff\xd3\
\xee\x1b\xde\xf1\xe5Q`<\x09\xd4\xea?\xd6\x01$\xd1\
\x7f\xd7G\xbexS\x94\xcf^\xac\x9au\xa5h\xce\x9f\
\x0c\xc4\xce\xa2\xf4\xec\x0e\x98\xd5:\x9aW^\x0a\xb9a\
\x0d\xf74\xe3 \x80U(!G-\xa3\xc7\x9f\x84\x7f\
|\x0c\xaa\xe1\xc1\xa7\x13gg\x11\x17\x0b\x8bh0\xf1\
\x9e\xe9\xa2R\xd0d\xfdM\xfe\xb6\xc0\xec\xfe\x06\xc6+\
.Vt\xd8\x98\x9f\xa3\x93\xe3\xb1\x03\xe6\xcc\x97=:\
\x0dM(\x06\xa3\xd8\xc0)\xa5'oLFM\xc2\x9d\
\x1cm\xc9\xe0mN\x9f\x17\x1d$G\x17J\xe3\xcf\xd4\
\xc9ll\x09aH\x8b\xfc\xd0\x5c\x02\xbd\x19-$B\
\xec4\x9eXK\x14\x81\xb8\xf6\xe6\x08\x964\xfeRT\
:-\x09\xb8\x9f\xad\xdb\x06\x94F\xf2\xf0\x12\xbfZ\x92\
\xde\xa7\xec7\xd6\x0aH\xa2\x1c\xbd^2\xa6\xac\x810\
\xfd\x9c\xc9\xda\x99d\xfd\xd5\x99\xbd|:\x8a\xa5\xf9\xbe\
\x06\xbct\xfa\x9dn8^\x9c\xf2O\x9e\xca\x84\xb4\x8a\
\x08\x9b\xd30<\x9a\x86\xeb\xc0\xda-\x938\xb8Q\x22\
7EB\x9et\xa3\xed\xc5\xb2\x8b^\x82\xe9r\x1b\x1e\
\xf3\x02|\xe3\xbc\xebp\xf3\x83_G\xa52\xcf\xb4\xe4\
\x15\xa7\x02<\xf3y\x17\xad\x05\x03\xe7\x9c\x1f\xa3\xa7\xd7\
\x82\xa4\xd6\x9e\xd7\x82\xefU\xe0\xd5\xe9mPj\xe8\xc0\
mVQ\xaf\x06\xf0\xf9\xfd\x10\x932\x8b8\xa8\x22\x8c\
lx\xad\x00\xcd\x86\x22*\x08\x8c\x90\x046\xe9\xb4\x19\
l\xa8\xd4\xcak\xf9\x12\xf5\x16\x01\x9e\x062\x1d\x02W\
\xbf\xc1@\xe9\xaa\xf5\x1a\x13\xe1\x94-)\x018\xf2\x93\
\xe3\xa3\xe8M\xdca\x81\xa8Z\xc5\xb3;fql/\
\x89\xa464\xe1\x8a\x13\x10#)\xb7h]:q\x00\
,\xc0\xa6k\xae\xaf\x1f\xaf\x16%,\xc8\xf0 C\x9d\
!D\x01}\x16\x9d\xd1\x99\xa2\x05\x83\xe61l\xc9:\
\x13<]h6\xf8\xfa\x9aV\x95\x09p\x8e\x13\xa1\xd1\
\xb0ql\xac\x80\xf1\xc7Z\xe8\x9a\xf0\x13\x92\x17\xd0\x1a\
\x18\xc4\xee\x5c;|_S\x9b3O\x1f\xc6@\xc6F\
\xa3\xaf\x1f\x95\xd0CKH\xe4\x08\x10\xec\xebAG\xdb\
\x14\xbcz\x08\xd7\x96\xac\x9a\xb5\xef\xc44V\xac\xeeE\
6\x9f\x83K\x13\xa4\xbc\x82MH\xc7sc\xd5\xd7\xbb\
\xae\xfb\x96\x9b\xdf:*\xc4\xef1\x16\xf0/\x04\x03\xff\
\xa5\x0e\x80\xef\xbeM\x9b\xae*\x9c\xec\xe9\xfd\xe9@O\
l\xc4R\xc5\x22\xb6\x1d\xd8\xe3\xa7\xa1FN`\xeeU\
/\x85\xd1\xdd\x01\xa3\xd9\x84\xcc\xe5Y\x7f\xce|\xfcI\
\x88\xfd\x07\xa1Z\x0a.\xcdZ\xe7\xec\x1f~\xd6d\xe2\
\x89\x15l\x94\xe4\x99\x7f\xe6\xe0\x13M\x83\xe0\xc5\xd36\
\x8e>'\xb0\xf6e&\xc4\x14\xd5\xeb$\xf0\x91\x81\xa4\
\xd6\x00\xdf\xf7\x99d\x0e\x9fRwJ\x91\xf3\x09 G\
\x1e\x82\x22\xaan9\x11\x17\x9c\xbc=\xf3\xc1\xb5G;\
\xb3s0\xd1\x15\xa4+*8b\xa7<\x80D\x05\x88\
\xc1\xa24\xc6\xa6\xf59E\xea\xf494\xa5TC\xc5\
\x14Q\xb4\xc8\x05\xaf\xa7&GA\xe88\xed\xc9[4\
Jm\xbc\xecP\xd8\xd9\x10\xab.\xe6m\xbe\x1c\xbd\x13\
> ;\x90\x84\x1f\xaf\x81,\xbe\xe3\xb4\xe3\xe1z9\
Y\x86\xc9\xb8x\xba9\x99>o\x980\xe9H~9\
\xa3%\xa8\xf8\x9c\x90\xa3qy\x15w\xe8\xd6\x10TF\
a\xf4,G{)\x8b\xd2E\x06\xdcG5c\x11S\
\xd3\xe8\xabW\x81\xb6vx\xf3\x0b\xf8\xbb\xf6\x95\x18<\
\xfbj\x5c\xfa\xc4\xb71\x1d\xf8(\xd9\x16\xfa\x8f\xb4\xb0\
\xeb\xf3\x1eN<\xd8\x8e\xde^\x0ffT\x83\x11d\x11\
5L\xcc/,\x80 \x19\xcb\xb2\x19G!\x96bH\
\x1f\x8d\xe6\xee\x9d&\x10\x90D\x99\xd6C\x0cisn\
C\xc0\x88\xc8\xc8\xa8KC\x99\x14Y\x22\xe1;\xda0\
\xa9\x85\x1b]\x19\xc1\xc8P;\x88\xca$\xaa\xb7\x89\x1c\
C\x9fI\x9f{M\x1a\xa2S\x9fd<\xb2\x89\xca\x94\
\x8d\x85\xaf\x87\xa83\x99J3/\x194\xe5\xeb\xa8e\
\xe1\xf4\xf6\x88dn\x95fW\xf4~e\xd0\x82\xf4\x00\
\x06rT\xfc\x08\x09\x8f\x08RLX\x22\xf2\x99\xee\x11\
\xd0\x5c\x09\x8d\xb3+[A\xb5\xa8\xb3$ \x0b\x02\xa6\
\xed\xc3o\xd8\xf0\xab5\x14\x11\xa0'\x19<\x92\xc2\xc4\
\x9e\x95g\xe1h^K\xd3\x91#\x89U\x16\xb5\x1dG\
`]\x9d\x87I\xc28q\x88\x86\x02f\xc9\xb8\xd7\xf4\
A\xed:\xc9N\x932\x8e\x09Wa\xfc\xe4$\x06\xce\
Y\x83\x96\x1f\xb2\xb3Z\xca?qV\xad\xf8\xc9\xb57\
\xbd\xf1o\xb7K9\xf6/\xcd\x02\xcc\x7fM\xf4\x9f\xf8\
\xf0\x17o\xf43\xd9K\xe16\xf9\x8cRF\x94\xa1(\
?3\x81\xf9k\xaf\x87U*\x22\xae7\xe1\x16J\xc8\
\x1c?\x01\xf5\xc4N\xb4\xaa.bZ\xcfL\xbb\xbb\x08\
\x90\xe2\x8b\x93\xd4\xb8\x94\x8f\x91\xd7\xd6\xaaa\x9cv\xcf\
f2p\xcb\x19D\xd3\x0a\x8eT\xc8\xf8-\x1c\xbc\xd7\
\xc4\x8b\xae\xcd\xc3\xa6\xd6\x9d[\xe3!\x10R\x17\xe5\x89\
.J\xcbY\xa8\xa3\xc1\x7f\x0a\xb3\x9cHwk\x0fC\
\xe9'\xa7\xda\xdc\xaf>#\xc7\xb58\x8cD\xa9=+\
\xda\x10 E\xe9#\x89\x81\xa6\x86\xa4Sj\xad\x09\x98\
,yH@6\x0d}\xd2D#\xa1\xc9I\xc3\x91n\
B\xae\x7f\x93\xce\x01\xdf\xa0\x09\xff\x97\x1c\x01\x03\x8c\x09\
\x19\x85\x01+\x8d~\x1b\xa6`\x9d\x02\xee\xa9\xb3#I\
\xca\x04r<\xaceG\x9f%\x19\x8b\xe6\xd7$\xfdY\
}\xe1c\x8eNt#%\xbb\x08\xf8u\xb8/\x93\xbc\
~\x90\x94/\x84\x80\xd3)\xa6s\xa2\xbb\x18\xb4x$\
\x8e\xdb`:%t.?\x8e\x93\x96\x81\x1cq\xe0\xc3\
\x06\xba\x9a\x15\xa0\xdc\x01\xa3\xa3\x0d\x0b\x93S\xf8\xd3\x95\
\x9bQ\xf2\x9b\xd8\xf0\xec\xf71\xe7\xf9\x18$\xfa\xedD\
\x8c\xf1\x89)\x1cM\x5c\xa5\x89&\xa7\xa4i\x81\xe4Q\
\x94M\x8a\x9eD\xf2#\xc1=\xf4\xe7\xd1\xab\xce)\xcf\
J\xc9<\xdc\xab]\xbcv\xba\xb4\xa3q\x00\x1a$\x22\
\xc6&e{\xda\xb9i\xdd\x86\xe4\x95\xd2\x8d<\x8c\xed\
\xa5\xce\x95(\x12ut\x90P\x89\xa4N4\xe9\x1e\xe8\
w\xc5S\x90IR\xa5\xb8\xdc\xd0\xecP\xd2\x9b\xb4\x22\
\x81\xa0\xa3\x0dmo\xec@yY\x84\xfa!\x0f\xd5\xfb\
\x1b0N\xd2\xbeG\x81\x80\x88n)\x0b\x94?F\x0b\
\xc2%\xaav\x03\xca#\xf0X\x87\x93,\xea\xa0J\xa0\
\x9d\x22:\xc9\x93\xd3&\xa7\xc1!\xfcC\xff:\xc2\x07\
\xf9\x9a\xd0m\x1f\x98\x92;B\xce\xd3\x07a]\xbe\x8d\
e\xde\xe8\xbaN\x87\x01r\xdd\x1d\xe8h\x9fF\xa5\xe2\
\xc1wh\xab\xb5\x81\xfd'f\xb0rM\xbf\xe6\x1b\x10\
\xd9\x8b\x02\x81\x10\xd2p]\x95\xeb\xea^Sx\xe3-\
\xaf\xc47\xbe\xfcg\xb7\x02\xe2_\x92\x05\xfcK\x1c\x00\
_\x9a\x9b7\xc1\xfeN\xff\xc0[#\xcb2T\xd8b\
\xe6\x03\xf9\xd2l\xb3\x09\x7f\xed\x06\x8ex\xc4`rH\
N\xfa\xb1G\x11\xec=\x0a\x9fX`\x85\xa26<\xca\
\xce\x92\xb5\xd0\x8bO\x9b\x0aK27[\xdf\x14\x93\x96\
\x85F\xae\x07\x968\xcd\xc0\x13\xeds\x1b\xd9!px\
_\x06\xdb\xce\x11\x98\x19\xaf\xb1b-\xd9\x9ad\xfe0\
\xf5\xc2)\xab\xa0\x9b\x85&\x03\x89\x84\x92\x88mR{\
*\xd5\xde[L\xed\xa9,\xa0\x92 \xd1\x01\x5c4\xac\
\xb4VNVEk~'\x1b\x13\x0b\x7f\xd2:r\x1e\
\x0b5Xl\x82\x81#\xc6\x07\x888N\xafC]\x05\
\x02\xe1\x22\x9e(\xd4}o][j\x8d\x01].$\
\x0b\xa2\xf5\x19\xa0\xfd~\x19\xd2\xb1w\xd1\x18\xab \xf2\
iA\x89\x0f)\x891\x98I0\x05\xfd\xa5\xd5\x8a\xf5\
|\x04\xa1\xcbf\x86>\x83\xc3\x8b+\x84I\xb1@#\
\xd81\x95@\xc4\x0d\xa0\x0e$WU\x94!e4\x8e\
@\xfb\xec\x08\xb56\xc8a\x90\x1d\xd1\xe3\x98=\x85\x22\
\xed]\xa0\xf9t\xaaE#\xe2e\xd0\xe7\x01P*\xc0\
v]L.T\xf1\xb15\x17\xe0\x17-\x81-;\x1f\
@\xa3\xd5D\x1fM\xfc\x19\x06Z\xc9\x1c\x81Ld\xdf\
t\xd0\xd0\x94g\xa2\x11\xa7\x02\xa3t\xb3\xa6\xb3\x14d\
&K\x87\xa1R\xcdG\xfeY\xc2\xb6\x22*5\x19j\
dJ\xb8\x96\x00\xe1\x8b\x90\x09\x18\x9b\xa4\xfd\xfaw\xc8\
\xed$\x1bz\xf9\xba\xd3\x17u'\x80v+\x87B\xd4\
\xd04\x0b\x16\x0f!\xc5\xcdd_,\xc8\xcf\x13\x1f@\
\xc2\xf33\xf0\x1c\x03\xf1V\xe0\xdc\x0f\xf6\xe1\xc2kz\
 \xe3\x90\xc5X\x9e\xbd\xc7\xc5\xa1\xdf>\x86\xfe\xbdU\
\x1el\xa2\xb5\xf6\x94)8t\xbf%lP\x1ahL\
\xa4e\x17\xe79\xa8+F[\x97I\x85\xa0\xb2z\x0b\
>w\xde\xb5\x1853<6\xed'\x1c\x07z\xd3\x81\
m!\x9e\xf5\x90\xdbw\x04\xed[7B\xb4|\xd4\xb9\
\x1cU\xc8\xae\xe8\x85;s\x04>\xb1,M\x89\x89V\
\x84\xe1c\x13\xe8>{\x0dkL\xd0\xe7\xd7Tw\xa5\
L\xcb\x12\xc5\x15\xab\xde\xdc\xb9a\xc3\x97\xb6KY\xfb\
\x97\xf0\x02\xcc\x7fi\xf4\xbf\x7f\xfb_\x5c\x8f\x8cs=\
<\x8e\xfe\xba\x9c\x8c#T3Yn\x87\xf3\x85\xa0q\
\xd9{\x1e@8U\x81,\x94\xf5\xfa\xa8\x04\xc9\xd6#\
\xdf\x89\x03`t\xfaL\xcd\x9c\xaa\xfcPp\x98\x94&\
\x86\xdb\x06\xb1z\xf49,\xc41\xcat\xf7L\x86x\
\xf8;5l\xdb\x96E\xb6$x\xd9Gd\xd2\xee6\
*\x07\x08\x99\xcd&\xad\x1a\x02\xbf(bS{\xce\x87\
\x22u\x1c\xea\xa3\x931\xd1\xdd\xc3\xde\x92\x22\xbd^(\
\xa9#\xa3\xee\x06\xf0\xedH\xd1\x92\x80\x1c~\x9eD\xce\
\x9b\xd3y\x1bF6\x03e\xd4\x11\xd5}D\xf3I\x8b\
?\x9eC\x14\xe4x:,h\xc6\xa0\x97\xa3t\xb5\xb8\
\xbc\x03\xc5~\x87\xfb\xfc\xb4\xf6[\xd2R\x90\x94U\x96\
\xee\x0b\xa0i7j\x9e\x9a\x12G\xbe=\x8f\x13\xbbg\
\x99A\xe8\xf2\x22\xbd\x90\x9d%\xc5,\xe2\x101k\xdd\
\xd2\xc4\x22\x8b\xe6%\xac\x88T\xd5\x91\xc9\x95aJ\x0f\
\xf9r\x0e\x06).\x15\x0d\xd8\xb9\x00\xb4\xc9\xdb$P\
\xca\xb2`f\x22H\xab\xb2\xc8\x82\xa4\x01\x1e\xafQ\xd1\
\xefK80\xf2\x11\xc2\xd3\x0b\x98<F\xc4\x1e\x97g\
\xd3\x15\x8a\xa8'C3D\x96\x09\xbb:!\xc2\x08#\
\x8d\x06>\xb2\xe2\x02\xbc\xb2<\x80\xcb\x8e\xeeF\xef\xd4\
)\xe4\xdd\x0a\x8a\xad\x16_V\x16\xb7\x88\x15H\xbe\x91\
\x97\xa3jX\xedL\x14I\xd4\x86\xcc\xb4\xf4K\xa7\x1e\
)+I\xbc\x0056\xc8;\x91\x81q1EQ2\
\x1bc\xb6\x90fo\x04\xc4\xa6\xa4\x1cM\xf9Z\xf48\
i\x17\x81\xca\xc9\xc8\x82\xad\xca\xbc+ \xab\xdb\xf8z\
}|\xa0\x9d\x15\xff\x96\xe10y\xd1\x1f\xc8B\xae\xb2\
\xd1\xf7\xb22\xcey]\x17z\xdb-\xa0n\x22\xced\
\x91\x11Y\x5c\xfa\x92\x16_\xcf\x1d\xef:\x8c\xd2\xee)\
\xe4$\xe0\xf6\xadFc\xc5\x00Jn\x9dE@\xed\xa6\
\x82\xf4\x9az\xd4!UN\xb6c\xd43\xedxh\xdd\
y\xb8c\xd5Y8BJ\xce\x04Z\x93\x8e\x00)1\
g)\xbb\xd3v\x10gl4OV\xb0\xa2t\x0a\xc1\
\xb2>\xccS\xbb/Tp\xdb\xca0\xda\x8a\x10u\x9f\
\xc9fu\xc3\xc2\xfe\xe1Y\x5c\xba\xba\x8fIw\xc4X\
\xa5\x95\xe3\xb1\x10Bz\xaer::/\x1cx\xffo\
\x5c3\xfb\xce\xb7\x12;P\xfc\xbfx\x01\xff\x92\x0c\x80\
+\xddR\xcf\xe0\x9bC\xd3t\x84\xdf\x22}\x02I$\
\x1fN\xe2\xa8\xa5G\x1b[\xeau\x98\xf7\xdd\x8f\xa8\x16\
B\x15JZW>\xedI\xb3\x91/\xd2R\x12\xb9i\
\xdd\xa3br\x05\xff[2g<\x88\x81\xa7{\x96c\
m\xa1\x97\xe9\x944C\xde\x15\x02'\xeem\xe2\xc0\x0d\
!\xceyQ\x1e\xb3\xa3-4H!\x9b6w9\x02\
\x86\xd9L\x94s\xe9\xa6\xa7H\x1b\xb2\x1e\x9f\x91\xa7\xb6\
\x14m\xccM\x18e<<D\xfa\x02\x86^\xcaI\x0c\
\xb9V\xc0\xbf\xa3Ub\xd2\xf7Ds\xf9\x9c\xa7\xe9,\
\x85\x9e3\xe7\xe1\xb9\xafL\xe3\xf8\x93\x0a2\x9cG\xe4\
e\x98%G\xea\xba^\xb3\xc9\x1b^\x22O \xb4\x0c\
\x5c\xf4r\x89K\xdfH\x19\x02\xa9\xef\xb6x!\x09\xeb\
\x03\xd2k\x10\xab\x8c}\x0b\xf1\xfd\x15S\x9c\xa7\xa7C\
\xec\xf8\xb6\xc1\xeb\x85I(\x843\x19I\x82!\x06O\
4R\xc4\xa7\x94^\x06$\x9de\x226\x1a0\xdb\x0d\
8D\x1bvBdsud2\x15\x94\xba\x0c\xd8\x85\
\x00\xa56\x1b\x8e\x1d!_p`\xe7\x05\x1cG\xc0l\
\x93pJ\x12\x99\xbc\x0d\xcb6\xe0\xe4J0L\x1b\xcd\
cs8\xb9\xb7\x8e}O\x0at\xd0n;*\xcf\x8a\
y\x8c:E.\x8d\xa8N\xf5\x89\xcb\xdf\xdd\xc9\xff\x9e\
\xf3<\xfc\xf5\xe0\x10\xbe=\xb0\x06k\x82\x18\xefy\xea\
\x1b\xe8\xd9\xff\xb4V4\xb0\x0d4\xaf\xe8B\xf7eE\
\xb4\xe6#4N\xf8\x88\x8fWa\xccE\x90\xa4xK\
\xa5J\xe0C\x10\xbf\x22\x95\x1e#H\xc5 \x10PW\
-\x14\xa9S\xd7\x9bR\x00\x08;\x08\x5c\xe2\x1be\x97\
\x5c\xa7\xf4\xce\xc4\x92\xd6i\xca\xf36`\xd2d\xa4\x9c\
F\xbdS2E\x9c6\xf8\xaa\x0e\x1b\x18\x14p\x06\xb3\
\xf0r98\xa5\x0e\x14WJ,\xdfbap#\xed\
\x93\xc8\xf1\x0eG\x12\x92%\xe1\x165?\x03\xe5\x14 \
\x9d6l9;\x84\xff\xd1\x1e\xec\xfb9\x0f\xf6\xa1\x05\
8F\x8c\xef\x9cu\x15\xee/v\xa2\xe8\xb9<\xdfB\
S\xacyZ\xec\x91P\x97\x02Z\x8c\xe2dq\x9a\xd7\
\x8eS\x16\x1cB\xadX\x89\xd2\x86U\x90\xfb\x8f\xc2\xaf\
{\x08sZ\x9a\x9e&ZC\xc3\xc4\xd4\xfe1\xe4\xf3\
y\x18\x84\x13\x10\x10\x1a\xc7\xb0\x96uC\xee\x1dN\xd8\
\x8b&f\x1a\x01\xe6G\xa6P\xd8\xb0\x82\xc1\xf6d\xb8\
V\xa8(\x8aU\xa9h\xe66\x9c\xf56\x00\xdf\xb9\x0d\
\x88\xb7\xff?\x8c\xdb\xfc\x97\x88}\xd8\x1f\xf8\xd8\xf9\x22\
\x9b\xbdA\x90\x87S\xa4a\x9b\xb8\xf4(\x86I\x83?\
\xb5\x1a\xc2\xef=Hj\xd4\xac\xf0\xabw#\xa7\xe8\xb8\
\xbe\xd9\x19\x5c[\x1cXZ\xd2Fc\xe0,\xf9\x16\xa3\
\xe0\x11v\xdbE\x5c5\xb8\x1e\xb9\xeai&H\xb4C\
a\xe6\xb4\x8fo\x7f.\xc4\x8a\xd5m\xe8X\x9bC}\
\x8eh\xb2\xba`4\xb3.\xcc\xac\x03\x89\x1co\x08\x22\
}\x8e\x80t\xf7f#\xf8s.Zs!\xdc*-\
\xd5%>\x80\xee\xed\x96\x06\x0b\x18\xb8(\x0fI\xe1\x88\
Yd9\xcd\x0eK\x00I\xcd\xb9\xd6\xe5\x03\x95\x15\x86\
\xd9\x85\x8e\xcd\x9d\xf8\xce'O\x22\xdc/\x10\xd0\xfc}\
H7+\xe5\x92i\xeaG\xc2\xdd\x01\xa6.'4\xb8\
\x0d\x01\xe5\x85,q\xa5)\xc0\xdcgNH@\x1c\x01\
\x93\x16\x9faX(\x8d\xc5\x08Z\xa4\x8bK_\xf4\xe8\
\xc5bx\xf1l\xd1\x02\xb0\xf4\xef\xc1\x1cI\x86\xea\x8d\
2\xf3\x8bxj\x0c\xab \x11\x17b\x98\x9d&\xb2=\
\x12\x85\xf6\x062e\x81\x5c[\xc4\xb3\xea\x85l\x84b\
\x9cC.\xab`8\x16\x9a\xb1\xc4\x8eg]\xb8;]\
NM\x0de`\xb2\xd4\x8d\xe3\xe4 \x93\xb4\x9d3%\
'\x83\xb8\xab\x0b\xa2R\x81\xf4=\xcc\xd1\xc4 \xf1:\
8\xfd\x06\x88\xfb6\xdbm\xe1\x9c_\xcfc\xdb\x95\xbd\
\x08\xdc6\xde\xa6[\xab\x04\xa8\xcd\x99h\xcd5\x11\xd5\
-TfM4j>d\xe4\xc1@\x01\xb1E\x84\xa8\
\x08\x99\xd0\xd4\xba\x0f&9;\x13\xb4t\x9d\xc97\x92\
\x9c\x05\xb0\xac\xcdAn\x90\x08@FB\xbeI8\x04\
\xe9\xe2\x15VaN\x05^\xc99vb\xcb\xebB4\
np\x90'\x5c8k\xa0\xd4o \x97\xcf#_\xcc\
B\xd2\xce\x08\xd0\xbc\x04\xe5\xf3\xa4>E\xeb\xc1\xa9e\
\xe9\x22n\xf9\xba\x8b\x156\x11\xcfM\xc1\xe9[\x01#\
[\xc6\xb9\x17\x05\x98\xfb\xc5~\xcc~\xc8Cit\x18\
\xb7\xdc\xf7\x8f\xd8s\xf5k\xb0\x8b\x95\xa6\x12OF\xcf\
\x97\x82\xc3\x89\xfa2\x0b\xdeRf\xe9X\xc8u\xb5\xa1\
)\x05\xecs6\xc0:2\x8a\xfa\xf4\x02\x8b\x89\xb0S\
\x93@#\x940\xf6\x9fD\xfb\xf9\x1bQ\x05P\x0d\x02\
\x14\xdb\x0a\xc8\xe6m\x04\x04\xfc9\x02S\xd2\xc6\xd1\xb1\
y\x5c\xb4\xa6_S\x83\x89\x82O\x8b\x88c%T\xd3\
E\xae\xa3\xe3\x9as\x7f\xe3#\xe7\x0a!\x9e\xbe\xf5V\
%\xb7\xff3\xd2a\xff\xbc\x03\xd0\x9c\x7f\xc4\x83C\xb7\
X\xd9l{\xd8\xa0\xf1\x05\x9d\xa5\xb17\xb2m\x08?\
\x84}\xdf\x83\x08h\xb4\x93\xf2R\x06\xb9\x12\xb1\x85\xc5\
\xb9\xff\xc5\xee5GA]5%\x08&\xb7\xc4\x13\xbe\
x\x92\xc2M\xc7\x0a\x8f\x0c\xae\xc1k\xc6\xf6`\xae6\
\x87\xce\xac@_$p\xfc\x01\x85/\xfd\x89\x877\xff\
\xbc\x89\xf2 \x05p\x0f~M\xc1\x9fV\xa87\x034\
\x1a\xf3p\x1b6\xea\xf5\x06\xeaU\x07\xf5\xa9\x00\xb5\xd9\
\x00\xf5\x05\xc1\x9a\x04\xb4\xfe]\xd2\xc2N\xcbG\xdf\xb6\
\x0a^\xbf\x95\xb2\x05\xaa\x83\xa9\xb0\x0e\x12\x03%B\x07\
!\xcd\x09K\x8d\x97|\x12\xad\xd3\xc7\xc0Z\x1bk\xce\
\xb30\xb6\xd7\xe7\xebLM\xa4ds\x17\xb7\xc7\x0cE\
[`%\x0d\x8b\xf1\x8d$d\x91\xc1\x1a\x9d\x9dR\x9d\
\xae\xc7e\x99\x15\xc7\xff\xa6\xee@\x0bA\xcbC\x99\xd2\
\xe0\xf4:\xd1s3P\x9a\x8e-\x9f\x195\xe6\xc4\x97\
q\xc53\xd3\x86\xf4o\xfa\x93@%\x8f\xb4\x06k\x11\
\x82\xf1\x10-x\x98\xa5\x8a4C3\x1a\x06\xcc\xb6,\
\x9c\xee\x16\x0a\x9d\x01\x90%\xa3n\xa16\xe9\xa0\xf1x\
\x86\xa3y\xa0\x02t:&\xee\xea\x1f\xc2|\x18\xf1\x18\
4\xc3\xa9,\x8e$\x81,\xd5\x16\x9d\x88\xeb\x0d\x88f\
\x0b\x05\xc3@\xc4\xf8\x87\x8exT\xf3\x1b\xa4C8c\
C\xc4\x1e\x0aV\x16\x85\xae,\xfa\x07\xe8\x8dS\xddN\
3\x134\xa4SN\xf6\x0b\xd2\xedg$m[\xca\x9d\
\x09\xe0\xa3\x90\x9e\xec-$W\xc8-\x1eR\xfe\xa0\xed\
\x99d\x9c$\x7fN\xbf\x93\xae\xe2N\x86\x88\xb8f\xd6\
y\x1e)H)\xcb\xc1\x96KV&\xdd\x9e\x84\x82\xcc\
'\x8f:\x09z\xea/\x8eh\x85Gr\x82\x93\x0e\x22\
\xa5\xe6<\xbdI\xbb+\x1c\x8b\xe7\xf6\xfd\xe9\xd3\xc8,\
\xa7k\x9d\xc5\xf9\xaf\x0cp\xcf\xa3=h~e\x04m\
\xa3\x07\xf0\x96\x91-8\xb6\xf9\x12\x04\xcd:\xcf\xb1,\
\x8e\x95\xa6P\x08\xdd\x0c\x09SQ,[\x0e\xb4\x97x\
\x06\xa6f\x1a(m\x5c\x85\xf6\xec8\x16N\xcd \xa0\
\xba\x8d>\x83m\xa2\xb1\xd0B\xee\xe4id\xd6,c\
)x\xd72\xd0\xdeUFkx\x9a\x07\xe7h\x89\xed\
\xc9\xaa\x87U\x13\xf3\xc8/\xebA\x9d\xc6\x94\x85\xe0\xd5\
b\xae\xef\xc5F[[\xa9\xed\xb2\x8biJ\xf0\xe9\xdb\
n\x83\xda\xfe\xcf\xa4\x01\xffw\x07\x90\xb4\x11\xd6\xde\xfc\
s\xdd\xc3\x99\xfc\xab\xa8o\xc9\x02\x1c\x04\xeaP2-\
\x0cD\xd2\x80\xf9\xe0c\xa8\xd2\x08\xa6M\xd3iz\x94\
2\x0d\xfc\x89Sc\xd2\xc2\x22\x8f\x9bK\x92\x14\x19O\
\xf7\x84\x9d\x19\xb4\xa7h#\xe3\x08O\x14:\xb0i\xc5\
\xf9Xy\xe8>\xcc{1\x8aB\xf1~\xfb\x03w\x05\
\xf8B\xb5\x89\xf3\xce\xa7\xba\xd8E=\x11\xea\xacV\x80\
j\xd5Ac\x0eh\xd2\xd7\x84\x07\x7f\x8a\xa8\xfa\xfa\xf9\
\xd9\x90\x92\xf61E\xd8\xe5W\x00N\x9b\x8d\xd6\x1c\xa1\
\xf8.\x13RH\x82J\xeb\x9b\x9eY\x0a\xb2\xe8\xc4\x82\
:\xab\xfd\x1a\xe5\x903\x92N\xc1\xdb\x5cy\xbd3\xc1\
\x14\x04~\x91\x90\x04\xb3\xf1\x89\xe4\xc2\xce\x83\x86\x90\x08\
|K\xd6\x82\xf1r\x10\xcd1\xd7\xfb\xe0H4#F\
\xe0\xd6\xb9\xfd\xe3$\xa3\xc6t\x10r\x9c\x10{\xf5\xa9\
J\xeeS\x8as\x5c\xf3%\xae5<#@\xc4\xe7\x99\
\xd1\xedD\xda\x84j\xdd\x00\x11<W\xc0u\x15\x82j\
\x15\xc1\x88\xc0\xcc\x226O\xc8\xbd\xc7m*\xa2\xb3\xf6\
\xc5\x02\xc7W\x9f\x8b\xbbIq\x97\xc8X\xba\xdb\xabW\
\x86\xb1\xa7\xa3\xa8K\xa5\x9a\xc5\x0a\xceM)\xd1\xec\xe8\
f\xa6#y\xa1L\xcb\xc5\x89g,\xf4\xf54Q\xee\
\xf0\xd1\xaa\x12\x11\xc9\xd2+\xda\xa8\x04b\x1c\x86jx\
\x9aeHn\x10\xdd\xc3M\x98\x7f\xc9\x1c\x03G\xf4\xa4\
[\xc2NQ\xb3\xfe\xe8\x83\xeb\xebs\xa6\xf5\xa5\xef\xd5\
t\xc6 \xdd\xc1\x12@Q\xcdle\xce\xec|\xd4\xbd\
\x01=\xf1\xa7\xc7?\xa1\xb7;\x11}<)\xfb\x92\x1d\
\x8bg4\x12\x15\xec\xac\x01\xd7\x8f\x10\xccL\xc1\xee_\
\x8e\xf6\x8c\x81\xa1W98\xfe-\x13\xb5f\x88\xad\xa3\
\xbbq\xce\xfamx\x94\x98\x8e$\x22\x9bz\xf0\x14\xdb\
\xa2\xfd\x8b$\x1e\xb2f5\x8c\xe5}\xa8Q\xff\x9e@\
\xd8X\xa1\xd2ra\xad\xec\xe72+\x1a\x9e\x82\xcaS\
&\x11#\xb4\x1d\xb4\x86\xa7\xd0\xd9^\x82W\xc8s\xcb\
\xcf-\x97 \xccy-\x0eBRb\xc2\xc0\xf4\xf0\x0c\
6\x0dv\xa3\x96\x02\xd84j\x9f\x94F^\xdf\xc0\xab\
z\xaf\xbf\xe9\x8f\x84\x10S\xff\x5cK\xf0\x9f\xcb\x00\xf8\
\xa9\xa6\xcf\xbb\xf0&a\x9b\x1bb\xb7\xc5\xd2}\x8c\xee\
\xd2\xcdX\xc8!\xf3\xe4\x0e\xc4\xe3\xb3\x90\xd9</\xd1\
<3P\xbfX\xed\xeb\xc5\x13\xc9r\x8dD<\xf8\x8c\
\x22\xd0\xa20\xc8\xd2%t\xbaM8\x8f\x18_Y\xbd\
\x05\xef\xf2+h;\xb2\x83\xeb*\xda>\xeb\xd7\x03\x1c\
\xb8G\xe2\xe0\x13\xb4|5\x86\x19\x99L\xd8\x10.\x11\
\x8f\x08\x8c\xd2\xfd 2D\xfa\xa2-\x00I\x9c\xe1\xae\
#\x89\x82\xb4\xba\x81\xb5\x17\x94\x00\x93\xa2>\xe9\x04\xd2\
\xeb\xd3\x5c\xaf\x16\xb1\xd05\xa5f\xd2-\xce\x87\x0b\x0f\
\xeeB\x05\x0b#\x01?\xaf6:\xc5XB\xb3\xb3\x1b\
\xa5\xd9Q\x82\x14`\x18\x0a\x19ZK\xc6Q,=\xe7\
)\xf7<\xf5r\x89@\xa5$\xf1O\x1f\xa1\xaf\x97d\
,\x8e\xa8\xe7\xcb\xd8\xb5\xf6|(3\x8b\xac\x08aR\
\xa9\x91\xa8\xa2\xe7\x02\x1f\xc5\x85)\xe4\x82:2\x14\xa5\
\x03\x0f\x82p\x86\xa0\x09?\xa4(\xae\x87\xc3YS>\
q\x10\x04\xec\xd1\xf7h\xec\x98\xbe\xafoO\x92\xe1\xd2\
\xe7%\xa7\x14\x96K\x0f3\xeb/\xc1\x1fo\xb8\x08\xd3\
\x8e\x8db>\x87:\xdb\x81^g\x96\xee;`\xe3\xa4\
\x94'\xe3\xc05-\x8c\xf5\xaf\xc4Yp`\x0a\x0f\xb9\
\xd9\x02\x16v[\x98</D\xa93\x03i\xb5\x18\xc8\
\x8a=\x1a\xb4\xa2\xd2\x90\xca\xa9\xa6\xee\x96&\x12p\x9a\
Y\x998Jfs\xd2;L\x16\xae\xf25 C\xfa\
\xff\x18\xfb\x0fp\xcb\xd2\xb3:\x10^;\xef\x93\xcf\xcd\
\xf9V\xddJ]\xa1sn\xb5B\x0b\x09e\x09\x10H\
\xc6\x166\xd8\x98\xe01\x83\xe7a\x8c=\xc1\xff\x18<\
c\xcf\xcf\xd8\xd8\x83\x1f0\x18\xdb\xd8\xc6\xc0\xd8\x12\xd1\
\x08IHB\xad\xd0A\x9d\xbb\xaa\xbbr\xbc\xb7n\xce\
'\x9f\x9d\xffg\xbd\xdf\xb7\xcf\xbdb\xec\x99\xbf\x1f\x9a\
nU\xdfp\xce>_x\xdf\xf5\xae\xc0Q\x9e\xa7\xc6\
\xac\xfc\x9aCK\x88U\x93\xbe\xf7\xf5\x83%\xefB9\
\x0a\xb1\xafV\x95\xa8jIs\xf3Oi\xf1\x08\x16\x1b\
\xfc!|\xb0\x0a\xaf\xc9\x0f\x8a\x03\xecJ\x9b\x97\xb86\
\xfa\x8d=\xd8\xf5>,\xd3\xc7\xdc\xe9],\x9dv`\
\xbc\x92\xc0Z[\xc4\x07\xb7V\xf0\xfa\xe4Q\xf4\xc3\xae\
:$E{aK\xca2*e\xa4\xb3\xd30ke\
\xb1\x14H9\x89\xc9\x19\xa4\xcc\x09\xa4\x0efnR!\
\xf9w\xb7\x91\x16\x08h\xf3\xbd\xd8\xe8_[A|\xee\
8\x02\x0a\x80<\x07~\xd9G\x97\xe0\xa0E%\xa9\x89\
\x95\x9d.&v[\xb0j\x15D4\xd6\x11\xcb8\xd3\
\x0c\xc2 \xcb\xea\xb5{*\x7f\xe9\x07\xbe{\xe3+\x7f\
\xf0\xdb\xffO\xd3\x80\xff\xda\x01@6F\xfa\x1e\xc0~\
\xa9>\xf2\xa9\xc4q\x0c\x84A\xca\xc8?\xdat\x1b\xa5\
\xa2\xcc\xf9\x93+\xb7\xd1\xf7J\xb0d\x1c\xa1\x87;\xf9\
\xe6\x97\xb3\x80\xae\xba)\xec4\x14\xffx3!\x15U\
\x19G\xf2F\xb1\x22\xceU\xe9\xe1\xee\x8a\x17\x9f\x0a\xae\
P\xc8/m\xa8V\x1d\x0b\xbfu\xfcq\xfcX\xb7\x07\
o\xe5m\xb9\xf9f\x0c\x03\xc5\xa4\x87\xbd\xfd\x9c\xca\xa1\
\xe8\x10\xecD\x89\xe59T\xf3e\x19<\x86B\x10\xff\
\xa73q\x0e1\xe8Y\xb1q\xda\xc6\xd41\x051\xa7\
A[r\xe2D\xb0\xc2\xdbY\x0e+M\xbc\xa1\xe0\x88\
\x19{\x04\xc1\xec\x02Z;&\x82\xe5\x8c\x82]\x01\xe9\
\xbc$\xc5\xdd\xd9\xfb\x10\x8cN\xe2\xc8\xe6\x0a:\xc4\xae\
-\x13n\x91\x9ar\x8e\x0ah\x8b\x99\xafV\x0ejr\
\x82\x90.i9\x01\xa7\xc5y\x9f\xd4R\x15,\xc2~\
.(\x8e\xe3_\x1ey\x10\xebb\xa3\xa6?\x11\x19+\
\xf2`\xa3qg\x82J\x92\xa0\x9cf\xa8g1F\xd3\
\x08\xb3\xbd6\x16:;\x18\xeb5Q\xefvP\xeb\xb6\
a\xf7\xbbH\xc2\xb6\x9a\xc6HL97\x0bG\x8c\xfc\
\xff\xe4LXph\xb5V\xa9\xe0\xa5\xa3\x0f\xe0W\xe7\
\x1f\xc0*\xfbI\xbf,\xc0\xdf\xc1ev\x88\x5c\xceM\
\xab\x15}}\xc3\xc0\xed\xe1Q\x89\x1aOC:\xdc\x04\
h]1\xb1\xbe\xd4\xc1\xd4\xb4\x8f\xfa\xc4\x08\x0c\xa9\xc0\
\xf8}\x8e\x84\x9c\x921\xa86\x98\xa6KK\xaf\xcc\xec\
\x05\xc5\x04e\xd5\xc5\x1b1w`\xca\x9d\x94\xb4\xe0B\
\xbf\x1em\x9f.6n:\x86-\xff5\xf9\xc1\xc01\
\xad\x8co\xf5D'\xf7\x1f\x90\xe3[\x94\x11\xe0g\x9b\
s=\xe4\xc0\x17\x83\x87\xdc{R\xe6\xd6\xea\xc0 \xd5\
\xddH\xd0\xdf[Gil\x1a>=\xc2O%0_\
7\xd0\xee$xb\xe5:\x8e=\xf6\x1e\x5c\xe4A\xc5\
\xafe\x15\xcb*\xcf\xb6\x90\x14xp\x19\x88\xb9G\xc8\
V\xd5\xe3=\xa9c8E6\x0di/qdR.\
\x1ek\xa3!\x86\xb7!G\x95\xdd\x10\xe5\xa5U\x14\xe7\
\xa7\xd0\x8eb\xd8\xe5\x02\xd0\x22\xa3\xcaA?\xcdp7\
3\xb0\xb0\xb8\x85\xf1\x87\xaa\xe8\x91:?p\x9fJ3\
\xa7R5+\x0b\xc7>\x0a\xe0w\xfe\x9fF\x81\xff\xe5\
\x03\xe0\xefg\x06~\xde\xc8^\xff\x1f~\xf9\x91\xd8\xf3\
\x1fO\xfb\x82\xf1\x921\x81\xd4\xb1Qn\xb5a\xbd\xf6\
\x16\x02\xa7 /Z\xe8\x93\x83\xf5\xa1\xca\xdb,\x0c\xa4\
\x9a\x9a\x1d)`jj\x1c\xd5\xd1:\xca\xd5\x92\x8c4\
\xf6\xe9z\x13\xa6\xb0\x9b{X\xdf\xeb`o\xa7\x89\xde\
~\x17\xedF\x07\x01\x0f\x04>D!mg\xb8V(\
\xe0W\xee{\x0f\xfe\x82_\xc0\xfc\xdd7\x90\x84,\xc1\
\x812g\xa9\xdaKGq\xa2\x95\x7f$7\x10\x19\xf6\
E\xb1\xd2f_j\xa1E\x16\x80\x90s \x90\xdd\xf0\
Y\x17c\x13\x05D\xf4\xb0\x93\xf4\x02\x15\x99\x9d\xdf\x16\
\x07\xd9}\xec\x13#\xd8~A.\x8a\xed\xbb&\xc2m\
u\xa0P\xc5e\xd3\xc5u\xfa\x18\x16\xc8|\x94\xcd\xa5\
\xe6\xca\x85\x22Yg\x05\xb1)\xe3\xcf\xc8\xa7\x9dB\x07\
\xce\x11\x10}P\x0a\x83\x95l2\xf1\x0dT\xb7\x03\xe7\
\xdeT\xf1)_D\x15\xbe\xa9Ve*\xc82\xf1\x81\
V\xfe\x91\xda\xaex\x00\xa4\xa5:\x8c\xf1#R\x02\xd6\
\xe3\x18\xb5\xa4\x8f\xd1(@)NQ!:\x1d\xf7\xe1\
F$\xd3\xf0u\xab\xfb\x92\xcc\xcc}\xb7\x80k\xc52\
\xae\xb9\xfc,9jf\x82SQ~\x8f\x92!\xe7e\
\x89\xdat\xf2?\x07\x96\xda\x19\xd6\xcbu\xf4*u\x18\
;\x1d8n\x0c\xfbv\x17\xeb\x17<l/\xb4P\x19\
\xb5%\xd3P\x0e \x09[aE\x95\xdf\xfa*oQ\
\xb9\xab\xb0\xc4Q\xe4\xa7\x1cx=\x90\x09\xe7j[\xed\
\x18t\x18B\xd6\xf2\xdd\x5cJ\xac\xa6I\x8aw!\xcc\
R^\xb9\x9aL4\xe8\xc9Y\xd5\xe5\xef\x0bzD-\
\x9bR;8s\xfd\x89\xca\x85kCE\xc0\xf3\x9f\xb6\
\xc3\xdc\x80\xb6X\xc6\xbbF&\xb2\xf2\xbe\x18\xe0\x18\xa8\
\xdd\xbc\x80\x07\xf67pqz^\xb8\x03\xa9e\xc8M\
\xcf5\xcc\x84d\xa6O\xf3\xb6\x97\x8aD\xaa\x1e=\xc6\
\xd4SqyW\xbd\x10\xf6\x91i\x94\x82\x10\xadFO\
\xd2\xb3\xe9}\x18n6d*\x83J\x09\x89G[y\
\xf5\xcc$\xbf\xd1\xb6\xb1\xb4\xd6\xc0\xf8==\x98\xb6\xa3\
\xa5\xe5$%\xb1\xff\x0b\xe0\xd7\x86\xbe\xeb\xe8O\xfe\xec\
\xa9;\x86q\xf5\xbff\x1e\xfa_>\x00~\x0e\xc0\xcf\
\x03\xe9\xc4\xf4\x0f\x18\x9eS5;=\x11\xfd\xf0a;\
\xb6\x0d\xf3\xf9o\xa3\xd3\x8d\x91\xfa\xec\xb1\xb4+\xae8\
\xb9f@\xbb\x85\xd1\xba\x87\xb3\x8f\x9e\xc0\xf1s\xc70\
~dF\x04\x0f\x89\xc5\x11\x1f9\xff\x19\xea\xc4s\xe8\
5\xa7\xbd\x00F\xe9|\xda\xed`kk\x07\xbb\xd7\x97\
\xd1\xbf\xb2\x88\xf6vW\x16(}\x02\xef\xf8\xc0\xbf8\
\xf5$\x9e\x19\x9a\xc6\x93\xcboab\xeb.j\xe2\xe5\
\xa6\x9e\xa1\x9a9\x93\xa7\x9d\xc2,y\xe8:c\xd8\xa9\
M\xe0\xf5R\x1d\x8b\xa5\x1a\xde\xb9\xf8\x16\x0a\x9b\xd7\xe4\
\xab\x82R\x86\x93\x0f\xf5dS\xf7v2\x11p\xb0\xbc\
T\xca3\x13i\xac\xf3\xeee}(\x7f8\xc3u\x90\
\x85\x06\xd6\xef\x18@\xd7\x82\x89X\x22\xa9\xc2\xca$n\
\xd4\xc7q\xaawML;\x95H\x8d2d*\x15y\
\xe3r\x86!\xabj\xa0\xd3\xcf\x1d\x92T\xefI\xfc\xa1\
\xab\xc9$\x9c\xfb\xab\x12%&\x98Z`n\xbcf\xf7\
\xe5\xfe\x85R^\xea\x1b*w8\x92\x8b-\x83ML\
!\xa3Ih\x86-\xf9\xdb\xc4\x0d\x96\xddR\xfe(\x84\
\x9a\x899|k}\x96\xd2\xc2\xb29\xd8\x0c\x0e\x17*\
]\x94\x1c\x17F\xb5\xaaKr=\xbb\x95}\xa4Uy\
:/Pz\xf4 \xc4U\xdb\xc3\x9d\xc9S8\xbb\xb3\
&%n\xb5\x9f`\xf9k\x09V\x1e\xecb\xe6\x88\x8b\
B\x95\x8e>,\xe1\x99\x06Ec\x0eWm\xc2\xdc\xb7\
@\xde2oj\xd5\xc3\xe6D !i\xf1\xf0\xcb\xd7\
\x97\x94\xd5^.\x02\xd17\xa9J`V\x84.\xa5\x93\
H\xd3P>\x07f<\x88\x14\x9b\x97IJ\x0a8k\
'\xf6mD\xfa\x0f!\xab\x99\xae(\xe4\xe2\xa4HI\
\x99\xb9\x0d\xe8\xe9q\x1fI\x1c!\xe1\xa5\x16E0\xb3\
\x98\x16\xfd\xe8\xb4<\xd8Y\x0c+\xed#n\xedb\xae\
\xb1\x8b\xda\x8c:\x00\x1aZ\xa2,\x8cWR\x9b\x85\xd4\
I\xfc\xeb;\xbb_%\xa5\xd5\xaf\x83\x9ft\x10\xa1\xb3\
0\x87\xf2\x95[\x12\xa7F\x7f\x80\x80\x97\xd3\xe2\x06\x8c\
c3\x02\x10r\xa4,\x0fZhx\xc0z\x98\xa0\xbb\
\xb1\x8f\xca\xd1)\x04a\x082\xac#V\xeaa\x98&\
CC\x13\xd6\xbb\x9e\xfe(~\xed\x1f_\xc5\xcf\xfd\x1c\
\x08\xe8\xff\xffq\x00(\xe2\xcf\xc8'\xfeZ\xa5]\xf0\
\xdf\xcf7/=\x17KC\xaf\x00\xf7\xd6\x22\x92\xe5\x0d\
D\x0cY\xcc\x8d\x148_\xef\xf71R2\xf1\xf8w\
\x9f\xc3\xfdO?\x88\xda\xd8(\xfaq\x86v\x10\xa2\xd9\
!\xe9D%\x9d\xf0\x80\x0d\x18/\x95\x19\xaa_M3\
\xf9g\xea\x14P=r\x14\x95\x85\x05\xf4\x9e|\x10\x8d\
\x0b\xd7\xb0\xfd\xea\x15\xec6\xfbR:\xb5\xcc\x0c\x7f<\
:\x83\x17\x86\xa7p\x7fc\x1b\xe7Z\x9b\x98\xeev\xc5\
\xd1\x97\xf3\xd3\xae\xe9b\xcb/\xe2z\xb1\x86k^\x19\
\x1b\xae\x87\xd0\xb1\xf0D\xdc\xc7\x87.\xef\xcbi\xcda\
Kv\xc2\xc0\xd1s\xac\xc8\xfbb\x14#vC\xd2\x1b\
(\x89\xb0\xba\x11\x92\x81\xe6\x5c\xf8\x04$il5\xb0\
|\xb1\x0f\x7fG\x7f\x90\xe4k\xd7\xc7\xb1\xe2\xfb(\xb0\
\x8f\xd7\xfe\x82BP\xb2\xba0\x8c!\xb9\xd5\xb2\x94%\
[\xce\xddg\x9f\xc6\x05\xcc/\x8ee\x93I\x11K\xf4\
\xf0\x90\x12\xb6[*\xa174&\x87\xa9\x1ab\xe7\x1a\
v5\xfa\xcc\xa95\xaae\xd2a\x17\xb9tX\xa3\xdd\
\xea3Ka9.\xde\x1du\xf0\x81\xe5\xeb\x18\xda[\
\x15 \x81Y\x0dw\x87\xe7\xf1\x87\xa3Gq\xd9v\x05\
\x80\x8c8\xfd\xe0H\xa9ZER(\xc0\x14\xb0J\x83\
\xb8y\x96C\xbeB\x0e\x99\xa46R\xe0\x1b\x0b\x0f\xe0\
\xf4\xd6\xdb\xe8on\xa1F\xfe\xfcj\x88\x957l\xec\
\x9eN13\x96\x22k\x10\x0bP\xa6)\xd4\xfa\xe7L\
>%\xacT\xecJ\xe9\xc1\xf3\x94f\xd9\x15j\x22 \
\x0d\x19\x03Y\xd8\xffi\xd7 \xf1k\x10\xaa\xd0!\xd0\
0\x97#R\xfa\x9d$p\x8a\x8e\x1a<\x90\x19\xaa\xf2\
u4\xfb3OnV\xed\x98zl\xfco:\xd1A\
\x1f\x00<\x1c\xb9\x06\xe8'a%\x0e\x9c\xb8 8F\
k\xb7\x83\x1b\xd7,\xec_10\xceL\x04\x83\xf1m\
}\x8c\xb6\xb6a\xd4\xeaH\x19\xcf&?\x92\xed\xa0\xf2\
EP\xa6\xae:G2\x07\xecrJ\xb9\xd6\xc2\xe4^\
\x94r\x0e\x9e8\x82\xe2\xe5\x9bb\x7f\x1e\x130\x0c\x13\
X\xab[\x88\xe7\xa7`\xfa.\x8c\x16\xa9\xe0Z\xc9\x98\
Y\xd8[\xdeAm~L\xc7\xd7\xaaK\xd5\xe4\xebw\
|\x84\xb3\xd3\x1f\x01\xf0\xcb*\xd3\xee\xff\x8e\x05\xfc\xdf\
\x0f\x80\xcf~\xce\xc4\xa7\x91t\x1fy\xe73\x91\xeb\x9c\
\xe3\xfcL\x18\xe8\x94<F!\xac\xb7\xaf\xa0\xeb\x14E\
SM\xe5\xd3P\x92\xa1\x97tp\xea\xe1#x\xe6}\
O`hf\x12\xbd \xc2~\xab+\xb7\x1a\x99O\x9e\
\xe7\x88\xb1&\xfb\x96\x90\x09\xbe$\xc8h:%\xe9\xae\
\x05\x93\x22\xa0T$\x91\xfc\x1a\xcf\xf1Px\xeaa\xd4\
\xce\x1dG\xf8\xdck\x88.\xdc@\xc8\x8dcF\xd8\x89\
3<[\x1d\xc7\xb3\x95Q\x88\x01)I3\xc2\xf3\xcc\
\xe7\xe6Z\x94\xd3\xefa\x08.>s\xf3\x02\xd2\xd6\xa6\
XZ\xc5\xb6\x89\xfaS\x1e\xa6g\xc9\x15\x08\xa5/s\
\x0b%YP\xa9\xa0\xd0\xdcL\xfcgN\xe1\xed\xc1t\
\xcb\x80\xd5\xc3\xd6\xcd\x16v\xde\xeac$\xe3\x84\x9aX\
\x83\x85\xab\xd5\x09t\x12\x07\x95>\x8d1\xd5\xc6\x08D\
LT\x1e8\xd6({*\xc5\xf9\x17!\x92|\xca\xf9\
t\x81\xdc\xf7\xb6\xd8[\xb3\xaa\xe0\x18\x8dgQ\xd7\xaf\
\xa2\xc7\xe1\xb5k\xcbX\xca\xe4X+\x0c\xa4\x14t}\
\x07Q\xbb\x87\x8c&\x91l\xb3\xda\x1du\x89\x13/\xc8\
\x0d5\x84\xf0D-\x85\x8b\x9f\xde^\xc43\x97\x9e\xc5\
^k\x17Q\x12)\x0bm7\xc3\xd9\xdbo\xe2\xbe\xf1\
S\xf8\xcd{\xdf\x83/U\xc6\x85\xe2\xca\x123\x1d\x1a\
Vx\x01o1\x8ah4x<`n\xca\xfbR\xe0\
\x9a\x94\xb7\xc8\xf0\xad\xf1q<~\xe6]x\xc7\xce\x1f\
#HR\x8c\x04\x0e6_\xf0q\xf9\xbe\x04S'b\
\xf8\xe3>\xe2\xbe-n\xcf\x14\xfb\xa8\xdb:B\xc6C\
X\xf6\xa2\xa7\xc2K\xc9$\x0d\xf9\xd90\x99\x85\xb7\xb9\
\x9a}&v\x09\xa5\xb9\x11x\xe4\x22\x04\x1a\xb4\x1d\x18\
\xb3+T_\xf9\xf9\xb1\xa2\x02\xecR\x86\xad\xb5=t\
\xafu`\xbb\xfb,AT\xe9<hcx\x9b\x93\xba\
\xce\xb5\x92\xc0\xce\xf3 \xedD\xf0\x07\x1e\xa2&\x1d\xa0\
x\x09\x98\x91\x8c4\xb3\x846_)6\x02\x1fo_\
\xb4`^'\xa5\xdc\x10\xd6#\x9f\xc2\xdc\x1b\xcf\xe1o\
\x95\xca\xd8\x1f\x1e\xc5\xc5\xc9#x\xad:\x8a\xfd\xb8\x0f\
+Q\x02\xa3\xbc\xa3\x91\x0aC\xc5>\x0d\xb6\xa2F9\
Tk\xc0\xdcE\xcf\x86u|\x0e\xb8\xb2\x84\x8c\xe0'\
1\x96V\x0f\xc6^[26\x8dfOqE$\xd9\
)\xc3\xfa~\x0f\xe3\x8d.P+\x0b\x18\xa8\x1c\x83L\
\x83\x15\x85U\xab=v\xe2\xef\xfe\x83s7~\xe1\x7f\
a\xb2\xb0\x81\x9f\xff\xf9\xff\x97\x03\xe0S\x9fR\x09\xd1\
C\xc3\x9f\x82\xeb9i\xbb\x9fZ\x86i\xb2\x07\xf2\xde\
:\x8fn;D\xec\xd3z\x89\xec\xac\x10\xa5\xba\x85\x0f\
|\xe2}8\xfa\xc0Y9\xe5w[=X\xf4<w\
]t\x93\x0ckA\x88\x8d~\x88\xed0F\x8b\x87\x05\
\xf9\xe7Y*\xad\x00Yn\xaem\xc3fB\xaa\xeb\xc8\
\xd8\x89\xd1\xa74\x95N;t\x04*\xe0\xf8\x87\xde\x8b\
\xe0\xd8\x1c\x96\xbe\xf4<\xfa[\x11{\x10\x18!m\xb2\
\x12\xb9u\xd5\xe3\x8b\x0f\xc4=Z\xcaK\x10\xe8\xdd\xfd\
\x1e\xc6\xb6oKV\xfc\x04\x80\xedZ\x86S\xef\xb4\xe1\
V<\xf4\xf7\xe9\x95G\x7fw\xa6\xc5jym>o\
\x16:0o\x92\x08f5C\xd6\xe9\xe1\xe6\x85\x0e\xa2\
\xbb)<\xd3@L\x82Jq\x08/\x0fM\x89\xf3\xa0\
G\xady>\xa3\x97\x1b\xab\xc5@z\x18\xa0\x99#G\
az\x04\xca\xd5N\xde\x81\x18\x94\xd0\x1e\xcc\x03\x12\xf2\
\x04\x22\x19\xdf\xd1\x82\x9b\x8b;d\x84\xba\x90H\x5c\x90\
\xd7\xab\xac\xd5B1Be\xfe_v\xa2\xa6\xbd\x02i\
\xca\xdb\x83\xbb\xbc\x8cteC,\xd1\xa4M\xe0\x0d\xe8\
\x17\xf13\xab\xd7\xf1\xcc+\x7f\x84[AO\xd6\x1b\xef\
\xc2\xac\xe0\xc2\xeaP\xd7\x16\x01K\x97\xf0\xd7\xa3.\x82\
G\xbf\x07\xcfVG\x81\xd1\x11\xf1f\xc8\x17\xaa\x18g\
H_\xadQ{\x96\xdb\xb9\x19f\x8e\xdc\xf3\xe7\xfa.\
\xfe\xd3\xe4i\xcc\x9f^\xc7\xd4\xc5\x17\x84o_\x5c\xea\
\xe2\xd6\xbf3Q.\xdax\xe4\x19\x03F\xe8\x22\xbc\x9b\
!j\xf5\xd1o\xb7\x11\xb5S\xb1\x1e\x0f#\x03A\x9b\
\x87\xbf\xb2#W3\x0b%\xe1\xe6d\x89\xa5s?,\
\xa3\xba\x10\xe3\xc1\xef\xadJ\xe7\xa2\x22\xe5X`\xb1\x9d\
P\xe5\xba\x1a\xd9\xf2\xd6\xe5\xf3\x0d\xb1\xfe\xca*^\xff\
z\x1b\x19\xb9\xbe\xac:R\x9a\xc8\xeb6\x8a)E\x06\
U~E\xc1iL1{\xe1\xa1\xc7\xf0\xd4D{\x8f\
v\x84\xa6\xcd\xda\xc4\xf3\x13\xd8\x85\x00Qlbu\xc5\
B\xef\xd9}\xcct#\xd1\xb6\xb1\x0a\x0b\xb8t.\xbe\
\x8a\xa7.\xbe*\xf9\x03\x1f\x9d]\xc0\xdd\xf7|\x10\xbf\
\xf2\xf4\x87\xf1\xbaG%\x9fr\x8d\x92\x16\x19\x87RL\
\xb4\x1d\xb1\xba\x1f\xb4\xc5\x1bO\x02\x1e~\xb5\x0a\xec\xe9\
1\xd8\xeb\xbb\xa2\x15\x10\xa6\xec\xce>\x92\xd1!UE\
\x0c>#\x03\xad Ek}\x07#\xc3\x151\xd1Q\
\xc7\xa2a\xf4\xa3(\xcdj\xf5\xaa\xf1\xc8CO\x03x\
\xe3S?\xf7s\xc6\xe7\xfe\x5c\x1b\xf0\x9d\x07\x80\x9e\x17\
\x8e\x7f\xfc\xa7'\xf6]\xf7)\xde:\x22rsm\xa4\
\xbb\xbb\x08n\xdcF\xec\xf9,\xde\xe0\x06=\xcc\x1c\xad\
\xe1\xfd\x9f~?\x86'\xc6\xd0iw\xe56/\x93\xc8\
\x10\xa7x\xa3\xd1\xc1\xadN\x806\xcd>9\xe7\x14\xb6\
\x92*[\x09\x91\xb9\x0c\xdd`\xc9\x9c$rp\x04\x0c\
\xdc\x94\xf1\xb4\x85&\x01\x10\x96\x85Q\x88(\x0c\xe0\x1c\
[\xc0\xf8\x0f\xd6\xb1\xf7'\xcf\xa2qc\x1d (\x17\
\xf4U\x99\x96\xcf[\xc5Z\x89\xfd\x16?\xd0\x04\xa3\x8e\
\x83\xef\xba{\x0d\xcd\xf6\x16\xefczf\x22yG\x09\
g\x1e\xae\xc8&$\x00h\xd2\xcd'\x17\xfepy\x88\
\xcb\x8c~\x80\xf4\xfa#\xb2Pt\xb1{\xb5\x8b\xdb\xaf\
\xb8(4\xfa\xb0\x08\xf0$\xc0z}\x12W\xbd\x22\xea\
F\x0a\x9b%\xaa\x06\xc5R)+\xb5\xab\x90\xa2L\xe5\
4\x19\xb5@\xb5\x8cL)\x19md1=\xeb\xc9\xf9\
\xd2m)?\x06r\xc55\xd0\xc3E\x22e\x22o\x01\
\x1e4\x8b+0F:0\xa6&\xe50$V\x10O\
\x8e\xc3\x9a\xdf\x86y\xfd\x16\xb2F\x07Y\xa9\x8cO\xb6\
v\xf1]o|\x057h\xf5\xedxh\xce\x95p\xec\
\xa7K8r\xef\x08\xae\xbd\xd0\xc2\xc6/\xae\xa3\xd0\xc8\
\xb0\xb7q\x07?t\xf3%\x5c\xfc\xee\x1f\xc1f\xc1\x11\
\x0e\x86p5\x12\xb6:\x96\x1c@\x96a\xa2d\x00\xed\
(B*\xb6XL3\x16\xe0B\x1d\xc0\x9e\x8bE\xc7\
\xc6\xbf=\xf5\x04\xfe\xdb\xdde\x946\x96D\xc3`\xbe\
\x9d\xe2\x1b\x7f?\xc2\xcb\x13!\xcavA\x11\xa6\x86\xe8\
\xba\x94\x22\xec\x19\x08hj\x9c\x98\x08\xfb)zmN\
\x8944\xe0\x12AW\xc0\xa3\xc5)\xc2L\x88w\xcd\
\xef \x0b\xe7\x94\xecW`\x01nt\xe5\xf7\xa7\xafN\
y\xc6\xf4\xd1#\xe5\xd6(9X~\xd6E\xbc\x1e\x09\
\xdf_\xc4\x91:zN\xb5\x0f\xfc\xbcXJ\x93\x11\x98\
3,\xd4\xdaT\xa8\x12\xcb{e2#\xed\x96o\xc2\
\x88S8\xd1>\x95%\x88\xb5kS\x9a\xda\x08\xdc\x0c\
n\xb5*\xd1\xe5>\x8d;\x17\xdf\xc6\xe4o]\xc2?\
\xbau\x09\xff\xe6{\xfe*\xfedhX\xe8\xd7}\xc7\
G  d.\x83\xd7\xad\x147\xbf(5sQ\x0d\
\x0f\x81\x10\xe9\xf4(\x92V\x07\xe8\x13\xe2\xb7\xe4\xf7\xd3\
Y\x9a\x9a\x00\xb2&y(\xf0\x22\xa5\xd2cm\xad\x81\
\x99Sl1\x0d\x99\x96\x91\xa6\x1e\xf2\x19\x11\x1c\x9c\x9a\
\xfa\xe8Y\xe0\xd7?\xf7_h\x03\xbe\xf3\x00\xf8\xdc\xe7\
d\xa5\x06\x8f=\xf4Tj\xdb\xc7D)\xc6\xf3\xd3\xb2\
P\xbdr\x15!5\xdb.\xf9\x8am\x9cxp\x06\xef\
\xff\xd4\x07\xe1\x1b6\x1a\x8d6\xaa\xb2h\x817w\xdb\
\xb8\xd6\x0d\x18\xdcD\xcb\x22\x14]\x07\x05\xc3@Os\
\xbf\x09\x04\xf2$V\xcc5\x85\xa4\xdb\x04\xe7\xd8\xaf\xb2\
_JT+`0\xd8\x82\xee\xc74_hw\x84k\
P\xfa\x81\x8f \xfc\xcf_Fxy\x05\x09Yi\xf4\
\x7f\x97[H#\xaa)}w3I\xceyW\xd4\xc2\
\xc8\xcae\xb4S\xa0\xc2\x00Q+\xc3\xc9\x8fY\x18\x9e\
\xb4\x10\xf7\x0da\xdf\xd1\x96[=\x0d\xf5\xe1\xab\x06,\
\x92\xd9<M+h}Ms\x8a\xbbWc\xec^`\
\xa4\x95\xb2\xeb\xa6\xae\xfb\xea\xd0\x0c:\xa6\x85\x09\xcf\xd7\
\xa4]\x05\x1d%J\xae'\xe4Xz\xde\x89\x87\xe0\xe0\
qkW\x1f\x95r\xaa\x16.\xd3\x93\x22\xde<\xea=\
\xf0\x0c\x0e\xaau\x18\x93c066\x91rAQ-\
&&#\x14?X\xc0^K\x18\x98\xd6\xd1YQ\xeb\
1n<\x1a\x1b\x8512\x0c\xe3\xc6m\xccl\xef\xe2\
#o\xbe\x84\xf5\xce6\xe8J\xce=t\xec\xa7*\xf8\
\xd8\x8f\xd6\xa9\xea\xc0\xb9G[\xf8\xed\xb5\x0a\xa2_m\
\x89\x07Cu\xf9:\x9eil\xe2\xb3\x85YY\xf0\xec\
9\xe1\x15\xf1x\x1c\xe1]K\xd70\xbfu\x07\x0e\xe3\
\xc1\x98\x06\x5c-b\xc3-a\xd3\xf1\x91\xb8\x0e6\x9d\
\x22\xb6\x99nS\x1b\xc6\x0b\xc4q\x9e\xf8(>\xf3\xca\
\x1f\xc2_Y\x93iMr7A\xfb.\xcd\xea\x14\x8d\
Y\xf5\xa9\xb9\xd5\xba4+\xf2\x5cr\xab\x14ud*\
#\x15\xa5\x9b4\xe0\xbb!\xdc\xb2\xab\xda\x10\xf1\xef\xd3\
\x93\x84\xdc\xd0S\xd4\x96<PYE\x84p,:1\
7P\x8c\x03\xf5\x5ccE\xcbR\xd8\xae\xf2P\xd0\xab\
\x06\xf9<C^\x85&b\x91\xde-$\xde\x9c\xd5\xcb\
\x7f\xef\xa9q\xb3b~R\xe1\x07\xb4\xb9\x17>:\x82\
\x13?P\xc3\xf0x\x09\xfb\xfbu,\xfe\xf1:\x8c?\
XD\x9f\xb4\xd3\x17\xbe\x8c\x9f\xba\xbb\x84\xd2{\xfe\x02\
\xbe45\x83B\xb5\x8c\xed\x99I\x98\x15\xba\x04\xf0\x90\
\xe5u}\x909\xa1\xb8\x11j\x0dHp\xac\x99\xa2<\
;\x8e\xfe\x8deE\xf8\xe2\x0b\xe0\x01\xc0\x91\xb9n\xc7\
\xb8\xbcb\xd3\xc4Z\xa3\x8fh\xb7\x85\xf2H\x1d{a\
$\xfb-\x22N\xdb\xeb\xa1T.\xbf#\xf8\xdb\x7f\xff\
4\xfe\xc9\xcf_\xf8\xf3m\xc0w\x1e\x00\x9f\xfa\x94\xe2\
FTk\xdfe\xf8\x8eI\x85\x8b\xe9\xb8\x96\xb9\xb9\x05\
ci\x15\x99_\x81\xd7\xe9\xe2\xfeG\xe7\xf1\xd4\xf7\x7f\
@\xe6\xfa\xfd$\xc2x\xc9\xc7r/\xc4\x8b\xbbm\xec\
F\x09J\x8e\x8d\x9amIi/\x9au\x83\xfahu\
\xf3\x15-\xa0\xc7\xd3+SZp\xde\x844\x06\x15\xfb\
L\xbeq\xf6\xf4\x82\xd6&\xe8\x1f\x12\x0a\x99Q\x00\xdb\
v0\xfd}\x1f\xc2~\xf2y\xec\xde\xd8THy\xaa\
)\xa1\x9a\xf4\xd11\x5c\x9c\xf0]|\xe8\xf6K\xe8\xb7\
\x9b\xa8\x9a\xc4\x1eld\xcf\xb8x\xf4\xbdb=\x83\xb0\
I\x85^&\xae\xbf\x14\x07\x89=\xd7\xc0\xff\x89\x9f\x0b\
-ml\xd8e\x0f\xcd\xe5&\xae\x9fO\x10\xdd\x0dP\
03\x919d\xb5\x11\x9c\x1f\x9a\x00<\xaa\xe9\x0aR\
u\x0c\xc8\x8f2OV\x8b\x92\x87\xbd\x1aU\x1d\xf2\xb5\
\x1b\xb8\x07)]{\x94\xf6\xc0 u\x9a`H9k\
f\x88\x987Y-#-:0w\x9bH7w\xe4\
\x19(f\x19\xfd\xcf\x1d\x18\xed\x1e\x8c\xf3\x97\xe1\xccO\
\xa277\x03\x8b\x07h\xd4Gx\xf6\x14\x9e\xb8}\x13\
\xf5\xdf\xbf\x8a\x1d\xd3\x86O[\xadS&\xee{\xc4\x00\
\x9a]D\xbe\x0f\xa7\x07\xcc\x9d\xec\xe0j!C\xa9\x9f\
!n\xef\xe3\xde\xb5\x9b\xf8\xfc\xc4\x1c\xe20\x84W,\
\xe3\xbf\xbb~\x01\xef\xff\xe6\xef\xa2\xbbq\x1b\xc9\xc0P\
\xc3@\xe6\xb9\xb8\xdf\xa9\xc0d\xbbTdRq\x11\xfd\
\xfa0v*\x13\xd8\xf5J\xd8s\x81\xfd\xe1#\x98X\
\xdb\x84\x95%\x18\xb3\x80\x02\x13\x95\x07l\xc5\x03\xae\x5c\
.\x09\xce\x0d~\x8c?'\x0d\x96\x0dK\x9c\xa7\xec\xc0\
\xf25P(b m\xa6\x9a\xf3\x00d\xbdh#R\
\x0aoh\x00k\x9a\xa8\x0c\x1b\x98\xdcS\xb7\xbfx\x0f\
\xe8<\x87\x9c9\xc9\xbf\xf2\x8c\x10\x89]\xe3_\xb9\xe7\
\xab>\x0cd\xd3\xe9\x8d\xcf\xa9\x15\xd7\x1b\xd3\xa5\xda\xe3\
%\x0c\xfd\xec\x14\xde\xf5#C\xa8\x95}\xc5e\x81\x87\
s\xcf\xcc\xe0\xb9\xfb<\xf4~\xf5.J\xbb!6n\
_\xc6g\xf09\x84\xef\xfd\x0c>\xdf\x8fQ\xd9\xda\x86\
3TC\x7fn\x0a\xed\xe1a5\xb2\xa4\xf4\x9a\xbc\x01\
\xe2E\xf2,\xa8\xc1`G\x9a\x00\x9c\xfd\x0fU\x80\xdd\
6\xe09\x87Bv\x0e\x91\xee\x0c\x03\xfb!\xb0\xb9\xba\
\x83\xe9\x89a4xFJ\xa8\x8da\x18I\x9c\x9a\xe5\
j5}\xec\x91w\x00\xb8\x80\x9f\xfb9\x1e\x00\xf8/\
\x1d\x00\x82\xfe\xd7\xdf\xff\xe3\xb5\x86Wx\xafI\x90)\
M\x8d\x8cf\x15\xd7n\xa1E\xaf\xdd\xa0\x87\xd3\x0f\xcd\
\xe2\x89O~@\xcc\x19ilPv\x1c\xbc\xbe\xdb\xc6\
\xcb\x8d.\xfa\x96\x85a\xd7Q\x0a6\xe1&+\xd0%\
?mE6\x92\x01\xbem\xc9\xbc\x9e\xff\x91\xe34V\
\x93\xbee\x0d<\xe8\x193\xc2~\x89\x07\x83\xf4\xbf\xa6\
: \x0c\xce63\x17\xfeG\xdf\x0f\xeb?\xfe1\xcc\
\xad\xae\xe0\x112g\x16\x91M\x06\xdf+\xe03\x1b\xd7\
\x81\x95[\xc2\xcfw\x0c\x1b\xab\xe3>\x1e\xfa\xeb\x09\x86\
\xc6\x0a\x22\xb8\x09\x9aM\xb8%.\x9e\x9a\x96\x05\xb3\x0c\
'\xd5\x99\xffG\x0f\xfd.\x0a\x95\x11!\xd1\xac\x5c\x89\
q\xf3\x15\xc0\xef\x89\xe5\xa4\x9c\xc4k\x13Gq\xa9P\
\x91\x04cWf\xbd\x94\xe5\xe8\x05\xcc\x14\xdd\x8c\xc8\x7f\
_\x0b<H\x83\xd5\xa6\x9dr\xa3\x1c\x0e:M\xc5A\
\x99\x01\x1a2z\x14\xe0\xdb@\xe0\x95E\xe7 z\xcb\
\xb9)\xa0^\x85qgY\x01\x7f\xecai\x04a\xdb\
H\x98\xc1xk\x15\xe6\xc6\x16\xca\xa7\x16\xd0\xa9V\xa5\
<}\xe2\xe6[\xe84\xf6dB\xc2\xdfV8\x9d\xa1\
^\xef!\xe1(\xc4h\x22C\x07\x96\xd9\x13\x83P\xd6\
*Q\x9a\xa0\xde\xda\x81\x9b%\xe8\xb9.~tm\x11\
\x1f\xfa\x93\xdf\xc6\xd5\xd62\x0a|\x0b\xb6\x87\xc8J`\
\x041\x9c \x86\x1d\xa8\x10\x0d\x83C\x0a~\xae[\x8b\
\x18\xd7I\xc0|_]\x9b\xa9\x0c\x8a/Am\xcf\xe8\
\xa1EF\xaeFN\x1a#\xb317\xeb\xcd\xa9\xce2\
\x09\x10\x03\x0du\xfb\xf3&l\xa8\xccX=uR\xac\
=uX\xaa(\xf5\x9c@$-\x80\xf8\xc9)\x9f\x06\
\x97\xa5\xb9C\x8f\x84\x83\x83E\x16\xba\x04\xb6\xe6\x07\x0e\
/\xa8\xfc@\xca7\xc2\x01\x0d!?\x98\xf8\xef\xac\x87\
\xfb\x96\x87\xf6\x83\x1e\x16\xfe\xee\x14\x9e\xfc\xe0(\xec \
@\x12\xb4\x80.\xd1\xc7QT\x9d\x00\x1f\xfc\xeb\x1e\x9e\
\xadMa\xf7\x1f-\xa1\x94\x01\xcd\xc5\xb7\xf0\xc3\xdf\xfa\
O\xd8\xfa\xe8\x8f\xe2+n\x09\xdeV\x03\xe5\xed&F\
\xc7jh\x9e8\x8a\xb0T\x14\x90WoZE\x9d\xd7\
\x05i\x8b\x87\xc3\xf8\x90 \xff9\x1fc\x105\xa7\xb1\
Py/\xa6\x85\xcd\xcd\x06&\xa3@Z6?K\xe1\
\x9b\x06v\xe24\xb3|\x0f\xc5\xd1\xb1\x0f\x02\xf8\xf5C\
6\xcb\x83\x03P\xfd\xf5\xd9\xcf\xca\xbf\xb7\x9ez\xf2~\
\x98\xc6\xa9$`\xbfk\x1b\x85\xfd\x06\xaa[[\xb0\x92\
\x0c\xc7O\x8e\xe3\xdd\x9f\xfa\x80\x88g\xd8\xcf\x15m\x1b\
/m7\xf1\xed\xfd\x0e<\xdb\xc6\x88m\x89\xa2L6\
\x85P\x80U\x18's\xcd\xf8O\x9b\xfd\x1b\xe3\x93,\
K\xfc\xd5\xd8G\xb1\x05(\xd2k\x8d_O\x80mp\
;\xa8\x16\x82?\x8f\xac@:\xde\xf0\xcc\xe8\xf7\x03D\
\x96\x8b\xdaw\xbf\x1b\x15\xcfT\x0b\xca\xb4$[\x90f\
\x8a\x9fnm\xe2\xd4\x85\x17\x11v\xfa\xf0M\x0b\xcd4\
E\xf1\x13\x11\x1e{\x8a<\xff\x22\xfa\xbb\xbc\x96\x99\x13\
WT\xda\x7f\xb99\xf2 \x0b&\xebp\xecI\xf9l\
\x01\xadU\x03\x97.\xd9h\x9f\xa7B^\x8d-]\xaf\
\x80WF\x8e\xa0iqV_\xd0\x0b\x85)zZp\
\xcc\xc3\x8d\x14Pq\x98\xe5\x81\x90{\xda\xab\x9b_\x91\
\x8e\x14\xc8\xc5\x1b\xc3L\xeaHR\xd2\x90\xf5\x5c\xdf\xb2\
\xd1v\xd5kc\x9fgsa\xd4\xca\xb0\xce\x1c\x87S\
*B\x0e\xe6\x81\xb1\x8a\x81\xae\xef#\xa1\x1f\xc1k\x97\
\xe0^\xbf\x893\xdd\x06\xe6_\x7fA\x0eVQ\x88\x99\
\x16\xfcy\xc0+\xd3{^\xcd\xb5\x0d;\x11\xbd\x0d\xe5\
\xc6yChG\x81\x1c\xd4\xc3\x86\x81g.\xbd\x88k\
\xbd\x16Jd\xef\x19.\x82\x1f\xf01\xfbOg1\xf4\
\xf3\xb3\xc0_\x1aC\xf0\x98\x8fp\xd2G4n#q\
,DF\x19\x01\x1c\xb9\x00\xbaD\x88\xe2\x04\x1e7 \
q.=\xfc\xe6\x22\xb59\xd63\x0e\xb7K\x8a\x97\xc8\
\x90\x15\x12\x8f\x08\x02\xcbP\xc0\xb0\xe8\xdb\x83\x90_o\
\x99pl~\x1f\xaf\x00\x15\x8c!-\x83TS\x07N\
\xbfj\xc2\x92\xfb#\xaa\xa5M\xa7!\x93\xa9\x1b)\xd7\
\x90Vxk\xcb9\x99\xc4f\x8au\xca3\x84\x13\x07\
\xd1\x03\x88\xfd\x17/!\xb5\xe1\xe9\xaa\xd1\x18\x01\xb6\x8e\
\xdah\xbc\xab\x84\xc2\xffV\xc7{~\xf3\x04\xde\xf9\xa1\
!\xd8q\x80\xc4\x0d\x11o7\x11\xaeo!\xde\xbc\x83\
\x98\x9e\x8bY\x80g\xbe/B\xe5\xa7\x86\xd0\xb3\x87\xe0\
\x1b&\xba\xd7/\xe0o>\xf7\xfbx \x0a\x11:\x1e\
\x1a^\x01\xfd\x9d6\xaa\xaf]\x84\xb7\xb4\x02\xd7vP\
\xe0\xc8\x99K@W>\xf26D!i\xc1d\xce\x18\
o\x7f\xfd\xbe\x07\x04\xd3\xbc\xf21\x0dl\xb7btv\
\xda2iQ\x18\x80\xf6\xb6\x0eC\x18\x95\xda\xc3#\x9f\
\xf8\xc1I]:\x19\xff\xd5)\x80?\x5c\x7fw\xd7\xf7\
\xdc\xac\xd5KS\xdf5\xad\xbbw\x11\xb6B\xcc\xce\x0c\
\xe1\xc9\x1f\xf8.\x98\x22x\xc8Ppl<\xbb\xb9\x8f\
\x9bA\x8c\x11\x9fR\x5c\xaeK5\xd6\x93\xbe\xde4\xe4\
Vg\xf1\xcbM\xac.iE\xb8\xe8\xf3g\x90\xb7,\
\x1e\x80\x14\xbd(j0\x1dNr\x01Q(\x1f\xd6A\
PgWs\xe5\x19;M\xcf\xc1\xea\xe48\xec\xa7\xee\
G\xf7[o!\xb6}\xb1Vz\x8f\x99\xe0\x03W\x9f\
C\xb7\xb5\x8c\xaa\x1c0&\xda\xf7[\xf8\xf0\x8f\x16\xe0\
\x17\xc9\xfc\x0b\x10\xb5:p\xca\xaed\xd9)o\x7f\xa2\
\xfd\xaa\xafLSS\x82/\x0bCUD\xa1\x85\xb5\x9b\
\x06n<\x9b\xa2\xb2\xdfAA?\xf7F}\x1e/\x14\
\xeb0\x0bJ\xde)A\x95a_w\xb2\x06\xccB\x86\
bE\x11\x7fH\xbd\xa5\xdcT\xd9|9\x03\xa0j\x00\
\x08\x92\x1b\xe8\xf4\x06\x01\x19\xd2&\xd8>\xba\xeb\x9b\xc0\
\xde6\x8c\x89q\x191\x91\x80\x12\x93\x04r\xe6\x18\xcc\
;\xcb0\xd6\xb6\x15Z/\x88\x8d\x02z:<T\xd7\
wq\xe2\xe6\x1d\xf8K7\xc4\xa5\x87!)\xfd\x82\x8d\
\xe9)\x03\x8e\x91\xca\x08V!b\x8ed\x0c b\xc0\
%\xc7\x88\xb1<{R\xab\xce\xf4:(\xae\x5cF\xc7\
l\xa2\x18\x1bh\xbc\xd7\xc1\x87\xff\x8f!L\x8c\x8e\xcb\
\xdd\x11\xc4.\x9a\xad\x08\x8d\xcd\x14\xdb\xebM\xf4\x96c\
\xe9\xf1\x8d\xad\x1e\xba[]\x84[\x01\xdc\xbe\x85\xfe~\
\x84x7\x80c2\x90\xd5\x95\x09\x06MZX\xedQ\
\xcd\xcb8\x1c\xb19W\x9e_\x0a\x04#M\x9cK \
U\xf6]|\x89d$w\xe8\xee\xe3\x060]\xe2\x13\
:\xd5G\xd8~Z$$\x96\xe9\xeapU#6\x0f\
\xb1\xeb\xa3\xcd\x8a`\x8e\xb7v \x97\x91\xc3\x0b\x83\x87\
/\x1d\xaa\xbd\x14\xa1\x95\x08\x9b\xd5\xf2\xfa(\x94\x0a(\
\x0e\x95\x91\x14\xe9\x89\x00\x94\xea\x1e\xaaS\x09B\xcfC\
q\xa8\x80\xe1I\x13#\xd3\x0e\xea5\x9e\x1a\xcc4\xe8\
!\x0d\xbb\x08v\xf6\x91\x113\xf0\xa9\x87\xe9 [\xbd\
\x01L\x8d\xc3\x8eL\xbc\xf3/Y\xf8\xd2\xd52\x92_\
\xdf\x93\xf7\xe6^z\x1d?6|\x14\x7f\xfb\xc1w#\
\xc8\x124=\x0fMz?\xddZ\x85\xbd\xb5\x0b\x8bf\
\xba\x95\x22\x12R\x94\x85\x97\xa2w9\xa7!\xb5\x12\xac\
fG\xde\xb7\x9a\x10i\xbc /iXy%\xc0\xea\
\xfa\x1e&\xc6\x86\xe4\xc0\xe5\x01V`i\x19F\x88\x0a\
\x85\x19\xe7\x03\xef\xbb\x1f\xff\xf9?\xae\xe6X\xdfw\x1e\
\x00\x9f\xfa\x94\xb4;\xa9k?\xcer\xd50\xac\xcc\xa6\
\x15\xf7\xdde\x94\x8a&\x1e\xfe\xe4\xbbQ)\x95a\x04\
\x81\x8c\xec\x9e\xdd\xd8\xc7\xcd^\x88\x1au\xf8\x03D\x93\
\x19|\xea\xe6Wn2j$G \x86\x1f\xb4\xb8\xbc\
\xe41\xd9\x9c\xb5J\x89\xce\x9bU\x7f\x88\x22\x01U%\
\x9bJ\x8054g@\x95\xb2|\xdb\x82\xaf\xf3\xcb\xda\
\x1dDgO\xc3\xbe\xb3\x0a\xac\xb5\xf1p\xc1\xc2\x0f\xbf\
\xf9,:+w\x04\xf8\xe2\x87\xb83d\xe2\xec\xdfr\
q\xf2tI6Rw\xb3\x05\xd3\x8b\xe1\xbad\xa5\xa9\
\x193\x91x\x85\x03\xf0\xf6\xef\xc26\x5cX\xb5:v\
\xae\x86\xb8\xf2\x96\x81\xee+=\xccK\x06H&\xc2\xa3\
\xe7\xe6\xcfa\x95\xce.\xc5\x12\x02\xd3D)\xa4!f\
_\xf0d1\xa7\xf2\x1d\xf8%\x15Q\xa6\xfe\xa2\x15\xb9\
v\x0a\x96\xd0\x89|\xe4\xc8\x0d\xcfQT_6&O\
m%\x80q\xb0O#\xcfk7\xa4\xbc\x8cO\x1e\x93\
i\x00=\xf1\xe4\x86;1\x0f\xa3\x5c\x86qkIU\
/\xdc!1\x85=\x19\x12\xb7\x88\xa9\xadM\x80\x19\x0c\
\xfaf7\xeb1\xea\xe3\x9c\xfd\x17\x95\xbaV\x8cEi\
=f\x89\x99H&\xd1\x0e\xaa\xdcf\x8bV\x0b\x02D\
\x8c\xfc\x8a\x14]\xd8\x1e\x8bP\xec\x85\xc8\x9a=9 \
]?\xc6X\xd5\xc5\xd8\xb0\x83\x13\xf7\x0d+\xf7e*\
\xa6\x83>z\xbdL\x0c]\x92~\x84\x16\x93\x9f:\x1d\
\xd8YQ\xccB\x83\x9e\x8d&\xa9\xde\xfd\x00qD\xf3\
\x0c\xa2\xfeJ\xf6\xcb\x83\x8a\xf3v\xce\xea\xe5r\x12^\
\x06MTh\xbbda\xb4lc\xe64[\xa9\x8a:\
\xace\xe3\xe7\xa1\xed\xb9\xc1\x8cf\x0frRb\x14p\
\xec\xf1\xe3\xf0~\xc5D\xe6XHMZ\x95s\xf2d\
\xc3\xf7h\x90\x92\xc2\xf6\x95\xc1\xaaLz\x1c\x03\x8e\x95\
\xc21\x883\xd1R\x8e\x11g\xec\xe9\xc9\x5cT\xbeF\
\xcaq9A\xd6\xef!\x09;\x88\xdb=\xa4q$\xd8\
\x84%>\x94\x1e2+\x96\xb61\xde\xda\x8211\x8b\
J\xb8\x8b\xc7\xfef\x1f\xcf\xbd\xe5`\xe4\xe5\x14]z\
*^\xf8:>6\x7f\x0a\xbf;4%<\x8a\xd41\
\xd1/\x14a\xf4\x22\xf8o^Avr\x1e\xe6\xf8\x88\
L\x01\x0e<\xd2\xf8\x91Y\xb0((\xda\xe7\x889\xdf\
o\x07-\x0b/\xdd~f\xa1\xb9\xdd\xc2d\x18\xa3\xc0\
*\x9c4}n\xbc8I\xa3R\xc9*\xce\x1f\x7f\x02\
\xc0\x97\xf0)*\x85\x0fW\x00\xda\xf8\xc3\xff\x89\xffi\
\xc6\xb4\xad\x87\x8c\x88\x06\x18\xb6i\xaf\xae\xa2\xb0\xbb\x8d\
\xd3\x9f\xfc.\xcc\x91\x8a\xd8\xe9\xa3\xe6\xb9\xf8\xb3\xad\x06\
\xde\xee\x86\xa8\xbb\xb6\xba9\x18\xcdLB\x0f9\xec\x1a\
\xad\x14\x1e<e\xa4\x9c\xf3{\xae\xcc\xa8\xc3$FQ\
ot\xbe`\x9aH\xd0\x81%\x88ca<\xb1RP\
L)\x05t\x04d\x09\xb2\x9d;\xa4\xe8\x13\x0473\
\xd00R\xf4y2>\xf1 \x1e\xff\xea\x0b\xf8\x91\x97\
\xff\x14\xd1\xcd\xd7\xa5g\xe5\xd7\xee\x1b\x06\x86\xfe\xba\x87\
w}\xb0$:\xff`\xb7\x838\xec\xa1P\xa7G\x1e\
k\x0e\xaeT\x9d\x5c#S$\xea\x172x#E\xf4\
w\xfa\xb8{#\xc6\xe5\xafe(\xf3\x83\xb1RQ\xfa\
5\xa6N\xe2\xcfFgE\x0e\x1bq\x14Iva\xcc\
\xe2WP\x17\xb5 \x0b!\xac\x22\x1fg]\xbc\x04\xc5\
\xb44'\xed\x92pB\xf0O\x07\x86\xa8\xd3\xb1\x88(\
k\xc2\xd0n\xb6\xb6\x91\x08m:\xf1\xab(.\xad\xc3\
\xee\x07\xc0\x99\x93\xe83\x0c\x94\x8c@\xde\xf8S\xa30\
\xcbE\x98Wo\x8b\x09k\xe6\xd8\xc8\x22\x13\x86c\xa1\
\x9e\xf6\xe4vQm\xa2\x89\xa4`\xa0>\xee\x08r,\
=\xa3\xf6\x04\xf4,\x9a\x7f\xf0\x00R\x89N\x89\xeb\x22\
LRt\xc9\xaf\x88\x13\x01\xcc\xf8\xe5\xed\xbb\x19n\x5c\
\x8bq\xef\x03m\xc4\xcd\xa6b\xf0S\x1c%v\xd8\xb4\
\x18/\x0a\x0f\x9d\x7fV\xf1\x14y\x06\xc5\x12\xc6\xc6\x86\
4\xe3Q\xcf\xf6d\xa5\xf2\xcfr\xeb\x1f\xfe\x99fE\
\xe6\xac\x18\x01L\x0f\x13\xf7\xf3\xca\x89\x09\xc1\xa9l>\
a\xfaI\xad\xc2\xa9\x13\x8fuM\xbb\xcd1}\xd3A\
\xda\xcfP-\x0f\xa3\xfa\x84\xc2K$o1\x17\x04\x08\
X\x9c\x8b\xb12\x9d\xa3\x90\xc3\xf0$\x13i]\x00\x8d\
`\xf8\xacr.\x04\xbf<N\x91pv\xc9i\x98e\
\x88\x19\x0e}\x19\x05\xe3\x91\x96\x82=b\x11q\xaf\x89\
x{\x19\xc6\xc8\x04\x8e\xce\xf6\xb0\xf2S%,\xfe\x8c\
\x89\xe1\x9d\x1d\xf46n\xe3{\xae\xbc\x8a\xaf\xbf\xe3\xe3\
\xd8I\x88\x17\x11\x88\xa6\x8e\xdcU\x93\xb0\xabwP\x08\
c\xa43\xe30\x98v\xadA>\xe1\xddT\x0a\xc8\x9a\
mU\xf5I\x1e\x86\xaa\xac\xd9\x06Q\xe9\xc9\x16z\xab\
\x15\xe1$}\x13JJ\x83\xc1\x16'6\x8d\xac\xc7\xcb\
x\xb8\xfe\x0c\x80\x7f\xa4\x03)u\xf3\xca\xbf\xce\x9d\x93\
'\xee\xce\x9f|,\xb1\xec9\x8f\xbe\x7f\x9eod7\
ocda\x16'\x9fx\x10I\xbb\x87\xba\xef\xe2\xd5\
\xdd&^mt0\xe2\xd3h\x92\xcc>e\xb4\xdc!\
@-\xdax\x03v\x9c\xc2\xf3<DD-\x9bM\xec\
_\xbb\x85\xde\xc6\x1e\x82f[\x02>l\xd7\x837T\
Eqj\x18\x95\x13\x0b\xa81=\xb7\xdf\x93q\x15\x9f\
3\x17\x1f\x01\xb0\x9e\xce\x0a\xe0\xa2\x90\xc0%\xed\xe6*\
|\x0e\xea\x0a\xb2\x14\xe7\xeaU|f\xe9\x05X7_\
G\xc9$\xf6\x00\xb49\xf6\xf9^\x1b\x1f\xf91\x863\
z\x08\xc26z\x9b\x11\xbcZAYI\xe7\x03(\x0a\
=\x92\x9e\x1c\x08I\xd4\x12\xddzV2\xb0\xf9\xf2.\
.\xbee\xa2\xf7\x86\x89i)+SxN\x11\x7f\xbc\
\xf0 6y\xe3z\x05A\xc4%\x1a\x8f|z\x9a\xa1\
\xe81d(\x8e\xc5\xbc]4\xa5T\x8b[\xd4\x92\xce\
7B\xae\x81\xa7\xf1H\x88$\xe3\xac\x9dw0\x81H\
.?u\xa3\xb59\x83\xdf\xee\xc0y\xf9\x02p\xe68\
\x92\xa9qH?\x17E\x00\x91\xe7\x87NK\x0ec\xba\
\xba\x85\xc4\xb2\x04\xf3 %U\x1a\x1ab\x8a\x99\x0bg\
\xcc@yX\x99m(\xe3`n\x00\x07\xe5r\x06\xc7\
3\x90u\x95>AI\xeaS4i\xcb\xe6\xabi8\
\x9fTt\x1bX\xba\x19\xe1\xe8\xb1}\x14\xbd\x04iH\
\xef\xc5\x00\x06\x1dp\xe8!\x98\xed\xa8\xaa\x82\x16\xd9(\
I\xde\x83Ej\xb3(\xeb\x5c\x15\x96\xc1mJc\x94\
\xdcDU\x90\xab\xdc\xcb\xef\x10\x14\xaf\x836\xa5\x12\xe4\
\x0d/\x84\x17R\xb2U\xaeB\xd6W\x92s!\x00\xf1\
\xb9\xe7\xe8\x5c>i\x91\xf5B\x1e\x80\x89\x98\x82\x1a\x93\
7x>!\xca-\xea4\x06&\xdf\x13\x0b\xcdX\xb1\
\x09\xc9\xd1\xd06+4\x83\x11?\x08\xed\xd2<\xf8K\
+\x0b%\xe5\x88\xa6\xad\xba\xe5\x10:7\x01Ii$\
E=\x1a\xb7w`\x15\xca0\x0bCx\xe0\xe9\x0ck\
\x9f\x08\x10\xff\x86b\xbc\x8e\xdd\xba\x86\xa7\x1fl\xe0\x8f\
J\x15\xc1\xb7\xf8\xbdy\x1f\x9f\xb8\x05\xf4\x09\xec\xd2q\
ivJ|6s\x96)}$\xacr\x11i\xb3\xa3\
\xf8!\xd2\x22\xab\xc3A\xd1A3DA\x82d\xb7\x89\
b\xb5(\x89\xdb\xac\xb0\xfbIf\x12KJ\xfc\xc2\x03\
\xd3?\xf9\xb3\xc7V\xa9\x0d\xd0\xe3@u\x00|\xeaS\
r\x04\xf6\xfd\xca\xd3\xbc\x9d,\xc3H\xcdF\xcb\xf2\x1b\
[\xb8\xef\x87>.st\xde\xd8\xcb\xed\x00\xaf\xecv\
P\x17\x90K\x95\xe56\x01\x0a-\x1a\xe9\x10\xb4\x92\x80\
\xcf\x22\xc2\xad-\xf4/\x5cE{q\x03m\x8aAH\
Z`j\xaa\xb4|=\x18\xeb\x1d8\x97WQ~\xf3\
\x06\x8e\xbf\xeb>T\x16\x8e\xc8h\x8bo\x96K\x89\x87\
\x09a4r\xcdy \xb0\xb5`+\xc07\xeb\xc6\x14\
\xb3\xda\xb8\xafP\xc0\xa7\x7f\xed\x9f\xc2\x7f\xe1\x9bR\xf2\
\x10=\xe6\xb4\xa2\xffa\x1f\xdf\xf7\xf7\x5c\x0cUL$\
V\x8a\xfej\x07v\x91\x06\xa2*\xe8\x81F\xa1\xcc\x0f\
\x10^8y\xfcQ\x88$0QZ\xa8`o\xd1\xc4\
\xe22p\xf3?\x1b\x18\xe9\x86(X\x990\xff\x16\x8f\
<\x80?\xad\x8d\x09qI\xd8y\xd2O\x1bpy\xc3\
\xc4t\x01\xd64\x82\x22oH\xcax}\xa5L\x130\
P\xf2\x5c\x07c+E\xaaS\xca\xfc\xcc\xec\xc3 \xab\
T\xaf\xe7\x98(\xb7\xac9\xc5\x0c\x8b=G\xf6\xacs\
\xfe\x0a\xdcf\x13\xe6\xa9\x05\x04D\x89xKPJ|\
\xe6\x18P.\x02\xb7\x960\x11E\xa8\xedn\x0b\x90\xc6\
[=\xb5Bx\xb3\xd0A\x9e\x14<\xf5\x94\x8dyb\
\xa0P3\x81J\x86tWQ]\x8aQ\x07\xa3i\x8a\
\xb6\xe9\xa1\xe7\x0d\xa1\x84\xdbr\x88\x94\xf6\x0cl\xdfH\
\xb0wo\x19\xa5\xe3$g\xf5`y\xb4R#[\x92\
\xed\x1a+\x1cn&N\xc6\xb9q9\xafW\x1b]\xd8\
\x94L\x04b\xf9\xc4\x12\x9f\x9f(\xd9\x8f\xb2\xd89\xae\
\xcbe\xbd\xb9\xccX\x1f\x8aZ\xf9\xc8Y?\x0fi\x15\
\xd3\xa5\x84@j\x94\x9a\xef\x08\xa5\x18U\x9f\xa96\x17\
\x91\xfd\xae\xf1\x81\xac\x00)!\xf3J:\xcfn\xc8\x07\
\xfc\x99\x96\xa0\xcb\xc9\xc8\x03G\x89\xc3D\xc6\xaeA[\
\xfaE\xe6\x9e\x11\x8a\x9c\x95\x1f$J\x84\xae&\x0e<\
\x5cuL\x1b\xb5\x03vA\x9es\xb4\xbf\x07\xab8\x8b\
r\xd9\xc3\x99\x8f\xc5\xb8\xf4\x07>\xbc\xdd\x00\xc9\xc6\x12\
\x1e_\xba\x8c\xcf\xdf\xff.\xa4\x11W\xbb\xce~\xd4L\
\xc0\xb0\xe0\xc3Z\x5c\x17\x0f\xc5pzL\xb0\x13yo\
\xc4\x1eh\x1fF.\x80\xe0\x1e\x8a\x89\x98\xbb\xc8\xf0\xc0\
\xe4|\xa6\xb5\xdd\xc2\xc4\xd1\x09\xb1%o\xb2\x0a'\xb4\
\x12\x04\x99U(\x0d\x15\x9fx\xfc~\xfc\x1a\xae\xe6\x97\
\xbe\xfa\xcd\xa6\x99>\xc2\x80&\xcb|\x82$\x9c\xd4\xb4\
\x0d\xe3\xd6\x22\xa6O\xcca\xee\xd41\xd8\x12B\x00\xbc\
\xb8\xb9/\xc8\xad*-\x94qe+3\xc1\x5c\x14\xbe\
\xff\x8a_\x10Tw\xfb\x1b/a\xf1s\x7f\x86\xd5\xcb\
\x1b\xd8G\x11a\xa5\x86~\xa9\x8c\xb8\xe8\x22+\xf8H\
\x8a\x05\xa4\xe5\x0a\xc2J\x15\x8d\xbe\x89\x9b_z\x15+\
o\xbc\x85\x98J'Q\x0c\x02!_\xb5\x16R0\x1c\
\x9ba\x09b\x17\x11\xc7h;.&\x5c\x0b\x9f\xfa\x17\
\xbf\x88\xf1/|\x0e\x15\xf6p\xec\xf1yk>\xe1\xe2\
\xa3\xffk\x19\xb3\x93E\xa4N\x82`\x8d\xfdp\x0f~\
\x897P\x11\x86\xc9\xbf9lT\xdc\x7f\xe9\xf7\x12\xa0\
41\x8cN\xc3\xc0\xda\xd5\x06.<g#\xb9\xd1\xc3\
\x90\x15! \x8d\xb38\x82?\x9a>)\x00\xa4Q,\
I\xc9\x9d\xe7\xcd\x17HF\x8a)t\xe2\xe65P\xa9\
\xfa\xf0\xbd\x14\xb1l4\x9d\x1c\x9c\xe7\xf7\x0d\x5ckH\
\x05\xa6\x1a\x90\x0e9%\x98T\x8c\xc9\xed\xa3{t&\
%\xeb\xd3]>X\xa2\xba\xb6\x07\xeb\xda\x12\xdc\x97/\
\xc8\xef\xa4\x1d8\xfb\xc4\xac\xdf\x8793\x06\xeb\xc1\xb3\
X(Z\xf0\xb76\x14\xba/\x94\xd9\x14\x85\xe9\x02\x8a\
\xc5a5\x85\xccB\xe9_\xc9S\xb0J\x0e\x92\x8aB\
YX$W[M\x94\xe2\x04\x9b\xae\x8d\x95\xf1Y\xc5\
\xd2\xa4\xaa\xa1o\xa0\xfb\x96\x8d\xb5\xb5\x8ePaI\xf3\
Ve1\xdf\x16s\x11\x19r\xe1I\xda\x90\xe9\xb2\x1c\
\xa6\xcf@\x11\x86S\x82%:\x0aG\x22\xd7\xc4\x92\x5c\
2\x1d\xe9\xfd@M\x00\xff\xa6\xa5\xb9\x03\xd3-\x8a\x05\
\x17U\x97\x14\x9c\x99<`<\x1dsN\xb6\xa6W\x14\
\xebu\xd5\x1ej\x82\x00\xe7\xe6\xf9\xeb\xc8\x87\xf7:_\
@\x85\x84h/C\xbe\x1e\x01L\x19HK\x82\x85\x0a\
\xa6\x95\xbfm\xba\x13\xa9\xdf\xa1\x22\xd5U\xe8\xac\x22\x0b\
\xf1\x00\xd0q\xe3:uy\xf0\xbbu6\xa0H\xbdy\
 \x88\xe9\x90\xb2S\x17\xba4Y\x8f^\x19I\xd4C\
\xdc\xda\x94\xd7>}\xdc\x80\xf1 +\xa7\x14\xddd\x1f\
'\x96\xafcT\xb4\x14\xb9\x22\xf0P\xa1\xc1u\xef\xfb\
\x88\x97\xd7\x85\xfeKA\x9a\x94\xfd\xa2-!<\xe1\xc0\
\x11&`. S\x07\x9at)\x86\x89\xfd\xbd\x8e\xc8\
\xc99&\xe6t\xac(\x87\x04R\xbfXD::\xf6\
\xf8\xe1K\xdf\x94R \xcb\xf0\xf6_\xf9\xdb\xf3\x86i\
\x9cq\xe3\x10N\x14\x1b\xee\xfe\x1a\xee{\xef\x93r\xdb\
\xba\x96\x817\xb6\x1b\xd8\xa2F]\x87#\xd0\xbd\x9a\xe0\
\x1dM8x\x18\xec\xfb%\xecn\xef\xa3\xfb\x87\x7f\x8a\
\xe6\x9b\xb7\x11\x14j\x12\xfd\xc5[VLD\xe4\x95\xaa\
\xd2WT\x814\xbfd\x12\x8bea\xcf.\xe1\xees\
W\xb0}cI|\x059\x8f\x96\x0fR\x97\xfa\xd2\xf7\
RTA\xd9p\xb1\x8a\xa7\xbb-|\xe6\x1f\xfe\x1d\x8c\
\x7f\xe9s\xa8\xd2\xa6?\xe6d\xc1@\xf3].>\xfa\
O\x0a86\x9f \xf5c\xf4\xb7\xe8\x19\xb8\x0f\xbb\xc0\
R\x9b\x9bV2X\x0f\x14\x8c1\x0d3zpK\xc3\
@\xb1\x80\xb57\xf7\xf0\xf6\xa5\x10w\xbf\xd0\x93\xdb\x90\
\x13\x0f\xce7^8\xfd8^\xf2+\xca\xeb\x80\xa6\xa7\
\x12<\xa1\x1e:]`U\xda0\xdf\x9e\x0b\xab\x92\x81\
\xeeh\xcadN\xcd\xbf\x94\xd48\x87k\x94\x10F\x15\
M\x1c\x8dr\xfcE\x13L\xb5\xa8\x9c,F\x8d\xbcq\
R8\xa5\x15P7\x1c\xc1\xd0\xb6_@k\xbb\x01\xf7\
\xdb\xaf\xa3\xd0j!e\xcb\x12G\x88[M\xe1\x88/\
Tm`\xff\xae\x22\xe9\x10H\xab\x9a\xa8\xdfc\xc2\xf2\
H\xb7f\xe4\xb5\x0a\x12IR\x17\xa5\x8a\x03\x7fF9\
\xe3\xf0U\x15v\xd6q\xa6\xb5\x87\x8ea\xe0\xf2\xd8Q\
\x91H\xb3\x95 \x8b\xd3\xbe\x98`\xf5v\x0b\xddV[\
\xc4Q\xe4\x13\xf00Q\xceF\x1a|\x93\xb7\x9c\x8f7\
\x15\xbeA&\xa4r\xe0\xc9\x09PZso\xfa\x82\x1f\
(\x91\xd4A\xbc\xf6\x811_n\x06\xa2\xda\x01%\xcf\
fc\xa4Kt)\xb7T\xa2\xaf\xe4\x1f\x8a\x86 o\
sT\x04\xbb\xa8\xfb\x12jF8\xe5!\xfd\x982`\
j\x02\xf8\xbf{\xc8\x18U\x04Nc(J\xea\xa9\x9b\
8\x8d\xc1\xf17M`\xa5j\xa1\xe6>\xee(s\xd0\
\x84\xcf\x8fq\xe3\x898O\x91q(\xefG\xb7\x0d\xca\
\x8d\x9a\xe9O<\xdc\xfb\xd2\x1e\x98N\x88\xb0\xb1\x83,\
\xceP,\x85p\x8e\xb1\xbd\xe3\xa8\xd3Dao\x0dS\
\xbd\x86\xe2=\xc8\xfbQ\xefY\xa99\xd5e\x901u\
\xeb\xf6\x0a\xacFG*h\xa1\xff\xf2\xa6ek-\xfa\
\x12]\xfa\xe7\xc6)B\xba\x03\xb6z\x01\xe2N\x0f.\
\x81C}\xcb\x17\x94+\x01\xfcJ\xe9Au\xe9s\x80\
\xceFM\x97\x02\xd9\xc2\xa93\x89e\x0d\x13\x05\x896\
6\x8d\x99#\x13\x98\x9c\x99\x82\x1f\x06\xb8\xd3\x0dp\xb9\
\xd9\x95E)\x9d\x90a\xd2\xcdN\x5cK\x878\xaa)\
W\x90\xde\xb8\x85\xfe\xd7\xbe\x8d\x96U\x86Y\xaf\x0f\x22\
\xa2U\x89\x92[a\xe9\x90\x88\x9c\xf6(\x13\x15E\x08\
\xe9Y\x05\xec\xbeq\x0d\xa3\x13\xa3\xca\xbfO\x00)\x1e\
4J=E\x14\xbcT\x1d\xc2\xfbo^\xc5;\xfe\xcf\
\x7f\x8c\xd2\xad7Q\xe3|8Ue\xce\xfe{*\xf8\
\xe8/Vp\xea\xa8\x81\xd4\xed!\xda\xeb \xdc\x0d`\
\x17\xd8\x87\x12\xd1%\xee\xa1\xbc\x81\xb8h\x12\x96\xfda\
\x0f\x8e\xef\xc3\x1d3\xb0\xf4\xe2\x1en\xae\xf88\xff\xb9\
\x04\x95\x9d6\xca\x04\xeb\xe9F<w/~w\xfc\xb8\
z\x0d\xc5\x92\x1a\xc1h\xf3\x09\xfeM\x1d\xbd\xa0\xf4\xa2\
\x0a\xa3]S\x06\xdb)\x22\x8d\x15H%Yw\x83\xf4\
^%\x08\xcaAA.\x07\x8b\x09\xb4\x09\x07V\x9c\xa0\
\xd0\x16|\x0f\xef\xbb\xfc<\xd6\x8a\x1f\x96\x83\x81\x87K\
\x8b\xde\xfc\xb6\x8d=\xb6\x99\x8e\x0f?\x0c\xe1\xbf|\x11\
\xb5\x93\x0b\xe8NO\xc1\xb5\x12\x9cZ_\xc5\xd3\xbf\xff\
\x1f\x10\x85\x1d\x19\xb7r\xca\x92\xcc\xfa8\xfa\x00\x819\
\xf6\xed,\xc1\x1br[3\x1b\xa02^\x861\xd1\x16\
5\x9b\xd8\xed5v\xf1\xcc\x9d\x0b\xf8\xea\xc8\xfb\xf1\xda\
\xc88\xde?:\x85\xf2\xe6m\xe9\x99\x8b\xad\x0e6^\
q\xb0\xf5`\x80\xfa\x98\x98\x8bI@\xa5\xed\xe8\xf4\x5c\
q9R\x81\xacb\xa6\xaa'\x16\x0a\xadV\xfa\x0an\
\x02\xd5\xcb\x13\x5c\xe3\xcd\xad\xa8\xbbj\xfe\xa0\x9eF\x9e\
\xd0#cJa\x1e*\x1c`\xe0\xea#k(\x8f\xf6\
\xca\xbf+\xcf\x03\xc8\xcf\x11\x8eT\x05\xd3\xd6S\x1e\xd5\
+\xab4&\xee\x17\x15\xc7\xa6B]\x13}\x9b\xab\x8a\
\x8clK%\x0fViJJb\xac\x5c\x84TK\xa0\
\x1c\x9f\x04\xbc\xa4\xf7\x00\x9f\xa9\xc4\x94)\x9ap\x1e\x89\
\xae\xd8\xa0\x91\x9cQ\x0c\xc0\xcd\x86[2\xea\xa4\x1eE\
\xc9\x00\x0c\x18\xcd\x1dL08\xd7'k\xf1\x00\xf4\xcc\
m\xca\xf8\xf2\x13\x0b\xe8\x9b\x16\xac[wa\x9e^\x10\
\x0fN\x1e\xf8\xac~D\xf8%\x1e\x0e:O2\xf7H\
`\x0b\x1dg\xe8\xec5Q\xac\x95\x85T\xa4<N\x0c\
\x83\xd8\x91[(\x9d<\xf2\xa9\x1f\x9eX\xfc\xdc\xbf_\
\xe7\xe5\x7f0\x06,\x95\x1f1m\xdb4\x83$\xf1:\
\x0d\xeb\xa1w\xde'\x94\xc7n\x92\xe2\xe5\xcd\x86\xf4\x16\
<m\x0a\xa4\xf2\xea\xe7\xefd)\xbc\xea\x10p\xe5*\
z\xcf\xbe\x86\xa40$\x00\x09\x9dI\x14)#\xf7i\
:p\x0c\xca\x0dB\x150\xa3\xfaa\xc1]\x1d\x1b\xf1\
~\x0fX\xdfBwb\x0a\xad\x84\x81\x8e\xc0p\x92 \
\xb4l\x94\xcbC\xf8\xfeo\xfd)\x8e\xff\xfa?Ci\
s\x0b\x15\xc7\x92Ca\x8f\xa9.\x1f7\xf1\xc9\x7fP\
\xc3\x91\x19\x8e\xb6\xfa\x88\x1b)\x82\xcd>\x18\xc9gq\
\x91J98\x84,\xa3\xb3\x91!\x01\x184\x8c\xb0\xbd\
axSU,\xbd\xd0\xc5\xe2m\xe0\xe5\xcfu\x80\xcb\
\x09F,\x95w`V\xa6\xf0\xef\x8e?\x86M\x99\xce\
9H\x0b\xecs5AC\x93\xb1yO\xa7i_}\
p\x8a\x8bB\x9frd\x01\xdf\xbf\xee\xb2D-\xa8\xdd\
\x92\x05w\xc8\xfd\x11\x01\xa7\xc8PIRV\x12X\x06\
\x8d\xbfS\x8c\x5cz\x1e\x7f\xe7\xd6E!\x14eT\x82\
\x15}\xa4\x96\x87\xd0t\x90\x18\xb6\x98D\x90\xccT|\
\xb6\x83d|B\xd8l\xfe\xd5+\xe8\xedm\x0b\xc6B\
\x06 \x99\xf7\xa5\xf7\xdb\x98?\x96\xa9r0l\xabR\
\x9dc\xcf\xb8\x0f\xbfn\xe3\xc83e\x5c\xfe\x8f{\x18\
\x8ahg\x1e\xe2\xe8[_\xc3''\x8e\xe0\xb7'\x8f\
\xe0\xf5\xb3\x8f\xe1=;+\xe8\xa71\x8aI\x8a\x9d\x17\
\x0d\xdc|\xdc\xc2\xf1{|xCe\xf4v\x9b\x08\xe3\
6,QSj0\x8c\xb9\x0c*\x02J\x0e\x02\xcbU\
\xc2+\x05P\xd9\x8a\xa5g\x11\xc1\x8f\x07\xe5\xb6j\xa5\
U\x9bD\xd2\x91D\x7fi\xabo\xe9\xb7)\x98bo\
N\x0f?\x8att\x14\xb8\x8a\xf9\xe5\x9aT6\xafj\
I\xb1Ot\xf4\xef\xe3\x14<oWTv\x8e\x16\xe0\
\xcb\xb3S\xe3\xc7LG\xb4\xf1P\xe73U\xbf\x9b.\
Q\xfc~\x19\x8c\x92j.\xfd\x13U&\xca\xc7Q\xc1\
\x06\x0a7\x90\x0d\xcdg \x17K\x17&\x05Z\x94\xf0\
\x92\xfb\x10\xb2\x9d\x89\x91\xf6]\xec\xde\xe8#\xda\xb0A\
\xca\x18+\x864\xecc\x98\xe533#(\xe9.(\
\x1b\xf6<\x93^\xa9\xc5u\xbbAu\xe0\xed\x15\x98'\
\x8e\x08\x16\x16\xf2}{\x0e\x8c\x16\x0dL\xb4\xf1\x88\x80\
\xce\x0c\xc91\xd1\x83\x8d\xc6~\x17\x95|\x14,\xd3%\
\x1e\x1e!L\xcf\x99)?\xf9\xae3\xe0\x01p\xee\x9c\
as\xfe\xcf\x8f\xce5\xec\xfb\xf8\xc5a\xb7\x8b\xd3\xc3\
\x15\xccNO\xc8\x9c\xf2\xc2v\x03\x8b\xed>|J\x80\
\xf5\x0f#\x99\x82\xc2\x1dr\xc6\xd3[w\x10}\xed5\
tKC\x22\x9f\xcc\xcb\x5c\xd5/\xe9\xed\xa2=\xe5\x94\
\x99\xe3\x01\x0a\xab\x92v\x0f\xb8\x89\xbd\xd4@w{\x1f\
\x98\x9a\x94b\x9d\x9b\x9f\xe9,\x0b\x86\x81\x8f\xfc\x87_\
\xc3\xd0\xef\xfd\x0e\xaaQ\x0b%\xce\xcc\xa3\x14[\xdc@\
?\xe6\xe0/\xfc\x0f5\x8c\x95<\xa4~\x84d?E\
\x7f\xa3\x07\xc3\xcf`S8C\xe30\x09\xf7$pi\
 \x8ez\xd2\x9b\xd9~\x19\x85\xd9\x12V_jcq\
1\xc3\xf3_\x8c\xd0z!\xc1\x9cI\x16\x1bP*\x94\
\xf1\xb9\xd3\xef\xc2k\xecGy\xb2V\xaabL\xc2\x0f\
^W\xf6\xf2O+\x97\x12IYc\xc2'\xff\x98\x8b\
!\xe6\xecY\xa7\xf9\x0e\x5c\x86\x15\xcb0?<R3\
C\xa1VA\xfdd\x84uk\x07E\xcd@\xa3\xd5Y\
\xbb\xb7\xc7\xd8\xb9\x81B0\x7f\xb2\xfc[\x1bl+\xd6\
\xe4\xadk\xf2O>/\xdf2\xc4M\xb8\x9f\xd8h\xbf\
\xbb\x8a\xf7\xfdU\x1f\xaeo\x22l\xf25\xf7%=H\
\x82-)0J|<\xf0t\x097\x1e\xeb#}\xbe\
/\xc4\xad\xfd\xbd\x1d|\xf4\xfc\xb3xm\xf8\x07\xf1\xe5\
#g\xf1\xe0\xed+(/\xbe\x0d?\xceP\xd8\x8eq\
\xe9\xcb&N\x9cm\xe2\x9e\xa7\xea\xf0\xea\x94$\xfb\x02\
\xee\x89\xe7\x81\xc5\xb9\xbd\x22\xe6H\xc5\x930gA\x19\
\x98H9\x1d\xd3\x83/\x95\xec<\x8es\x8c\x98%y\
\x13i\x10\xc8U\xc7\x91%c\xb9\xc9\xd2\xa3\xbf`,\
\xaf\x91?/\x96Q^\xbf\xe3\xa8,z\x93\xad\x80\xa2\
\xcb\xa5\x14\x5c\x89i\x88\xda\xe4\x92\xf1\xe0\xb2\xc2\xa0\xcc\
\x90\x17\x84J\xf6\xa5\x96\x9fH\xabxG\xc8\xf4\x86\x81\
.\xca(Uv3\xa7}\x1c\xc71rN\x9c\x95y\
\xa8\xc7\xc2S\x90c\x9a\xd8\x01\xd9\x84\x02\xe2\xaa\xf16\
Gn\x8e\x9f\xc0pm8li\xd2\x04\xae\xc3X7\
\x02\x87\x05\x18\x9c\x92\x91\x8e\xd5&(\xe7\xe2\xf2n\x0f\
\xad\x17R\x8c\xd1\xa5Y\xb2(\x13\x04L;\x99\x9f\x86\
\xbd\xbd\x83d{\x1f\x99\x80\xeb\x07Z\x84|\x82A\xc3\
\x1b\x02\xe4&MA\xa6\xc6d\x12\xc4\xaf\x95\x0d\xaf\xb4\
\xef\xda}\xfb@\xc4@\xe3\x12\xf1!\xd4\xcd\x95L\x99\
\xe34M\x8b%\xbb55~\x1f\x80g\xc9\x07\x90F\
l\xe4\xf1\x0fU3\xd38c\xc6\x11\x9cn\xcf8y\
\xcf\x0cJ\xae\x83\xbdV\x17\x17\xb7[by\x1diW\
\x18\x8e\xfb\xd8\x17\xd6\xfc\x02v\x9a-\xec<\xfb*\x1c\
\xaf:\x18\xd7}\xe7?s\x80F\xbb\xd7\xe8*b\xe0\
\xf5\xa6\xb1OU2\xdapS\x86c\xf4\xe1\xa61*\
\x942U\x87\xf0\xc8\xda\x0a\xde\xf1k\xbf\x88\xf2\xcb_\
\xc7\x10\x1c\xb8\xae%\xd3\x80\xd5\x9a\x8f\xd9\x9f\xf6\xf1\xf1\
\x1f\xf3Pt\xabB\xc9\x0c\xd7Z\x08\x1b\x01\x0c7\x80\
\xc3\x13\xd2\xa0X\x88\x5c\x7f\x96\x97}$Q\x22\xa5\xab\
_\x1d\x83?\xed`\xed\xe5.\xae_\xe9\xe0\xdb_6\
\xb1\xfd\xc7]L\xd8\xa9\x10\x8d|\xf88\x7f\xf2\x09\xfc\
\xf1\xc8\x84\x84:d\xcc7d\xdaq^j\xaa@\xc6\
\x03\x0e\xba\xb6\xb2b\xefR,1\xc8\x92\xbd\xa5N\xe9\
\x95/S}\xb1\xd2\xc1\x1cvM6a\x15K\xb8\xff\
C\x1d,\xbe\xe4\xa1\xf1u\x03F\x97\xabQ)(\x98\
F\xa8$0\xb9\x19\x97\x92\xcfp\x19kS-9\x80\
\xf8_\x18>\xc6\x1b\x8d\xcc\xb2\xe8\x03\x05|\xe8\x7f+\
b\xe1h\x01\xac\x18\xd3\xa0!D \x96\xe3\x96g\xa1\
\xbb\x1f\xc0\x1a60<\x94\xe0\xec\xdf*\xe0\xcd+\x09\
\xea\xcd\x18]\xb2,o_\xc2'\x8e\x5c\xc2\xbf\x9c9\
\x81o\x9e\xb8\x1f\x1f\xdd\xb9\x8b^{O\x823\xb7\xbe\
\xdd\xc2W>\xeb\x8b6`j\xd2\x93C4I:H\
\xfa\xc4s\xf6\x11\xd3\xa9&VNJL\x83Nz\xdc\
\xcc1\x82$@\xcc\x19\xaf~Na?A\xafo#\
\x11\xe7^\x13FH\xe5\x9a\x89N\x94\xa2\xd5\xb1$\x1a\
\xdc\xcc\x0aB\xcaI\xadT^\xfb\xc9i\x1bn!D\
B\x87^F\xb53\xd6\x8b\xe3\xe7n\x88N\x10cg\
7\xc6\xee\xdd.\x92\x06P\xe9dp]\x0f\xa9\x93\xca\
\x84\x87\xe3U\x8eY\x93\x98\xf2su\xe9$!#\xc8\
)S\xe7\x01\xa5\xfe\x9c\xd3\x189\xd8]\x12\x88xP\
p\xc2C[/\xf6I\xf4\x0c`{G\xba\x14y\x14\
\x96\x1c\x00\xa6\xcfK\xa6+\x84\xab\xda(\xfd\xcf\x02t\
\xa2&\xdcB\x13\xa5\x22\x875\x16:{\x196\xbe\x16\
af=\x96\x82\x85?\xae54\x8b\xf3\xc5\x11%i\
\xe7e[*!\xbb\xb3\x82\x94S\x08\xe1\x02k&\xac\
\xd6K\x90\x12io\xee \xac\x95\x95\x0c\x9c\x9f;\x01\
R\xe6\x18\x08\x8dZ\x0c\xd0\x06\x1e\x9d\x8dV\x0fI\xaf\
/\x07\x11\xdbi\xado\xa08\x02\xce\xd8\xd0i\xfe\xfc\
\xbf\x9f\xf3\x00\x82\x87\xdf7\x0f\xd3\x9c#\xc86f\xa6\
\xc6\xf4\xc4\x90\x98\x5c^\xdeia=NP\xf4\x5c!\
$p\xa6\xc8\xc2\xca\xcf\xf9\xec_\x7f\x11Ib#.\
\xe4\xb3\xf5\xc3\x1e\x8d\xb9M\xb3\xbe\xc1\xf4\xcd)_w\
P\x0e\x0c\xac\xa5XL\xd52C*\xbb\xae\xe9\xa04\
\x5c\xc0w\xbf\xf8\x1c\xee\xfd\xd5_\x82\xb7r\x03u\x01\
\x0fctb\x0b\xbb\xa7L<\xfc\xf7\x5c\xbc\xf7}\x0a\
\xb9M\xec\x1e\xba\x8b\x0d$\xfd\x0e\xacB\x06\x9bQ\xe0\
\xa2\xfdf\xef\xc8\xcd\x17H\x09L\x90\xb644\x04{\
\xb8\x88\xd5\xe7\xba\xb8x%\xc6\xf3_\xc8\xb0\xf7\xa7=\
\x90t[\x09\xc9\x08\xb3\xb1\xb5p\x16\xffz\xea$\x22\
Zx\xb1\xf4\xaf\xd0\xa2d\x10\x89xp\xa0\x89#\x95\
\x96\xf5\xe6\xd3\x18\x837\x9b\xca\x1a4(\xa0\x91\xd6N\
\xc5~\x8b\xea\x90\xfdm>\x8e\x0az\xc8\xca\x1e\x8e\x9e\
\x18\xc6\xf7\xfd\x13\x1fo}\xb5\x87\xcd7\x0d\x04k=\
$\x9d\x08\x9dV\x84\xb8\xab\x036\xe9\x08\xcc[-b\
\x19G\x06`\x11V\x98H\xe8Ga\xc4\x87S1\xe1\
\xcd\x150\xff\xa0\x8f\x07\xdf\xefb\xb4N\x8f\x82\x14Y\
\xbb\xab\x14\xc8\x9c|H[\xc6qh\x0f\xc1n\x08w\
\xa4\x86G\x9e\x8cq\xf3\x07-t\x7fmG\x0e\x9bF\
\xd4\xc7\xbd\xd7\xde\xc0\xc9\x899|ix\x06\xc7N=\
\x8a\xe3o|U[\x92\xc7\xd8\xf8|\x1f\x9f\xdd\xea\xe2\
\xe8}\xbb\xa8z)\x82\xb0\x87\xd4\xa8\xc1\xcdL\xf4:\
\x11\x82N\x0f\x898\x1c\xf90\xe3\x10T\x94wc[\
\xf2\x19\x8c@y\xefg<\x14\xda\x9cY[\xb0:\xe4\
\x13\x10H*\x885Z\xb2\xd7S\x15\x9bO\x94\xc9@\
X.\xe1\xd4\x8f\xf8\xb8\xe7o\xcc\xc3-\xd1\x86\x8ex\
\x0aod\xea'H\xa36\x10%\x06\xba\xed\x1e\xd6W\
vp\xe9\xf9\x0d\xdc\xfer\x86\xe5\xe7v\xe0\xb7s\xaf\
\x1d]R\xeb\xfaS+\xfcA\xe8u\x80#\x1c\x02\xe2\
\xf3OZ[\x86\x22C0\xc8<\x8e\xb4\x0b5\xab\x07\
\xf5]b\xb3\x22\x7fz\xbb\xd0\x91\xecAj\x0e,\xcf\
\x80CV\x1aGw\xbb\x1d\x8c\xd3\xa4V\xf8L\xe4\xb4\
\x00K\xe33Xr\x5c\xa9\xa4\xc3 @6R\x93\xaa\
\xc2\xb8\xb6\x88\x94\xe6\x9f\x1a\xbb\x10U\xa0V\xc4\xd2\x85\
\xd9Y\xd9\x02\x8eL\xa9\x91\xb3\xb81\xe7\x0e \x0as\
\x93\xe6I\xe3\x00V7\x10p\x9b\xf2\x11\x1e$Q\x96\
\x1a${\xc1-\x9e\xe4b\xfcyS\xb8\x98@<T\
\x1d\xcb\x0c\xabh\xf4z\x18.\xb9(\x95\x8bXou\
\xf1\xcav\x13n\x1eo$\xe97\x0c\x1e0\x91\x15\x8a\
h\xbd~\x1e\xd1F[|\xd0rQF\x9e\xeaz0\
\xa7\xd5u\x0c\xc1\x0a\x01|s \x87\xe5\x94F\xd2E\
\x99\xc5\xb20F\xdbH1<7\x87\xfb\x93\x08\x8f\xfd\
\xc6/a\xe6\x8f\xfe\x00\xa5n\x1f5\xdfE\x94\xa4\xd8\
\x85\x89\xe0#\x06>\xf6?\xda8}B%\x02\xb3\x0f\
\xed/\x05\x82J3\x16K\x80%-\xec!\x954\x0e\
\xe9@\xcc\xd2\xceGir\x02\x99\x1d\xe0\xc6\xb3\xbb\xb8\
~#\xc5\x8b\x9f3\xd0x9\xc5\xb8\x95b$%\x08\
\x97!8z\x16\xbf\xb2\xf0\x10\xb65\xcd\x14\xd5aU\
\x02\x0e@|}\xa2\xe9\xbe\x85\xf4X\xe5M\xcfj5\
C\xbf\xcb\x1eR\xcd\x93\xd9n0}F\x10Z\x96q\
\xd2_\x12\xadV\xfd\x1a\xcb\xdfdo\x1f\xce\xc8$f\
\xe7\x8a\x98\xfd\xab]\xc4q\x01A\xc8 \x0f \x8c,\
\xc4\x22\x17V\xbfW\xc6\x86\xf2\xfbc\xad\x8aS\xd6R\
\x05?@\xa9\xe2K\xfb!ep\xbf- g\xd6V\
\xcf]\xfam\x01\xcf\xf8\xb9\xc4\xa2\xad\xef\xed\xb5\x10\x8e\
\x0c\xc1w\x13\xbc\xf3GB|\xe1\xeb\x1e\xca\x97\x13D\
F\x02o\xe5:\xdeu\xf7:^\x1d;\x82?\x99:\
\x89\x9fX\xbb\x06gm\x11#\xfc\xfc:\x09\xb6\xbf\xb6\
\x8f\xd7_\x02\xec\x0a\x99P\x06\xcc~\x03V\x8f}4\
\x936\x15!\x82\xfd\xbb\xb2I\xd1\xbe~\xda\xf24\xb7\
HQq\xe2\xfc/\xa2t\x97\x8d\xc43u\x00J\xd1\
\x07/\xb3\xe0Y\x09\xee=c\xc0\x0d{\x88\x9bj\xac\
\x07\xf1\x97\xecK\x1b@|\xc75<\xb8\xe5\x12\xea\xf7\
98\xfdP\x0d\xf1\x8f'x\xed\xe52\xbe\xf1\xd3[\
\xc0\x15f4$\xdf\xa1<\xd4\x1e\x1c\xc8s\x11\xd4\x85\
{\x90V\xadn\xdf\xdc\xb4\x85\x85\x9dR\x82\xe6\xb5\xab\
X\x86\x94M1\xa1\xed\x11\x10\x9f* jt\x91\xae\
\xc6(\xc0\x12\x0f\x8b\x80\xe4\xb0\x96:jh\x1b@\x91\
\x15\x0fr:H\x0d\x95\xcb\xf8\xd6\xcc)DY\x02\xd7\
VB\xa8\xac\x1f\x88\xbf\xbfub\x0e\xd1\x8d%\x08\x80\
%\x17\x8d\x02\xf6\xd4H\xccD\xda\xe9\xc0\xdco\x22+\
\x17\x07>\x8d*lK\xed%\x99\xb7e\x19\xfaQ\x8a\
v\xb3\x07clX>s\xd5\x22p\xf2\x15\xa3\xe9\xb9\
Gp\xf6\xc9\x1a.}{W\x9ew\xea\xda'M\xd7\
\xb1\xca\xfb\xbdt~f\xdc,8\x0e^\xda\xde\xc0^\
\x9c\xa2\xea\xdbr\xba\x91~\xcb\xea\xa9\xe8\x15\x10nn\
#x\xfb\x16\xa2J]o\xe2\x81*a\x80f\xaa\xb0\
F\x8dl\xe6\x95\xaf\xd62k\xe8E\x15\xc1\x1cmp\
3\xb8\x1eF\x8a\x0e\xbe\xef\xfc\xcb\x98\xfe\xd2\x1f\xc2~\
\xeb\x0d\x90\xabB'\x9a^?\xc3\xda\x94\x8f\xe9\x1f7\
\xf0\xd1\xbf\xe2\xa3NP\x8c\xb0U\xbb\x8f\xeeZ\x1f\xa6\
\xc7T\x5c\xb2\x00\x1d1\xe0\x10\xf3M>\xd8 B\xd2\
M\xe0VJ(L\xd5\xd1\x5c7q\xeb\xd5\x04o_\
\x0d\xf0\xe6\x1f\x99\x88\xdf\xeec\xda\x881\xaa?\xfcd\
\xf6\x04\xfe\xe5\xf1\xc7p\x93\xfd$+\x88j\x1d)\xbd\
\xf9d5h5\x90\x0eFTz\x06`\x8f\x19\xd4\x9c\
\xbb\xeb\xb9xo_#\xe4T\xdf\xf5\xe8\x1e\xd4\x81i\
\xd1#P\x9f\x1a\x22\xfd\xd5~\xff\x04\xf5\x9a)\xd2\xfe\
\x16L\xd6\x8bv\x15\x8e\xe3\xa3T\x88Q*\xb1\xb4\xe3\
\xefb\xf5!\xc7\xb4\xe2\xa7\xe7t\xdeC\xf4W\xb9r\
\xa8L\xeb\xf4\x112\xf6*!aG;\x0f\x0b.\xc3\
\xaaC\x07qH<\xf60\x9cB\x17\xe1\xe6>\x9c\xf9\
\x1a\x8e\xcd\xa4X\xf8+6\x16\xff?\x11\x8aq\x8av\
\xdc\xc1\x83w.c~dV0\x90[3\xf7\xe0\xbe\
\xb5%$I\x8air\x1d\x90\xa0\xd51\x10u\xb4\x91\
\x86\xbc>:\xeb\xa8\x8a\x87\xcf\x86\xa9\xcb\x07&\x1cJ\
\xdb!&?R8\xa9\xd1({\xea\xdcx\x83\x81\xae\
\x02\x9f\x88\x0c\x5c3\xb4\x19FZ\x8d\xe0N*\xfa\xb0\
\x04\xad\xca\x88\x8f\xcb\x96\x1e\x91\xca\xe4\xd3\xb4\x99\xedg\
*t\xdav\x85\x8c\xf6\xc4c\x16\xb6\x7f\xc8\xc1\xce\xff\
RD5$\x7f^\xbdNn\xf6<l(\xcd\xcd\x81\
\xf3U)g\x97vv\xd2q\xe7\x22#\xd6\x8fZ\xf9\
\x19P\x8fb \xed\x19\xd8y\xb0\x80#?9\x81#\
\x8f\xdb\xe85\xba\xb8\xfa\xd5\x16v\xff\x95\x83\xf9\x95&\
\x22;\xe6\x19&\xc7\x9e\xe84R\xb5\xf9\x87a\xe2[\
\xe7\xbe\x0b\xcf\x8e\xce\xc0\xf4l\x09\xf9\xa0\xd3\x0f\x17\x90\
x1\x8c\x0c\xcb\xab\x11\x86\xa7WT\xe4\xc8\x5c\x1b\xcc\
\x8f\x9a\xbc\x06\xe2d\x8c\x12\xa3\xdeF[\xb5\x1d\xb4\xd4\
j\x89\xf6\x92\x0c;\xcd\x8eX\xe1qm\x12|\xb7\x90\
\x1aV\x1c\xd1Wcz\xe23?8\xbd\xf1?\x7f{\
W\x92\x84\xe0Z'\xc4\x90\x12\x19f&\x86\xd0\xec\xf4\
q}\xaf#\xden\xdc\xf4\xbcki\xd6I\xbfs\x8e\
 \xc2\xd7\xdfF\x97\xf1Wb-\xad\xe7\x97\xb2\xe1s\
6\x946\xa7\x1c\x98\xe1\xe8\xff\xafu\xd9b| S\
\x00z\x9b3\xad\xd6\xc3\xc76\x96\xf0\x81\x0b_Av\
\xe3\xbc\x1c\x0eu\xcf\x12-\xf9^j\xa0\xf3\xa8\x85'\
\xfeN\x86w\xbfG\x1a4\x84I\x07\xc1Z\x17)\xb5\
\xe9EG\xc6Q\xf2\x01\xe9Q[\x9a\x18H:,\xd2\
<\x94\xe7*r\x03\xae\xbe\xdc\xc7\xad\xabM\xbcy!\
\xc5\x8d\xcf\x87\xc0F\x8a\x09\xea\x05$\xb17C:{\
\x0f~\xf9\x9e\xa7\xf1\xb6\xe5I\xd0I\xc2\x07\x5c\xa3_\
\x80vJ\xcb\xdf\x83\xae\x00T\x8b\x93a\x95\xc4\xa6\xda\
\x10\xb2\xed\xae\x18`\xb4n\x9bh\xadW0v\xceF\
\xc81\x9e\xc0\x1b\x9cOs\xd1\xeb\xc80\xfe\xbb\xe5\xca\
\xec\x99\xa5b\x96t\x10m\xb5\x90&w\x11p\xec\xc3\
H+\x84\xb0H\xf6\xd1\xce\xb7\xa2\x8f0\x88\xfa\xf2f\
P\xc0\x8f\xb4\x14\xac&\x12Za\x13\x88S(\xb0\xa0\
\xeb\xec\x13\xc5qF\x1f\x5c\xb2\xf3\xd4-MT\xc1a\
8r\xaf\x8b\xa8\x9d\xc1s\x8b8\xfbt\x177\x8fG\
0\xaeR@\x92\xa1\xb6\xbd\x82\xb3q\x1f\x0f6\xf7q\
\xf2\xe6E\x04lA\x08\xfe\xa6\xa98\xfd\xd4lm\x9e\
\x9d\xcf\xaf\xb5\x8aS\x17%\x83v0\x0f}R\x87\x81\
\xba\xf9\xd5\x85v ea_<X+\xda%\x97\x1b\
-$\x03u>\xc58\x0d\x05L_\xe2\xb0\xd5\x01\xaa\
z]!\x12\xe5\x09\xd5\xfa\x96\xcc\xa2.\xd2\x82\x0b\xf4\
m\xd4K-\x84N\x8arl\x0a\xe0\xaa\x1b2\x15+\
(\x94ac\xd0\xba\xa9J\xe9\x905\xaf\xf0\xe38@\
\xcf\xc0b\x83\xad\x86\x8a\xbb\x07\xda$\xa7\xbd\xcf\xc2c\
\x7f\x7f\x1e\xe7\xee\xe5g\xc5\x15[\xc2\xd9\x07J\xf8\xd6\
#=\x5c\xfa\xef\xda\x18\xb9CFm\x22\xfd>\xad\xba\
\x89\x1cX\xc5:\xber\xcf\x13\xf8\x8d\x13\x0f\xa1C=\
LQ\xd40J4'\xe7\xb3\x81\x80^\x0b#u\xd1\
\xb4d\xd7\x16\xd1&\xef$\xbfW5xN_\x08\xb3\
\xd5F\xc6KC\x8f\xffr\x8f\x03B\xa4<t\x08f\
\xa2CK?\xce\x97\x94\xc7\x86X\xee\xc5q\xe6\xban\
\xa112\xb6\x00\xe0m\xa9\x00\x0c\xc7\x9dO\xa3\x14\xbe\
\xefg#\xb52.\xacna\x97\x14W\x02n\xfaC\
\xf2\xd9\xabx\x1ez\xcbk\xc0\xda.R\xbf\xa2C5\
585\x00\x00tD\xa3\x0e)\xd0\xbb\xe6\x00\x00\xe4\
\x9f\x8b\xf1\x05\x95e>\x9e\xe8\xec\xe1{\xdf\xfc6\xc6\
\xaf_\xc0^sC\x00\xc7\x0a\xdb\xbc \xc1\xfa\xa8\x83\
\xa1\x1f\xaa\xe0\x07~\xdc\xc2\xccd(`M\xb7\xd9@\
\x7f;\x86\xcd\x10\x0a\xca;IE\xa6\x01E\xa0H \
\xc2\x1dO,\xf8\xc3E8\x15\x17\x8d\xeb\x0e\xd6\xaeD\
\xb8\xbej\xe0\xc2\xd7\x81\xad\x17:\xb0;\x19&\x90\xa1\
*\x16b@{\xfe^\xfc\xd2\xd9\xf7\xe0\x06g\xcfA\
\x1f\x09]e\xeaC\x8ao-v5\xb9\xce\x5c\x1f\x04\
\xdcl\xb2\x08\x13,\x17\xaa\xe8T\xa6\xe1n.\x8b\xb9\
d\xfb\xa6\x8b;\xd7-\x0c\x1f\x8b\xe0\x92\xed\xd8\xa2%\
M \xf2\xe34\xe1\x0d\xa6\xbaO#\xa3m\x95\x84\x8c\
\xc9\x02p\xe9y/F\x98d\x94)\xc7Y\x91\x09k\
\xb3\xcb\x01\x8f\x9e(3\x99a\x9alC\xd6\x1d\x99s\
\xc2z\x13\x95\x1co\xfb\x9c\xba\xca\x9f\xc3?\xa2\xf3\xb1\
r'\x12CM\xd0.\x9c\xc6\xae\x11\xa2\x9d.\xcca\
\x17\xa3C&\xcagS\x84\x97m8F\x88\xa0\xdf\xc2\
\xf7^z\x01\xe3\xabw\xd0\xe9\xee\x08\xcb1r24\
GJ\xb0\xe8\xfa\xb4\x9b\xa0\x90\xf0\x96\xd7\x1d\xb4\xde\xf8\
\xf9D'g\xfa\x1fV\xac\xe9\xbc\x9f\xef \xbd\x09\xdd\
6\x0f\x88\xd6_\xac\x9d\xba\x91:\x06\x8a\xf7X\x12w\
.\x15\x8c\xce\x07\x90\xd2\x5c]]\x1aW\xd1\x87\xa0\x1c\
p,\x12\xfa\xe85zX\xbf\xec\xc2\xeaSB\x9b\xf3\
\xbf\xb4o\xe4\xa0\x9c\xcf\x06\x9c\xa3\xfc\xb5\xf2Ksi\
W\xfe?\xe8\xd8\x14\xd9)\xcc\xe1\x02\xb2\x09\x1b\xde\xc7\
}|\xf8\xaf\x8d`b\xc8G\xd2k\x0aQ\xc8\xa8N\
\xc1\x0a\x87\xf0\xee\xa7\x0dx\xbf:\x817~z\x03C\
W\xd8R\xa9\x83o\xf1\xc4#\xf8\xbf\xce>\x85\x8b\xc5\
\x1aR\xaeY\xcfER,)\xfdA\xceq\x10\xa0\x9d\
8b\x80\xee\xe80\xbcn\x80\xd2\xca&:\xc5\xa2\x0a\
\x94U4\x085mk\xb6\x00\x11_i;{~\xb6\
\xb9O\x00\xa1\x07\x86\xc7\xb4\x03\x0c3\xcb@W5\xd4\
0\xa5i\x96z\xc5\xa2Y\x1c\x1e\x9d\xdbg\xa5q\x1c\
'\xbc;\xa65d\xf4\xfb86T\x94)\xd5eR\
\x09-Kn~\xda \xd1\x5c\x82qG\xc2\xcd~\xeb\
\x1a\xfa\x14c\x0c\x84\x18\x9a\x0e\xa6oD!\x83Hy\
\xa7\x0f\x01ml\xc0>\x8a\x0aA\x9af\xda\xb6\x81\xfb\
\xba\xfb\xf8\xe4\xf5\xf38\xb1\xf4\x22\xf67[\xd8M\x80\
\x8aE\xf3\x10\xb2\x0a\x1d\xc4\x0fgx\xf8'l<\xfd\
~_\xccC\xfa\xed\x18\xbd\x8d\x0e\x12\xf6\x86\x05\x1b6\
-\xa6i A\xb6WH\xfe9_\x0f7=\xa3\xa1\
-\xf47\xda\xb8\xfb\xad\x1e\x16\xd7*\xb8v\xc9\xc4\x8d\
\xafd\x88Vb\xf8v\x86I\x1a\x94\x18\x19|\xab\x84\
[\xa7\x1e\xc3\xbf;v?\x96\x18b\xc9\xd3\xb22\x02\
\xa3TV\x86\x98DO(\xfe\xf9\x0eO\xfc|\xbc\xa1\
\x96\xf4\xaae\xe1\xee\xd8\x14N\xde\x14\xda\x0a\x9c\xad\x04\
\x17_K0~\xdc\xc0\xdc}%8Q\x0da\xd0\x82\
!\x92T\xb2\xd3\xd8\xc7*b\x89\xcc\xcf\x89>\x0f\x5c\
^\x18W\xcd\xdb\x9b\x0b^mT\xf5l\xf9\x8fA,\
\x87\x22\xcf\x08q\x85\x84\xae\xd2@\x8d&\xe0\xa2\x10Q\
\xb4\xf7\x80\x00\xa0\x9a\x91\x98g\xe4\x91\xb4$)\xce\xc4\
H8)Q\x85\x82\xe7{\xa8\xcc\x96\xb1e\xd1\xa6\x9c\
\x85]\x80\xc9\x1b\xaf\xa1)vi\xaa\xfeI?5\x8c\
\xf7\xfd\x8fc\x08\xf62\xdc\xfaJ\x80\xce\xd7v\x11-\
v`\xf6\x1d\xd1C$\xf4L\xe4k\x88M\x98\x04\xbf\
\xf4\x04\xc4t\x98h\xa40\x00*|\xe5\xb5\xba\xea\xdf\
%/\x84\xa9\xda\xa6#\x95\x17\xcd/(\x0d&\x18\xb0\
_/\xe3\x81\xf7W\xe0\x0e\x8d#i)\x09\xbb\xc1\x83\
R@T-\xe7\xcds\x10\x84\xa4\xc6K\x86\x9ey\x05\
y\x8e\xf6T\x11\xadO\xd6\xd0c\x023\xc3=h\xdf\
\x9b\xf0\x99\xf1Lw\xe0U\x942\x93\x16\xe0\x16e\xe2\
N\x04\xa7\x9c\xc1\xacx\x08\xcc\x10\x96SE\xb54\x8c\
\xeaD\x82\xb4\xdc\x83[-`t\xb6\x82\xe9\x09\x17H\
\x9a\x88\xc2\xae8F\xf3\xb2J\xf7\xef\xc2\x99\xaa\xc36\
+x\xe2q \xf9\x85I\xbc\xf9\x13;\xa8l\xf6A\
c\xfd\xb2\xd8}\x97\xa4\x0f\xa7\xf9GR\xad\x08@'\
\xfbC\xe7\xaf(\xc0\x5c\xcd\xf5)\xaf\xce\xe6&Q\x0c\
\x02\xb8\xbbm\x84B/=\x80+\xd9z\x1b\xbd\xbe\xf8\
E*\xf2\xe4\xc11\xa6\xa0*\x8e\xca9\xcadR\x91\
+\xad1\x0fe\xf2\xb1\xa4^\xf1\xddS\xd2j$\xdf\
\xf5h\x1dYv\x8cp\xed\xa9\xc9Il7\xdaX\xee\
'p\xa8xR\x11\x92J,\xe2\x15\xe0ol\xa3\xb1\
\xd5@T\xa0\xcf\xae\x0e\x8b\x90\x06CYE\xcb\xa9\xd0\
\xed\xc2\xe8\xb4\xc5\xd1\x97?\x81\x14\xc6\xc4\xb5\x10\xfbe\
T\x0aE\xbcs\x7f\x05O\xdd\xba\x82\xb9\xe5\xcb\x88w\
\x16\xb1\xc9\x9f\xcd\xac\xc9\x0ch\xb1o\x7f\xc0\xc0\xd1O\
Yx\xe7\xf7\x161>\xe9 n\xa5hn\xee#\xd8\
\xa7!\x04s\xeb\xc8GW\x8c\xb1\xb8\xcfg\xe5\xc3\xf1\
M8\xe5\x02l\xcfB\xb8_\xc4\xca7\xf7\xb0|\xbb\
\x88+\x8b\x16\xae\xbc\x10\xa2\xfbr[n\xfa\x11\x821\
\x02\xf6\x19(\x0e\x1f\xc5\xd7\xcf<\x89\xdf\x19?\xca\x19\
\x818\x1e\xa5D\x99\xa7&\xa5\xb4\x92\xf1K\xa3\x0d\xa3\
\xdd\x16\x16\x9b\x8c^\xf2p\x8eC\xad@/\x8b\xf1\xd6\
\xc4<N\xbb5\x04\xe1\x1eF\xe3\x04\xd7^\x08q\xe9\
^\x03~%\xc1\xe4=\xa3\xc0\x86\x85(\xdc\x90\x8dj\
q\xc3\x92\x95(\x8e\xc0}a\xc5q1\x0e\x94\x82\x9c\
G\xeb\x00\x11\xc5u\xd7\x98\x81\xe0*\xb9\xa9(\x058\
:\x11G\x8bA\xf2[@\xc5\xac\xeb\xb6\x81\x84\x14\x99\
[k\xdfC\x8b\xd5\x11%\xb5*\x9f@(\xb6d\xd9\
\xa1#\x09\xc5A7\x18\x84\x80\x90\xee\xcd\xd4Y\x02]\
N\x9a\xa1]\x02\x1e\xfa\xfe\x0a\xee\xb9\xa7,.\xa3\xf7\
?j\xa2\xf9Sc\xd8\xd9\x8a%\x9e\xbd\xdb\xe8\xa3\xd3\
'\xcd\x98\xa4\x1c\x1fF\xc6\x106\x82hlY\xf8~\
\xe8P\xa4\x12m\xb2\xcc\x11\xc5\x9ck\xc6p\xdc\x046\
}\xf0\xed\xb2$\xedH~\x9e\x19\xab\xc4\xf0\xa2\x85\xa9\
\x09Rw\x95\x81\xa6\xa2\x19\xb3\xcd\xd1\x0d\x99\x94\xeb\xaa\
\x95\x14\x190G\xb6<\xe3z!\xbc\xd1)|\xec\xa7\
\x8e \xccH\x82Uu\xc5\x80U(\x19\x8d\xe4\x09h\
>\x8aTv\xf4\x01\xa0\x0b\x16e\x03\xda\x7f1\x07\x09\
\xe4\x07p\xfe\xc5\xb1`\x884\xec!\xe9ve\xeci\
\xda1,\xb6\x81\x9d>\xba\xb7\xb7P:\x92\xc1J=\
<\xf1\xce\x18\xeb?Y\xc7\xee\xff\xba\x0f+\xeb`\xe2\
\xf6y\xfc\xf8\xf4\x02\xfe\xc1=O!`\xdeC\xb9,\
\xd8\x80\xd0\x93\xf2\x988\xf9\xf7|\x1ddJ\x0e|\xfc\
\x08\xcc\xfeu\xd8\xbd\x081S\x965\xdbO\xfe\xe2\x01\
 \x19\x8e\xfa\x80\xcfW\x91\xa4p\x1b\xe8\xf5b$\xdd\
\x08\x06\xf5)Y\x22\xef@\x95\xfc\x06\xccj\x95.n\
\xb0;\xe3\x0b\x12\xb6R23\x0cW\x8ax~\xbd9\
\xa03\xb2\x90\x94\xa1\x08\x17\x94\xed\xa0w\xf56b*\
\xb2\x84\xcb\xafk&\x11(\xd0\xb28\x82\xb1\xb7\x87\xa4\
\x1fJIK\xbapN\xfd\xe5\xfa{ro\x13?\xfa\
\xfa\xf3(\xdd\xbd\x82\xbd^\x86}+A\xc1\xb1PN\
24\x88n\x9epq\xe4/\x1bx\xfc\xa3\x0e\xe6\x8f\
\xb8\xdcYh-3\x90\xb1\xa1\x0cD\xd9\x8b\x19),\
\xf9\xfd\x8aEX\xa8\xd3\xe3\x9f\x04\x12 \xdc\xeacg\
\xd1\xc1\x9d[!n.uq\xe5%\x03\xfb/e\xb0\
b\x07U\xd3\xc4(u\xef\xf4\x1ed%2y\x02\xbf\
\xf1\xd0\xfb\xf0\x8drUM\x0bH%\xf1\x1c\x98##\
B\xb0\x90\xe7[\xf0`WK0\xc2\x11$\x9b;@\
\xb3\xad\x9cy\xc9a\xe7\xc8E\x9b\x80q\xd1\xbdR\x1a\
\xc2\xfb'\x8f\xa2\xb4\xb4\x07\x17\x16\xcaW\xfbx\xe3O\
3\xd4\xe9\xde\x1a\xc5\x98:[\x86\xb1=\x8e0\xe8 \
\xa5\xab0?\x06\xe1\x92\xb3\x1fW\xb71\xfb{z\x03\
\x88RQ@U^\x8f\xec\xefx\xcb)M}J\xe3\
\x0fF\x8dSQ'\xe8\x14[\x09JVy\xbb\x92g\
\x90;\xdfQ\x81\xa8\xbc\xe4\xd5mI \xb8\x87LW\
\x18\xb0\xe8c\x17\x22lQ\x02\xed\x08\x9bo\xf9|\x07\
\xdb\xcb\x04\xd0\x84\xf3)\xc4i.P\xbd\xbc`\xc7\x06\
\xb6\xaf%\x886;\xe2Zd\xb9&\xaan\x09\xd5y\
\x138\xc1\xaf`\xbe=_+y\xea\x03\xab\xcd\x03\xd3\
9\x99`\xf0_\x14UW\xde\x93\x0aFT\xcbR5\
\xe1z\x89*\xaf\x05U\x7f'\x22\x7f\x1d\xe8\xfe\x07\xd9\
\xf3\xb9\x04V\xf7\xfe\xda\xb0C~5+\xcdv$\xae\
M\x05\x8bm\x17\x0fBe\xfa\xa2\x00\x80\x9c\xa3\x11j\
o\x00\x9d=\xa8oX)\xa5e\x1f)]\x82\xe8\x05\
\xf8Z\x22j\x09\x12\xa4}\x92\x8d\x0c\xe1T\xe4\x88\x07\
\xbd\x01\x08P\x06\xeb\xab(\x1c9\x09\xabY\xc1;\xff\
b\x0b\x7f\xfc|\x08\xe7+\x06\xdaF\x86\xfb\xdf\xfa\x16\
\xbewb\x01\xbf3y\x14\x8e8=+.\x88\xc6\xa0\
5|v\xd0$\xc9L\x9f\x84\xa4\x93G\x90]\xb8*\
\xd5\xe3\xc0\x12Ln\xc0T\xe2\xd9\x14\xe1Q\xb3o\xf5\
\xf3\xe0_}\xd1.\xc4(q\xfc\xa8\xbf\x85O\x9f\xa1\
\xb6f\x9a\xccab\xa2d7\x87\x8b'\x93$\x99\x9c\
)\xd8\xbc%\x8d\xc5VW\xd4i\xfaq\xa9\x05\xe0\xfb\
\x08\x1b\xfbH\xd67\x91P\xe1\xa5\x8d-u\x18\x9e\x18\
5\x98{\xfb\xb2A\x0cz\xfa\xeb^D(+\x96\x85\
\x87\xb2\x04?\xfb\xe6\x1fccc\x09\xebT\x9eQ\xa1\
\x94\x00\x9bF\x11\xd1\x93\x09\xce|\xba\x8c\xa7\xdeW\xc4\
\xd4t$\x89>\xcd\xbbM\x04\x0dM\x7f\xb1\xe9vC\
\x94\x9b1\xcd\x16l?\x85U\xa8\x09P\x16\xef'\xd8\
\xbd\xda\xc2\xdeJ\x84\xbdN\x11\xd7W\x0c\x5c{\xa9\x8d\
\xfdW\x18\xb9\x17\x0b\x15r\xc4L\xc4\x918Jh\x18\
Z\xc1\xda\xc2\x03\xf8\x8d\x93\x0f\xe1\xb6\xe3\xc1\xa2\xc0\xc3\
\xb6\x91\xb1\xe7\x1f\x19AZ\xa4\xc1\x83\xd6W3\xaf\x80\
\x88k\xd1\x07\x8e\xcf\x03\xad\x0e\xec\xd5M\xa4,\xf9x\
\xea\x12\x17\x10\xc3R\x0b\xb7\x91\xe1+G\xce\xe1/l\
\x5cA;\xeaa.6\xf0\xfa\x17zx\xa9\xe2H9\
\x1d\xb5\xba\x98}\xac\x8eBXDos\x03\x99\xd3\x14\
2\x0d\xcbzB\xac\x02HQ\x1e+\xb7z>jT\
`\xa1r\x16R\x00\x22\x91u)\xf7L\x1d`J\x1f\
;)\x83U\xaa\xb1l\x04\x96\xc0\xb2c\xc9\xb4\xd4\xa5\
 \xbf\xc6\xe1\xd7\xd3\x8d\xa7\x87\xa4\xd1\x11kt\xb7\xe6\
\xc3\x9f\x1d\xc5\xf2\xd7\xbax\xe3R\x86\xfd7\x02L\x8b\
\xc0&\x13u^F\xeb\xef\xee\xbe\xa0\xf3n\x04\xac^\
\xdcFc=C\xb9\xb8\x83>-\xb7\x09\xcc\xd1\x83\xa1\
\xa4\xccUU\x80\xa7\xba\x10d\xa3I\x1bs \xd9U\
\x12]\xb6&9\xf26P\x13iPPU+\xa2\x14\
dC\xc5\xf7)\x02\x18W\x95\xf8\xfco\xa6\xad\xe3+\
X\x22\xa8\x0bH\xa5\xed\xc4\x07\xd5\x10\x0fV\xb6s\xad\
\x86\xc2\xa3\xb4\xdb\xee\xc0>K\xaa\x14V\x14\xdaC@\
\x04=\x07\xd5]N\xbdR\xc0\x84v\xab\xd2\xe6\xe1D\
\xd3\xd9\xa2\xd9R\x8d(W'Iv\xe4\x05\xe3\x9a\x88\
{\x16\xc2\x8d\x1d\xb8\xe3#\x18\xb7z8\xf9\x17K\xb8\
\xf6\xad\xb6\xf8\x02\xee7\x9a\xf8\xe8\x95\xd7\xf0U\x7f\x18\
\xdb\x05\x1b\xd6\xe8\xb0\xca\x94dy\xae)\xe2\xc2*\xd5\
\xb8\x81L\xcbX\xc6S\xaf\xb20\x0b\xe7\xfa2\xc2b\
>\x19P\x87`\xc6q\xaf\x80\xc5JH\xa4\x1d\x15\xe4\
g09\xcb\xe8\xf4`\x8e\x0e\xeb\xe4`u\x10t\xc3\
\x185\xb70q\xe2\xa1\x87\x8a\xb692R1\x90\x16\
F*\x15l\x87)\xba4]pil\x08q\x8da\
\xa0\x87e\xd9p\x97V\x10\x92\xb1E\x91q.\x86\xe1\
\x07G\x0f\x7fn~~0\xc2\xdf>p\xbd\xe5IJ\
\xb3\xd0\x1f\xba\xfd\x1a\xb67\x96\xd05LL\x18\x19\xfa\
\xa6\x89\xady\x07G\x7f\xb8\x84w\xff\x80\x8d\xc9\x91\x1e\
\x92\xf6\x16vnd\x08Z\x86x\xa2\x11@\xb7]\xe5\
/ 7=/\xeb4E\xb8i\xa3\xbd\xd8A{\xab\
\x83f+\xc3Z\xc7\xc3\xed[\x06n\xbe\x1a\xa1}9\
\x85\xd5\x12\x13.\x0c\xb9\x86T\x17<\x18y\x10\x95\x86\
'\xf1\xec\xc9'\xf1{\xd3'\xa4'#\x86\x94\x12L\
\xa3\x0cthH\xe6\xaa\x02\xfa\xa9\xa3WEr\xe9\x0d\
$\x19{\x95\x12\x8c\xd3\xc7\xc4\xbb-[\xdbD$\xe6\
\x9c\x8c\x8eR\xfd\xf7W\x86\xc7\xf1\xf0\xb1\x871\x7f\xe5\
\x05\x11}\x9cH2\xbc\xf5\xc7-\xf4\xfbE<\x19Y\
\xe8o\xeec\xf2a\x13\xd5\xb9\x22\xe2\x96\x89p\xbf#\
\xa5:\x1d[sT\xfb \x86\x9b\xa3-\x1e[Z\xfd\
\xc5v!\xef\xf1d\xc6\xa6!,\xe1\xca\xab\xf0\x0a\x81\
\xb7h\xe2)\x1b\x84U\x81\x16\xb8\xb0\xe2\x09#\xc4\xfd\
\xb6\x10\x92\xb8\xb9\xbcz\x11\xc5\xd9\x0a\xfa\xfb\x1d\xdc\xf9\
\xfc\x1e.\xadEx\xfd\xf3\x01\xfc\xf5PZ,\xa3o\
\xa03q\x1c\xfbC\x138\xfe\xd6\xd7\xe5y0iy\
\xebm\x1f\xcb+1\xee\x7f\xc8F\xbcG,\x9c?\xdf\
C\xca\xb6O\xc08\xa2 |\xf9\xbcg4(I\xa1\
\x8d\x8e\x12S\x9e\xd7\x1a\x9f\x18\xf4\xf0\xa4\x12\xb35\xd1\
f\x1e\xd2\x1a\xf1\xe72b\x9d\x80'7?+\x1dq\
X=8`t;\xa6\x00\xd2\x5cq\xc9Tem\xaf\
f\x11\x9dgA\xd5Qx\x89\xb6\x98S\x80\x01\x0fZ\
=\x9b\x90(\xf2\xae\xf6\x1cP\xd5\x8b:l\x0f@\xc7\
\xdc\xb8EM\x80\xb5\xb8H\x0f\x10\xc9K`\x1a\xb6b\
9\x1a0=\x13qk\x0f\xf60\xe5\xd1>\xce=\xd9\
\xc4\x8dw9\xb0\xfe,D\xe0\xd8\x18\xbb{\x0b\x8f\x9e\
\xe9\xe0\x0b\x1b\x19j\xd95t\xee;\x83X\xdb\xde\xe5\
XK\xbeY\x07\x07\x16\x89B\xe3#p\xf6\x9bHv\
\xdb*\x13C.\x07\xe5hjDJ\x14\x94\x0d\xa8\xf7\
j\x0dI\x91\xc5I\x99.\x98\xe8\xbf\xa9\xda\x8cL\x1c\
\xbd;\x13\xc7,\xbbh\xda\x95$\xcd\x8c\xa1\x92\x87\x1b\
\xad\x1eXl\xb1\x08f\x05\xe0\xf2\x87;\xb6h\x8f{\
+[\x888\x9e\x1a\x9c\x8a\xfa\xc4l5\xb5\xb2O\x89\
>T\xcb\xa4\xcb3\x09u\xe9cx\xf3.6`\x08\
\xf2\xce>d\xe7I\x1b\xdf\xfb\xbf\xd7p\xcf\xbd\xfb@\
`\xa3\xb5\xee\x0b\xc8\xc7\xb3\xab4f\xc1\x16m8]\
\x92<d\x81\x81\xa4\x99\xa1q'Eg\x03h\xec%\
\xd8NR,o\x02+\xd7\x02\xac\xbf\x1e\xa3\xbfD{\
\xeb\x0c<#j\xac.d!\x10\xf4\xb0P\xadTq\
m\xe6^\xfc\xce\xd4i\xdc(\x96\x85z)\x8e-\xfc\
\xb8\x08\xac\x0c\x8d +\xd1&L\x7f\xd0\x03\x0a3\xf9\
\xfc\xb1\xb4\x22|\x06\x04]df;6\x0c\xb3V\x83\
\xbd\xb1\x8dds[\x1dz\xae\x87\xfd^\x17\x9f\x9d\xbb\
\x0f?\xb3\xb3\x8ap\xf3\xb6\xb4\x1dg:\x09\xae\xfc~\
\x0b_^\xf6\xf1\xe0\xc7B\xcc\xed\x98\x18\x9f\xadb\xfc\
\x9e\x22\x0aue\xa4\x9a\xf4\x09\x22\x91\x92\xda\xd1q\x97\
\xdc8t\xa4\xe9\xea\x8d\xafK~)\xe7\xfb\x8aw/\
*An\x08\xed\x97\xa6\x9c\x12\xa5d6-\xb2 \xf9\
\xfd\xbc\x19\xe9\x1c\x93\xc1)\x99p\xea<T\xa6\x84\x9a\
\xdb[ib\xfd\x1b\x9b\xd8\xd8\x88q\xb3Y\xc4\x85\xdf\
\x0b\x91\x5c\x0a\xe1sLG\x22\x8f\xe3\xe1Vm\x06\x97\
\x86gq\xa6ZC\xd4\xdc\x93 \x0c\xf7f\x07W_\
\x0cp\xffc\x05\xb8^UJd\xd3\xad\xcb\xe6\xa7\xc6\
@ J\x9d\xc2\xcb\xd7\xa8\xcc;\xf2\xce\xd4\x18l|\
\xf5\xfa4\xe5'\xcf\x1e$QJHgz\xe2\x22}\
:oE\xb5\x1br\xff?\xd9\xb8\x03\x95\x9e\x9e\xe2\x13\
#\xc8=\x17T\xe2\xa8\x06\x04\xf93\x146\xc5\xc3\x8a\
\xd3\x13\xb9\xf1\xf3\xd6\x0a\x8a\x91bX\xd4-\x90[\x91\
\x1d\xe0-9\x06 \xbfS\xb7V\x83T\xa7|\xde\xc1\
*G\xbbk\x99\x8cBg\x8f\x1e!a\xf6\xc4\xf6\x06\
\xac\xc91\x0c\xd7,L\x7f\xd8\xc3\xca7S\x14\xe9\xca\
\xd3\xda\xc0C\xbb\xab\xf8\xe2\xc9\x87\xd1\xdc\xda\x83}\xfe\
m\x94\x1f\xbe\x17\xbd\x81\xeaQU\xa0\x8a\x8fp@\x01\
\x88\xa8\x9982\x0d\xa3qU\xe8\xbfr\xf1H\x05\xa4\
\xf4\x16\x0a\xecU\xd8\x858\xae\x91\xa4$\xa9\xe3\x91`\
8\x0ak\xa0\x80/3\xdc$&\xb1n\xbaW\x9f:\
e7`=h\xf9\x9eU\xf1\xed\xf4V\xa3c\xd2\x8a\
Y2\xe9-C\x94\x80)}\xf7\xf7\x1b\xc8Z}d\
4f\xc8\xcb!n\x86v[\xfa\x22\xc6J\xe7f\x17\
\x83\xe8u\xcd\x0a\xb4\xc9\xef\x97\xcc:\xd2\x813\xec\xb1\
\xeb\x9dN0\x9dt\xd1\xbc\xc9\xcdc\xc2\xb6cTF\
X\xb0\x070\x12\x0b\xe1^\x17\xfd\x0d\xb2\xd5:\xe8v\
3\xb4\xfa\x06\xb6\x9b@\xa3ca\xf1F\x82\xb5K\x16\
\xfa\xb7X:\x19(\x22\xc1\xa4\x91I\xf8\xa7\xd8P#\
C1M\xe1\x17Fpk\xfa4\xfed\xf68^\xae\
\x8f\xc8\x03U,z\xb5\xb1i\xac\x99\x8d\x8e\xc1\xa0\xc8\
)\xd7)\xe4\x03*Y39\xe3/UY\x84<\x0c\
x Ip&O\xb61\x18\xf52\xec\xb5\x0d$\xcd\
\x96\x1c*\x17|\x0f\xbf{\xe2\x09\xfcpg\x17\xbb\xdd\
\x06\xaa\xb6\x89\xb3Hq\xeb\xe5\x18\xcf^\xb3p\xf4\x19\
\x1fgNu\xb0\xbe\xd4E}\xd8Em\xa4\x88\xf2\x84\
\x0b\xaf\x1eI{\xe3\x8aK\x0e?(\xba\xd8\x12\xd4R\
\x12U\xf1\xc1\x93\xc5\xc1E\xaaZ\x01\xd9`\xb2\xf04\
\x12\xae\xdb\x08\x15J\x92\x89\xfe\x9f\xa1\x9bq\x1b\xe8\xac\
'\x08vm\xf46\xf7d<\xd6\xec\xc5X\xe9\xd6\xb0\
\xb2\x5c\xc4\xf2\x17;\xc86\xfb`;[cvcf\
\xa22T\xc7\xb7&fp\xb3T\xc5\x07'\xef\xc1\x5c\
\xf3\xdb\xf2X\xea\xcd\x04k\xdf\x00\xb6\xbe\xdf\xc3\xd8\xb8\
\x83\xb0\xc3\xdb\x92\xad\x0b\xff\xa9\xd4\x8e*\x9f\x8f\xaf\xf1\
\xf0 Po$N\x8f\x06\xd2^=\xcb\x97G\xceM\
\xc9\x19\xbfq\xc8\xeaK\xf9GHK \xc4\x1fu\x90\
\xb0R0m\xd5f\xaaj@\x8fj\xb5\xcf\x84j\xcd\
4&\x22\xbfC\x1d\x02J\x16\xcc\x9f\xcdIL r\
i#\x07RslB,\x02\x95O\xa0\xfa\xd9\x043\
\xa9\xa6T\x89\xc6\x1a!\xd0U\x00\x7f>\xbfGU\x13\
\xca\x18\x84\xeb\xdc\x84\xe9d\xc2C\xe1\xe8\x92S\x9a\xf9\
\xd3\xfbX\x9ewa\xde\x8c\x10\xa5\x01\xe6\xb6\x97\xe1\xdd\
\xf3\x10\xfa\xb4\x95\xdf\xef\xa2\xf7\xea\x05\xc4\x8f\xdc/S\
\x99A\xcaQN\x93\xd77:\x9f[\xc0\x94\xad\xf9I\
X\xd7\x97\x91\x90\x1f\xa0G\xedy\xf6\xa4\x1el\x0e\xaa\
\xc8~J\x7f\xd8\x00\x9e\xf6\x0a \x95_\xe4\xc1\x92\x99\
\xe0z\xf5c\xb3E\xdb\xf4}\x93F\x9f\xfc\xa6n\x10\
I\x98\x80\x0cl\x92Dn\xd2\xd0\xf7a\xdeY\x1a\x94\
\x0eR\xcd\xf15\xf1\x83\xa0I\xa4\x94g\xda41'\
Z\x0c\x8c\x0a\x12l1\x97\xaeX\x15\x94\x9fg%\xed\
\xbd\x96^\xb6\xf0{\xe3!\xe6\xc62TJ]\xf8\x05\
\x96\xdc\xec\xd3\x19F\x94J`$E\x1e\xbb]\x0f{\
\x9b!v\x97\xb8\xe1c\x04\x1b\xa1\xbc\x0e\xdew$\xa3\
T-CXY<\xe18m\x10\x95\xa0?\x82k\x13\
\xc7\xf1\x95\x89cx\xa5X\x11%\x99\xb1\xbb'\x9et\
Y\xa5\x22\x18\x05\xd8\xd7\x8f\x0c\x01\xc4+t\x96\xfb\xa0\
\xf7\xcf\xcd#sJs>Xa/\xd1\xa7\xd0\xc8A\
J\xa4\x9af\x9d\xae\x8dxa\x1e\xd8\xd9\x07}\xc4\xb2\
n\x17_\xa8\x8eb\xe2\xcc{\xf1\x91\x0b\x7f\x8a\xb5\xb0\
'Vj\xc7\xcc\x04$o\xad\xfda\x0b+e\x0b#\
\x0f\x19\x18;\x16c\xa8\x96\xc0/\x06\xa8\xd7\x12\x11\x11\
\x95\x8a\x0e\x8a\xc5\x22l\x8f:\xee\x04n1\x11+k\
\xb1\xd8\xe2\x9c\x9b\xd5A\xc2j\xc4A\x1a\xb4D\xd0\x92\
\xf1\xdf\x0d\xb6\x13\xbc\x85\x09\x14\xf6\x11u\x00\x82\xfdq\
\x90\xc9\x087\xec\x03\x9d\xd0\xc3^\x9ca{\x1b\xd8\xb9\
\xe6`\xffb\x17hR\xf2\x9aI\x8f?\x91Z\xe8!\
\xc1\xa8Y\xc0kG\x9f\xc2\xa5B\x15Af\xe2\xdbC\
Gq\xc4?/|\xf5*R\xac\x9fOq\xed\x95\x1e\
&\xbe\xbf\x86\xb4\xbd\x87$hhO\x00}s\xeb\x1b\
Y\x5c~\xe3h\xb0\x91\xa4\x1d\xc9\xb3\x04s\x9cA\xa4\
\xbe\xbc\xb5X\x11(PT<\x01\xec<6\x8d\x1f\x87\
j-i\xb0!\x13\x11\xde\xe2\xb9#\x80yH\xff\xaf\
\x03^\xa5J\xa0]\x19%\xdaJ\x07\xa7p\x02\x9a\x8a\
R\xa6,-C\x7f0\xbeN9J\x12|\x22\xdfl\
\xfcz:-\xf3=\x04\xea\xcf\xe5?\xa9VFZ\x02\
\x93\x5c\x0d\xb6\x0d\xeaPS\xc4,\xdd\xe6\xc8[\xe4x\
\xaf\x8f\xb8\xd3\x15\xf1Z\xad\xee\x01U\x1eTL\xf5M\
\xe1\x84]\x14\xa2H\xe0\xd6\x98\x0eH\xad>\xec\xd7/\
 {\xec!\xb9HX\xa5\xe6h\xc4\xc0/\x91k4\
\x88\x90\x8d\x8f\xc1\xde\xdeC\xda\x08\x04\xb8\xces\x06\x05\
\xff\xd5\xd3\x83\x03\x96h\x8a\x90\x86\xbb$U\xb1\x15\x94\
1\xa0\xaa\xc2\xb9\xe5\x0a\xf5Jl\x87\x99is\xec\xd1\
\x8dc\xecDjv\xab\xa2\xbax\xa01\x1b\x9d}\xf7\
.\xa2A\xc9\xa6}\xb9\xf7\xf7\xa5o\xc99\x00\xb9=\
s~\x0a\xe5\xa5];\x8bq\xb3:\x81\x87a\xa3\x83\
XJI\xe7N\x84\xaf\xfdK\x13\x95#>\xca\x93t\
\xb4Q\xa4\x0b\xa6\xf8\x04\x8d@\x94bF\x87B\x98H\
\x90{\xba\xeez\xe4P\xcb\x86g\x9e\x00$|\xd2M\
2:\x9d\xa0T0\xd1\xac\x8f\xe1\xc5\xd1{\xf0\xb5\xfa\
<n\xd0\xf6\x9b7@\xac\xfax\xb2\x0d9\xe646\
\xdb\xf0\xa8]\x98\x1cG\xbfZS\xa7\xad\xf4oJl\
\x91\xdfLR\x01\xe5\x1c\xd6\xfcM\xeb\xb6G>\x04\xde\
0D\xd3\x95h\x1bf\xad\x82\xec\x9e\xe3\xc0-\x13\xf1\
\xd2]\xfc\xdb\xb1i\xf4\xee\x7f?\xbe\xe7\xed\xafc\xbf\
\xdf\xa2\x05\xbep\xc1\xab&\xd0h'\xd8\xfd\x16\xb0\xf6\
-\x0b\xa6\x1f\xc0\xa6\x19Q\xd1\x85U\xf2P\x9b\x08\xe0\
ZM$\x81\x0d\xb7\x1e`\xa8b\xc1!\xd7\x81J4\
I>a\xa5E\xe1/G\x87\xf4\xc5%\xb1\xa7K{\
@\x04a\x88~\xc7\x90\xe1A\xc6\xb1\x9a\x97\xa1\xd31\
\xd0\xdea\xa2\x8f\x8d\xeej\x8a\xee\x0e\xc3%y\x80\xa6\
p@|\x05\xe2\xc4\xcc\xd6\x89\x1bc\xcaqp\xe9\xc4\
#\xf8\xcd\x89\x05\xc1o\xd8\xfa\xbcY\x9d\xc0G\x87\xe7\
P\x5c\xbd\x06\x0e\x1f\x0bm\xe0\xe27;x\xfc\xa3)\
\x9c\xa2'\xce3\x02\x84\xe7\x81\x9d\xda`\x9c\xe0\xad\xb2\
\xfcb\x0f\xcf\xc9\x06\xcd2yC\xb2\xb7O\x95c\xb2\
\x5c\xb9l\xd78\xa7\xe6\xb5\x93\xcaX0\xe9\xb1\x9dd\
E@\xd9lG\xec\xc6Tk\xa0\x0eB5\xe2\xd4\xb8\
A>\x02c\x09\xaft\xc2Z\x80\xc5M\xado\xcf$\
\x91\x987\xc3W~\x90B=LY+R\xb8\xa5\x5c\
\x97\xd4\xe9DD]9\xfe\x1e\x14.\xacZx!\xb2\
\x12\xd1IO\xc2qQ\x86/2\x11\xd2U\x02-\xd8\
\xb2\xd8DB\xd6 \x81Kn\x8d \xc0\xf62\xc3h\
\x15\xbdH\x9b\x0b+\x16\xa2\x8e\x22\xcf(\xfei\x06(\
\xbc\xf9\x16\x82G\x1e@$e\xbcN\x92\xd2ET~\
\xb6pC\x17\x8e\xcc\xa2p\xfe*\xdadu\xea\xb1m\
\xeeG\xa89\xccrn\xf0\xe6\xe7\xeb\x8e\x0c\xc5\x01P\
\xf2\xe1\xcc\xf0\xb9q-\xcb\xe9\xb7{\xe7\xec,M\x1e\
\xf4\x5c\x0b\xad8\x95\xc0\x0eYp\x9a\x90\x10:\x0e\x0a\
\xdd\x9e\x00>\x92\xb9\xa6A(yq\x1d\xf6\x97\xf6\xc1\
\x98Ic\xa2\x03\xb2\x82\x88Wx\xabG\xf8\xca\xd0\x0c\
\xce\x8d,\xc0\xd8\xba&\x14\xc8\x09*\xa3\xa2\x14;7\
:h\xdd\xd0\xd4P\xe53#\x8b\xb2\x82P\xa8\x93.\
g\xd0TVI:\x90\x01\x87H\xbe\x0c\x9c\xe8uf\
#.W\xb1\x5c\x9f\xc6\x1b\xa3\xf3x\xbe>\x86M*\
\xdeHp\x91\x0fK\xf1\x17Hq\x96\x0a\x85\xa8v\xb9\
&V\xe3\xf6\xd5k0\x87jp\xe6\xe6\x90\x0d\xd5\xc5\
\xf7\xa0'\xac;\x0dN\x0fzW]\xba\x0aI\x5c\x05\
\xaa\x90RJ\x82\x90A\x14\x85\xd5\x04\xc3Or\x1e\xc4\
QZiYH\xef.\xe2\xb7\x87fq\xf3\xd1\x8f\xe3\
\x937^\xc3\xd8\xfau4y\x1a\xa7\xbc\x08\x0c\x9aT\
\x83Q\x22\x1d\x0a~V\x05&\x03\xef\x06e\xba-\xc2\
m\xfd\x9bu\xbb\xe1\x11\x9b \xc0*\x91\x92\x9c\xe2\x09\
a\xcapY\xaa\xaa\x03K^8m\x08\xe5\xfb\xa2A\
\xfc\xbc*\xc4UJ\x11\x05\xc1\xbc`\xf8\xfc\xdcD%\
\xe7\xf0\xb0\xe7\xa1\x5c(\xd5\xf1\xec\x89w\xe07\xa7\x8f\
\xa3\x97E\xb0Xf\x13\x0b\xa8\xd8xy\xf6\x1c>\xb0\
uK\x80\xcf!\x03\xb8\xfa\xb2\x85\xab\xafn\xe3\xfe\xef\
\x1e\x83\xe1Ta9D\xd5y\xab\xe6\x0b5\x95\xd4\xdf\
4H\x910+\x80Q\xda\xb4\x22\xebv\x81p\x0f\x9c\
\x5cE\xa1\x0aj\xe1!\xcfS^<\x08C\x0f\x95{\
\x0a\x98z\xb0\x02t\x0bHh\xb6*\xcf\x9e\xcf\xf7`\
\xfc\xa7\x82\x5c\xb4y\x07\x03Xy\xb8\xb3\x15\xe13\x12\
 O\xed\x16\xb1\xe7\x8ac\xd8e\x07\xcd\x8dU\xec\x5c\
\xa2\x1f\x22\x9d\xa0#X}K\x08PY?\x91\xd6\x94\
\xd5\x87m&b\xd1f\x17\x12\x18\x05SHG\x86\x13\
(\xb7h'\x13&\xaa\xcb\x11\xa8Y@\xe2d\xf2\xbe\
E\xc5\xc8\x90\x19\xcf\x84S\xe8\x89\x8b\xb9\xeby0G\
\xca\xe4\x0aa\xf7r\x03\x97_\x03\xd2\xa5P\xa9\x04I\
\x0d\xb6H\x13?\xb4W\x92TR\xb7\xe3\xcd\x06\xbc\xb7\
\xdeF\xf9\xa1\x07\xd0\xeb\xf4\xd1\xcf\xed\xe4\x04\xf0\xd5u\
O\x18\xa0'.VC0\xb6\xf6\xa9\x04;\xa8^\xf2\
5\xab\xab\x02V\xdc\xf4\xd6\xe4\xb9\xc9\xf6\x98\x16|\x82\
!\xb3\x01\xa2T\xb1:4m\x9b\xae[\xa2Dp\xb1\
\xa5N(\xba\x8dp#\x93\x15\xc7\xf8l\x06\x11P\x9f\
\xcd\xb9\xb8J\xec\xb0a\xb6\xf65]:\x7fq\x07J\
\x04\xc5h\xd3\x1f\x14\xff(5p\xc3r\xf0\x1fO>\
\x8e\x1f\xe96\x11t\xd6\xc5\xe4\xb3L\xca/\xdf;7\
\xd5A\xeb}H\xf7\xaex\xe6l\x19\xc8\x98\x16\x1eT\
\xa1\x8c^q\x187\xea\xb3x\xb3>\x81\x8b\xe5:\x96\
\x5c\x02\x93\x8a\x8cD?\x03\x95+\xa1G`2\x8b4\
\xc5[M\x8c\xfaL\xc5_\x10~C\xab\x0f\xe3\xed\xcb\
\xc8\x98\xa8;7\x0b\xbbZF\xcc\xbe\x99c\x17\xb1\xd4\
\xca\xcbU\x1d>)\x0a2M!\xcdUX!=\xf6\
9bS\xc4\x1a\x96\x82\xe9\xd8\xa8\xba\xe9VW\xf0B\
V\xc6\xc5{\x9f\xc1\x07\xc6\x8f\xe2]w/al\x7f\
\x0d\xbd4\x96\x12\x8c\x9b\x8e\xa0\x1b\xc7@,\xce\x14\x8c\
\xa3\x12\x11\xe4o%\xf1R\x06$\xda\x18D\xc7B\xaa\
\x85\xc0\x09\x87X3\xa9Y\xbd\x22]iN\xb8\x0e$\
\x97\xd7.\x1f8?O>\xcb\x0c^\xcc\x0a@e\x02\
\xf2\xfb\xba\xb5)\x9c\x9f<\x85\xaf\xcf\x9e\xc0[\x1eA\
R\x8e\xc7l\x11\xa2\xd0\x05\x89\xef\xf7\x1b\xc3\xb3xj\
x\x0e\xee\xfam\xd4M\x03\xd5\x15\x13\xcf\xfe\x9b\x04\xf3\
\x93=8C@\xdc\xe8\x22\xe9\xf7\x11\xb52\x99\x08\xf4\
\xbb@\xaf\x1d\xa3\xb5\x17#\xea\x16\xd1\xa6\xe5{\x9c \
\x8834\x1ad\xde\x99@\xbf\x83V/FH\xa5\x9e\
c3\xb3\x15i\xc9\xc0\xc7\xa7\xd4(4sB\x01H\
-\xa1H\xf3\x82\xe6\xed\xac\xabM!0\xa9\x98\xf24\
\xea\xc2\xae\xf9B\xadM\xdb\xa1\xe8\x1b$\x04E<\xfe\
\x19\x01G\x9a!\xa1\x12\x07_}\xde\xc1\xb5o&\x18\
\x1b#?>\x85gZ\xa8\x16l\xf8Cj\xe6.\xad\
\x157\xb5a`\xacn\x89ob\x98\x84H\x9c\x08\x85\
\xa2\x8f\x12\x85G\x9d\x18Qo\x0d\x11oI\xc9\x10\xe0\
\x19`\xc2\xf7K(\x94\xbar\x98X4\xe9O\xf7\xd1\
q\x1c\xdc\xeaX\xb8\xfd\xb9>\xc6\xbaL^b\xf8\x88\
\x81\x95\xa1at\x0d2m%\xec\xec\x00T\xf7K\xf0\
\x96\xf7\xd0\xae-\x22Y8\x82\xac\xdb9\xb0O\x97g\
\xa0S\xbd\xa2\x08\xe1\x14[\x81]\xb1\xd4\x93\x8aJo\
 \xf2\x13T\xf8\xb4\xae\x8c\x92\x04.\xf35\x06\x97\x99\
v\xf3NY\xc1\x95\x13\xdbp\xact\x8f_H\xe9\x92\
$\xf4\xaaY\xa2\x90o\xb8\x90\xdbm\xd9\x84\x12P\xc0\
\x07/\xb7\x7f\x17\x99\xa0\xa5y\xcfs\x10\xf88x\xb5\
z\x9e\xcdQ\x17+\x86\xe7\x0bU\xf4\x1f\xf8n\xfc\x85\
\xdb\xafc|\xf3\x9a\xa4\x0a\xe7a\xe54\x89\xc9\xbfS\
\xe8\xb4\x83\x04 \x0f\xe1\xd0$V\x8e\x1c\xc3[s\xf7\
\xe0\xea\xd0$\x96\x0c\x1b\xdd\x9d&\xb0OCE\xb6l\
\xcahC:\xcb\x81_\x9f\xfey<\x1c(\xea\x19p\
-\xb5p\x85\x1b\xcbu\x11g\x1e\x8c\xdd6\x9c\xdd\xb7\
a\x8d\xd5\x81\xb99\xa4\x14XHr\xcd\x9f\xd3\x8ak\
4V\xfda\xee\x0b@g\x1bm\x0c)\x07\x01]m\
)0\xf0\x90\xcd\xcc\xc1\xd8\xdcDsg\x1b\x9f\x9b8\
\x86\xaf\x8e\x1c\xc1#\xbb\xebxp\xfb\x16f\xf6\xd7P\
\xeb\xb4`\xd1\xa5\x97\xd6\xcf\xbar\x92dd\xfd\xda\x09\
Xr\x83\x1e:[\xf5W\xa9\xa1\xdf\x00r\xd1\xc1\x9a\
\xfczjY\xf2\x7f\x97`\xce\x5cx\xa3\x0f\x8f\xa6_\
\xc3n\xb1\x8c\xa6WET\xaa\xe1Fu\x1c\xaf\x0dO\
c\x95\x1b&\x09`\xd2\xe3\x8e\xfd\xa4\xc7rY\x8d\xd1\
\x88\xcc\xdf\xf0K\xb8<~\x1c\x8f\xad/\xc9(\xe9h\
\xaf\x8b\x97\xbf\xee\xe3s\xd3;\x12\x18b\xef\xd8\xd8\x8f\
Ll\xb7C\xf4\xf7\x81\xf6\xb6\x85t7E\xb7a \
\xd8\x0d\x10\x93\x91&\xfb\x97\x0a\xc9T\xd4o\xaaeU\
)R\x14QQU0\xf1C\x09f\x1e\xa0\xcb0\x01\
\xc6\x8eLD\x18<\x22G\x9aH\xc9\xd9&\xb0\x0db\
\xe5\x13#\xe5f/y\xd8\xbb\xd3Dc\xbd\x85\xa9\x87\
\xe7\xe1\x95\x5c\xc4\xad6\x0c\xd7Rm\x868\x86\x99\xa8\
L\x8e\xe2\xfb~\xca\xc2g\xad\x04\xb7\xfe\x1dPl\xc6\
\x08\x8c\x14\x0dI>V\x07\x02\xff\x7f\xc6\x87\xe8\x18\xb8\
\xee\x13\x80m\xf2F\xa4\xc3;<\xb3\x07\x97`\x09\xf1\
\x05\xdb@d0\x131\x13\x09v\xb5l\xc2\xafe\x88\
\x19\xa4[\xceP+q\x22\xe0c{\xa7\x87\x8do\x06\
(\xef\xc5\x0a\xab\x85\x01\xcf\xaf\xe3\xcd\xe2\x84\xc8rS\
\x9f$\xb0\x03\xfc\x99\xe7F\xe0\x97\x80\xabw`U+\
(\xd4\xc9.\xd5\xadC\xae\xb6\xd2\xed\x08\x98\xf2<\x5c\
\x03vZ\x88\x0b\x05\xad\xca\xcd\x01J.MU\x81\x87\
<d\x07\x98B\xbe\x9a\xd9\xe2f\xe88YF\xae\x80\
\x94\x09\x8a2\xae\xfe\x99+\x8b\x02\x22\xcd\xcd\x0e\xfaB\
?UG\x8c\xd1g\x96\x9c>\x0c\x0e\x99~\x0c\xa8\xc8\
\xfa\xf6\x91cD\xcf\xc8UU\x10\xe3\xd5R\x19\xd7\xee\
}'\x9e\xde;\x81\xc7\xb7\x960\xd9\xddA\x91\x1e\xe7\
qS~f\xec\x96\x11\x95*\xd8\xa9\x8d\xe3\xe6\xd4,\
nM\xcc\xe3\xc6\xd0\x18\xd6\xfc\x82\xaenTJ\x8bY\
,\xc2\xa4\xc5\xf8\xc6\x86B\xf5\xf3\xf9\xb9<\x04\xfa\xac\
\xb9j\xc47\x00\xa6rr\x0dOG\xcd\xa9\xcf\x01>\
&\xe2\xb0\x9b\xa6\xf7\xc1\xce\x05\xa4\x13\xa3Hf\xe7\x91\
\xb2\xbcg<\x93\x1e\x05\xe5\xef\xed@:\x9e\xb3\xc54\
\x1b\x92\x07\x918\xb6z\xc8\x86\xaa\xc0~\x13\xc6\xe4$\
\x1b|X\xebk\xd8C\x8a\xaf\xce\xce\xe3\xab3Gq\
\xb4\xdb\xc1d\xb7\x89\x85^\x0bG\x1b\xbb\x18\xed\xee\xa2\
\x16uP\xedv\xe0\xd0\xbd\x86\x95\x0a\xe3\xb2\xd8\xbb\xc9\
8OD\x5c*\x1eL\x14_\x8aW\x9f\x07C\xa8\xf1\
\xa5\x09G\xccI,\xf4\x0aU\xec\x17\x0bX)\x0dc\
\xb5>\x89n\xa9\x88\x95\x04X\x81\x8f\xcdR\x05\x01\x0f\
v\xad\xe2\x94O*b\x1f\xcf\x96\x89=\xba\x05pB\
\x22\xa0\x9a\xf2Bd\x1b\xf7\xa7#\x0bxt\xe4\x12\xfa\
;\xab\xa2a\xbf\xa7\xdd\xc3\x9b\xbfc\xe2\xfa\xb7\x0d\x94\
\xac\x0c\xed\xfd\x04\xe1\xba\x09\xa3G\xe7\xbe\xbcn\xe2/\
P\xf3\xf3\xbc\xae\xe3\xb1\x92\xeb\xfe5k@\xfc\xeb{\
\xc7S\xbc\xf7\xaf\x15Qd\xe9\x1c$\xc2\xc3\xb0J#\
\x8a))#/No\xf8\x9a\x09\xc6\xf1@!#1\
\x12\xb7\x9d7\xbe\xb6\x87\xe5\xb5\x00\xf7\xad\xdf\xc6\xbd\x9f\
\x98\x84E\x1c!\xa0?\x1f\x03Dl\x18\x015\x06%\
\x8c\x0dM\xe2\xbf\xf9{\x15|\xed\xc9&\x9e\xfb'{\
0_m\xd3TLJ\xf3|\xf9J\xcc\x03o\xf6\xfe\
\xa1c\x97\xd8\x0a[8\xd9\x01JShic\x10b\
e\xf4\x8e\xe0\x7f\xd5\xbe;\x88\xe5Hg\x1bF\xfe\x84\
\x81\x92\xbe=\xcaY\x86\xa5\xe9\x13x\x89\xd5\x15M[\
\xf3\x8bRcL\x8a\x86M%\x9f\x03\x9c\xbf\x02<\xfd\
\x18,\xb6\xe4\x02n\xea\xa9G~\xc1F1\x12\x1a\xe8\
n7\xa4\x0a\xd0\x9bN\x91\x9b\xa4ZP`~\x12\xa6\
\xb2v\xb4\x91\x9a\xe8{\x94\xbd\x84\x1c\x10\x8e\x9d\xeb\x5c\
\xe4\x16=L~\xe2\x0b\xa2\xef\x19\xd1\xee\x1cd`\xff\
\xdf\xef\xab\xd3Hs\x98\xbf\x83\xa02\x88\xbd\xd6\x0f\x8e\
\x01\x1e\x8c\xb3\x12\xc5\x17E\x22\xa1XV}qh\x06\
_\x1c\x99C9\x01j\xc5\x02\x8a5\xde@1\xfa\x8e\
\x8b\x86_@\x9b.<r\xe0k.|\xbf\x0b\x8b$\
\x10!;X\xc8\x1c\x13\xf1\xfc\x0c\x8cz\x15\xb8vC\
\xc2'\xe0\x17\x14\x12\xedq\xe3\xab\xa5%\xaf(\xefH\
\xf2\xcb;?\xbc\x06H\xbf\xf6Tw\x5c\x09$1V\
\xb7am\xef\xc3f,\xf7\xd4\x8c\x00\x9dt\xe1\x91\xb6\
\x82\x0f-'`\xe8\x82\xe2;\x8a\x02V\x032.t\
\x90MN\xc8\xa4 +\x14\x90\xf8>\xacM\x92\x18\x1a\
25\xb9\xe3{\xb8\xe3\x8d\xe1\xdb#S\xc0\x9c)\x1c\
\x86r\x1a\xa3\xd6\xef\xa1\x94\x86b\xb9&\xe3]\xd3B\
\x91\xdc\xf3\xd1Qdc\xa3H\xbb\x1d\xa1\x1eS+P\
\x0ec8k\xeb\xc8\xfa\x11\x02\xbf(\x12^:)u\
<\x17\x1d\xf2\x12\xa6g\x11\xd2\xcb@dz\xcaX\x12\
++@\x93)\x0e\xb92\x8e7\x0b\x99\x909\xf9\x81\
\x06\x0c\x15\xd5.\x0d\x16\x05\xb9;.\xde(\x16\xf1'\
\xa7\x9f\xc6\x0f\xbd\xf2E\xac\x84m\x94l\x13\x0fu\x0d\
\xdc\xbc@w\xe8D*6\xce\x92\xe8-\xc8\xe5\xa6\x14\
\xfb\xca\x0c\xad@/\x00EN\x16*v\xbed\xe4\x10\
p\x0c\xb4J>\x8e\xfdh\x8a\xb3\xf7\x0f!3lD\
\x0c@\xa1\xaf\x1eq\x08\x81\x98t\x12\xb0\x00{j\x8c\
\x97\xf4vaW\xcaX\xbb\xd3\xc4\xf9\x97zX{\xab\
\x84r\xdd\xc0\xe8K\x1b8\xf2\xcc\x1c\xa2\xe5@\xfa}\
\xd2\x9c\xc5:}\x7f\x0ff\xc5\x87\x959x\xdf\x07\xcb\
8\xf3\xa0\x89o\xfe{\x0b\x8b\xff\xd6Bq\xbd\x83\x92\
\xad\x18\x94b\x9f \xbe\x8c*aW7b\xc2\xbeS\
w\x86\xf2\x82\xc8\xed\x1d\x94\xe3\xe3\x01\x9f_mT\xb9\
c\xa5\xbaq3\xe5\xd38B\x09\xf1\xf8\x02\xfe\xc5\xc2\
\xa3\xd85\xa9}P\xdc\x92<c@1\xd6Tk\x93\
p\xca\xd4\xeb\xa3x\xf9*\xc2\xfb\xcf\xa2\xdf\xebK\x06\
\x07\xeb\xa4|\xc4\xc7\xb1c\x5c*\xc0\x1d.\xc3h\xf4\
\x85\x0d(>\x07\xfa@\x11gF\x11\xe0\xf1\x98\xa1\xe5\
\x1a\xf36\xd4\x85Ar\x1f\x19\x81I\xa7\x7f/\xf3X\
\x95\xb2H\xcb\x12\x95n\x22\x15/\x00'M\xc4\xa3/\
''\xf0E\xa6\x8c\xa6\xca\x99X\x83\xd3#\xff\xa7\x92\
\xf9Z\x8c\xae\x22h3^GZ\xad\x0a\xb1D8\x14\
,\xd9\x96\xd7\x90u\x09\x18\xc5h3\x89\x86\xe5|T\
\x06\xa6g\xf5\x93gE\xa0\xd2\x5c%\xfcA\x04/\x16\
\x12m\x07\xadZs~]\x08\x0c\xd7P|\xf7\xd3H\
n/\x22\xd8\xd8%\x92%\x07\x8dp\xb9\xe5V\xfc\xce\
\xdb{p4\x1d>\x1d\xe4\xf4U@\xa6\xb4,\xc5\x12\
\xb3\x14a\xde^\x86\xb5\xb9\x0d{~\x0e\xe9\xc8\xa8\xe2\
\x01\xc8\x5c^\x8d8s\x8d\x08_\xa7Tqz\x16-\
\xa7t?\x10\x91\x88l$N\x08\x98\xeeS.\xc3\xda\
\xd9\x84\xb3\xbe\xa1\xd2r\x88\xc6\x91\xc6I\x88\xce0\xb1\
\x87\x0c{\x82ghL#\xef\x0b\xd9\x033\x1b\xdei\
\x0133\xea\xcf\xf2\x88\xf0\xa9\xa3\xc0\xea&\xd0!H\
\xcb[]\x8f\xa3\x82\x08X\xba\x0dct\x14\x06-\xda\
\xa9\x82\xe3\xe1H\xd0sw\x1f\xd8\xdc\x92Q\xa6\xdc\xf6\
Zf*\x04\x1an~\xb6@\x074\x0e\xf5\xac8\xea\
u\x5c\xfcv}\x1a\xfeC\x1f\xc4\xa7/~\x0d\xdb\xed\
=\xf9\xbaS:\xd2\x9do_\xee)\xcd\x88#\xb8\xc8\
\x0d\xcf\x1bG\xc5k\xaa1\x94xv\xe8OD\xa8K\
4\x08\xfdn\x17\xef\xf9t]\xd2\x86\xa2N\x03Y\x10\
\xc2\xac2\x90]\x5cA\xd4w\xb2\xec\xa5\xef?E-\
\xadUx\xa5\x22\x9a\xbb}\xbc\xf5F\x82\xe6\xf3\x05T\
\xd6\xbb8\xff\xac\x85\xb1\xc9\x04\xd5\x9bM\xd4g+\xe8\
\xaem\xc3\xf0S\x15%F{\xb2\xad6\xd2J\x05v\
y\x08\xd3\xa3e\xfc\xe0\xdf\xf5\xf1\xf6'\x9ax\xfe\x97\
\x03\xec\xfd\x11Pj\xd3\xfaK}\xa6D\xd0=\xdbC\
\xe0\x17\xe0\x07!\xdc\xa8\x8f\x82\x18\x98h\x13X\xfd\x1e\
\xf2\xb4\x03E)\xfaN\x9c\x86\x07b\x99S*\xb7\x80\
\x8bs\x0f\xe0\x9f\x1d\x7f\x087\x98\x1d\xc1\xecGR\x9b\
\xe5\x80\xd1\x18Z\x1e\xf0!\xd5B&~\x14\xfd\x95\x0d\
\x18\xa3C\xf0\xc6\xc7\xd1\xd5a\xa1\x02h\xebc\x80\x15\
\x831:\x0cgo\x11\x81\xfc\xb6\xfc\xb9*\xec\x8a0\
\x85\xb6\x83\x11&'\xe7Gq\x1e\xeaC\x9b}\xcb\xac\
\xd9\xb9\xf1\xa0b\xf3e`I s|nd\x027\
\xdd\x9e\xda\x84\xba\xfc\x17n6\x17\x8f\x80\x0f\xfa\x1a\x1c\
\x1c\x00&\xac~\x0f\xce\xd40\xe2\xe3\xc7\xd4\x9c\x9d\x98\
\x82\x8e\xb0\xb68Bc\x98e/\x10\x89\xaf\x00\x154\
\xc0\xd8'\xa1\xe8\x0e\xd2\xf9#\x0aUg\x09,\xf3y\
]\xa2\xd2\x13O\xcf\x80\x13\x8auH\xde)\x15\xd4M\
K\xc4u\xf2Q\xe0\xad\x8b0o\xad\x22\xf5\x0a\xfa$\
=(\xda\x07\xea\xa9\xdcuY\x1b\x96\x0c\xaa\x18}\xc3\
\xa8\x0fC}c\xea\x16\x05!v\xae\x5c\x87;\xb2\x8d\
\xe8\xe8Qd\x94o\xf6\xfb\xca\xc0A\x0e\x11]\x96\x0d\
\xe6\xb0\xda\x0cE4\xb6)\xd0\xe3\xcc\xcd\x85A\x9a1\
\x15c\x0cw\xac\x0e\xc1\x5cZDFC\x07\xe2\x13\xfc\
\x10s\x22K\x1ep\x93wk9\x8f\x9f\xcbn}\x0b\
V\xa3\x01\x1c]P\xf3_.\x08\xa6\xec\xccO\xc3\x5c\
\xdfB\xb6\xbd#\xa3I\x99\xab\xf3\xcf\xf9\xfa6v\xa4\
B\xc8f\xa6\x95\xec\x95 )\x1dg\x8a\x05\x18\x8b\x8b\
\xc8xP\xd04\x92\x04'&?\xb3\xbf\xcdG\xbby\
\x05\xa0O:J\xa4\xd3\xdd-\xfc\xea\xe8\x1cn?\xf6\
\x11|\xe6\xc6\x9b\x98\xda\xb8\x86V\x18\x09\xa8\xc9\xbf\xf8\
J}]\xe6\xdb\x8e\x89\xd0)\x09\x97\xa0\xef\x95\xb0\xee\
VQ4\x03\x14\xb7\x97\xc4\x1d\x987?\x0dD[\x0f\
\x02\x1f\xf8Y\x0f\xf5j\x19\x84\xc9\xa2\xdd\x08N\x81\x8a\
\xc9\x5c\x86M\xd1\x0b\xc7u\xfc-\x19\xc2\xee\xa6\xe4.\
$\xa6\x8fk\x97\xb7q\xeb\x85\x18\x85\xf5\x14E+\xc5\
\xea\x0b)\xce\x9fqQ\xab\xb6Q\x9a2\xe1U<\x84\
m*\xc0(\x11\xa6\xc1G\x01Y'B\x12\xad \xad\
\xd7`e5\xdc{\xd6\xc1\x89\x7f\xee\xe0\xb5Oex\
\xed_\xf6\xd1\xfa\xea\x1e\xaab\xa2\xa7&&\xcdj\x05\
K\xc33\xb8\xeb\x0f#\xe9\x03\x93q\x0b#\xfd\x0e\xaa\
Y\x86aN\xab\xe8\xe2C\x1b\xb5$\x81\x17\x07(u\
;p)=f\x95n9\xf2\xbd_X\xb8\x1f_\xa8\
N#LiM\xc6x/e\xe4\x91\xeb\x18\xf2\x0a{\
0\xd2\xd3\xd5i\xcfpQ\xb8v\x0b\xc6\xc8\xe8 %\
J\xf0\x1c\x91\x10s\xe4\x1b#(\x95\xc4>\xde\xa2u\
\xb8\x84\xf3\xea\xfc\x03ikR1\xd5q\xd2\x14\x01%\
o\xfaT\xe7\x05):\x01#Kl\xf1J\xe3\xff\xd0\
9c\x12\xaf.\x95\x89\x12\xbb\x88\xdaR/\x06\x83\xa9\
)\x073\xbf\x03xJ\x8f\x1d\x9c\xa0\x0b\xe3\xd4\x02\xe2\
\x85\xa3\x88\xc3\x00&oB\xa6\xd2\xd2P\xe4\xeau\xa4\
+\xab\x08\xd8\xdb\x0a\x00\xa7\xe1-\xde \xbc\xb9Y.\
//\x03\x0b\x0bj6\x9a\x97G\x5c\x94\xb2\xd1]\xa0\
P\x10\xdfu\x82Ir\xd2&\x99\x04 R\xeb\xec\xdc\
w\xaf\xc4;%\xd7\x16\x91x\x94\x80j-\xbd\xbct\
\xe5Y\x98\x1f\x08\xb2\xd9\xf5F\x1d\x90W\x0e\xddz\xfa\
x\x95\xe7\x11Z\x05\x98;-\xd8{o\xc2\x9c\x9bF\
<=+\xe6\x18\x94j\x0e\x06\x85yN\xdb!\x9b.\
\xd9\x88\xfc8\xf8\xbex\xd81\xdd\x97\xd1L\x8c\xbc\x1a\
\xaa\x01Kw\xe1\xdc]\x16u%\xc7mD\xdf\x07\xbf\
;?L\xf2j\x87?\x93\xf9\xf3a\x08\xeb\xfaud\
\xb3\xb3\xc0\xd8\x98\x9a\x83\xf3\x03\x9d\x9d\x06\x98\xc2\xb4\xb6\
qp\x8b\xb0\xc7\xe7\x0a\xeet`\xdd\xbc\x09kv\x16\
\xc9\x08]h\x13d\xb5\x0a\x8c\xe9iXw\x16\x91u\
\x02\xa4e\x86S(\x94y\xa0D;\x04\xe8\xca\xbfS\
\xc3^\x19\x02\xf6w\xf0%\x7f\x08/\x9e{\x06\xef>\
z\x16O\xac-a\xaa\xbf\x0b'\xec\xc8\x82]-\xd5\
\xb0\xe1\xd5pch\x027\xbd26,C\x88`\xdf\
\xd5\xd9\xc5\xa7/|3'\xba\xc1\x88\x1cl\xdc[\xc4\
;\x7f\xc1\xc0\xc2\x5c\x09\x99\x1f#\xa4\xc7\xa4\xed\xc2t\
\xabZ8\xc4\x1b_\xb1\xeedR\x12\xd0\xee,\x83;\
\xeec\x89\xceN\xe7=\xb4\xbf\x11b\xc2MQJh\
\xa9\x95a\xf5\x8b\x11\xae\xcf\x95P|\xad\x8b\x93\xef\xac\
\xc1\xec\xb4\x84\xecc\xb9\xb4\x10\x8f\xc5\x86+\xa5\x0d\xf9\
\xfa\x1e\x92r\x0fV\xb5\x0e\xdf\xaa\xe0\xe9\xf7\xa6x\xe0\
)\x17o<g\xe0\xe2o\x85\xd8\xfb\x06MO\x02\x8c\
\xae\xde\xc5\xf8\xf6*\x8e\x8f\xcd\xe0rm\x06\x17F\xe7\
p\xc5\xa9`\x97\xd5\x1a\x0fya\xb8&b\xa5V\xca\
\x12T\x19\xb1\xce}\x83\x0c\x9b\xa6-\xf8\x15\xed\xc0\xc8\
\xe7g\xacZ*\xc0\xb4\x9e\xa8I\xd6\xa0\x22\xff\x0b\xc2\
\x9f\xafC\x8d1\x09\xe9\xa9\xd5\x85\xb3t\x17\xc6\xf1\x05\
\xa4}e@\x9a\xffw\xb5\x7fL\x98Cu\x18k[\
\x08\xac\x82\x06\xa4\x15\xa5\xdd\x8a\x95;\x107\xbcp\x06\
\xf9g\x87|\x17\xf7\xc8k*\xfc\xe2\xef=\x1fXx\
GF\xb4@7$\x16{L}#\xb4\xbf\xfa<b\
\xc7\x97\xdb\x85\xa8\xb6\xf4\xdb\x83\xf9\xbf\x1a9p\xa3q\
\xf3\xdbgO 8B\xfdrO2\x04\xa5\xd4\xe9\xf6\
`\xbf\xf9\xa6\xb0\x9d\xd8\xab*\x00N\x91\x1c\x14\xadX\
\x115dk\x06=\x18C\x15dg\xcf\xaae'\xe3\
;\x96\xaa\x0a\xe4\xa2\xa9\x88\xa2\x80\xb2\xa2 \xc2\xcbS\
\x8d\xa34\x13.\xf9\xfa\xf4b\xbfp\x11\xe9\xed51\
.\xcd7\xb7\xaah\xf4C\x1b\x1c\x04\x0a\xb7PV]\
z\xa1\x0ff\xffj\xee\xcf\x02\x85\xa0!{q\x9e\xce\
6-\xbcx\x93\x1f\x99G2>&c@1\x5c\xc8\
\xb1\x93\x01i\xeb`t\xa8\x22\x9b\xd4\xc9n\xf0\x83\x97\
\x5cA\xb5\xcb\xcdF\x03\xc6\x8d\x1b\xc0^S\x11\xadD\
\x99\xa6\xeb\xee\xbc\xd1\x1c\x98\xac\xea\x92\x86\x0c\xcc\xb8\x0f\
gt\x04\x01[\x02\xdb\x81A\xb1\x08\xdd\x85(\xccZ\
]S\x13\x1d>7)\xdf\x15\x04\xc7\xb1\x8fyb\x1e\
\xf1\xbd\xf7*\xf5\x1a\x7f,_\xcb\xb5[Hn\xaf(\
EY\x1e\xe1\x95\xdfB\xf9\x01t\xc8\x07\x01\xed\x16\x9c\
vSzJy\xad&S\x89\x15\xcd;\xb4U\x82\x91\
\xe2$p\x9c\xc6\x1e\xdc\xc2Ol\xdc\xc4'n|\x13\
\xfb\xe4\x8e\x88cS\x8a\xd5Se\xbc\xfb\x97=<z\
\xce\x93P\x8c`\xbf\x83\xb4\x1d\xc3\xab\x8f\x88\x9eA@\
1Nc\xc44\x85&\xa7\x1d\xc9\x0b(\x8c\x15\xb0\xb5\
\xd8\xc7\xab/\x9a\xf8\xda/\xedc\xecf\x8c1\xfa\x91\
HD_\x86M\x1e\x18O:x\xec\x073<\xf8\xae\
\x09L\x9e\xb6\xd1\xbb\xb5%\xcf\x9d\x86\xa9\x06\x0d\xd4\xf5\
a\x97\x86\xa1\x94\xd1\xfcL\xedzUp&\xb6B\xfd\
(\xc4\xdb\xe7\xf7\xf0\xd6g3\xec\xfcQ\x1f\xd6\x06\xb1\
\x8b\x18%\x8a\x88J6\xbaV\x11\xcb\xb5\x19\x5c\xac\x8f\
\xe0Ju\x0c\x8bNE\x84n\x83\xcf*G\xeb\xa5\xfc\
\xe6\xb6\xb2\x91\x08~e\xc2\xa8\x8f\x00L\xd2\xca\xf3\x0b\
\x0f\x8d\x95\x07\x9fw^|\xc9\x01\x91\xc2\xb7c$O\
=\xa6l\xcd\xb4\xd1\x8a:\xac\x09\x12[(0C\xe1\
\xe2\x0d\x89\x8e\x93O\x8e\x07\x8d\x06\xf2\xeb%\x13\xd3\x1f\
x\x0c\x11)\xca\x04\xf6\xb3\x94:\x804q|\xd3\xba\
z\xfd\x05\xbb'\xa7\x88\x92\x96\x92\xa2$\x93>\x82\x06\
4\x83\xe0\x07 \xe2\x09%\x8c\x90R~\xa0\xf5\xd6\xf7\
\x04'\x05\x04\xc9f\xc6\x10\x1c\x99G\xdam\xab\x0d\xc3\
[\x9b\x08\xff\xab\xaf#\xea'\xc8X\x9a\x0f\x9a\xca\xfc\
\x8d\xeb\x9f%\xf2Q\xf6\xdfe\x18\xed>\x9c\xc6\x1e\x92\
c\xc7\x90\xd2\xd3}@\xf1T\xbd\xbd\xda\xc3\xa6D\x90\
\xd3\xd3X$\xbbq<H\x0e\xc6\xe9S0\xbb\x01\x92\
\xcd}\x80\xb7\xae\x14,Zn:\x10x\xe8[Z6\
\x7f\x0e\x5c\x1e \xac\x04\xa2\xd4\xd1\xcc\xdf\xa9\xc3\x1b\xd9\
\xab{E\xc4a$\xd5\x8c\xbb\xb3\x8b\xf0\xc8\x11\xc4\x9c\
PP\x0e\xad\x0d\x19\xf2M3\xc0+\xa4]P\xde}\
\x12\xedM}\xbb\xb8\x0c\xa5Hk5\xe0\xd1\xc7`.\
/\xc1\xb9u\x17pJ\x889{\x17\xbcAg\xd8\xe7\
\x07\x82T%\xea`H\xed\x1a\xa2~\x08{\xe9.\xcc\
sg\x91\xcc\xce\x0a@\xc8J\xc38:\x0f\xe3\xf6]\
d\xd4\xd0\xf3\xfd\xeb\x85\xc8~\xd0Z\xd9F\xa1\xfd*\
\xfa\x0f\x9eC\x5c\xf0`v\xda\xc8\x8e\xcf#\xabVa\
^\xbeA\x1bb\x85\x0d\x0c\xdc2\xbfC\x96\xa6\x00\xd9\
RY6?\xbf\x97\x1b\x9c\xbd5\xad?\x14Z\x16+\
\xc0\x94\x8f\xce/\xe2\xc14\xc6\x8f]~\x09G\x16/\
`'\x0d$\xbb\xa0\x87\x14[O\x15\xf1\xde_\x18\xc2\
C\x0bl\xb5<\xf4\x9bM\xc4\x0d\x9a\xb4\x0ck\xd7_\
m`\x8a\x9c\xb7\xdf\x97\xdb\xaf0=\x8a\xc6\xa2\x81K\
/\xf6\xf1\xdc\x1ft\xe0\xdc\xb41e\xc4\x08\x22\xe5!\
H\xc0q\xd8H\xb1\xf6R\x88KG\x0dTJ-T\
\x86\xeb(NU\xd0]\xde\x02\x0a.,\xba\xedj\x81\
\x8fE%fB\xd3\x0c\x86\xb0Dp\xaa.\xccR\x05\
\xbe\xe1\xe3\xd1G\xebx\xf41\x037~2\xc6\x9b_\
\x0c\xb0\xf2\xfb1:W\xbap\xdb\x9c\x1ctq\xaa\xb1\
\x8d{\x97\x98\x7fR\xc6\x8e?\x8e[\xc33\xb86<\
\x86\xab^\x19k\x86\x8b.{|\xc3\x14c\x15\x1e\x9e\
\xbc\xbc\xc0K\x95m\xb1f\x15JZ_\xee8\x9a\x1f\
\x02\xda\xdfO5\xbf\xac0Lt\xfa)\xbc\xa5e\x98\
'\x16\x90\xd0\xd7A9\xc3)\x1b\x03\xbai\xfb\x1e\x1c\
\x0a\xda\xd8\xeeq\xfd\xe4\xc13t\x07\xe6\xdea\xd2\xb6\
\x8c;\xd5\xa1-\xce\x5c$\xc4Y\xe6uu?\xe8Q\
\x1d{r\xe95\x88\xf7ia\xcd\xc1\xe2\xe3\xad\xc1\x97\
\x94S`\xb3\x81\xab/\xa9\x93\xe9\x89\x13\xc8\xe8P\xc2\
\x9f@\xcf\xb30\x86\xfd\xf2k\x08\x82\x0c\x19{\xd2<\
>y\xf0\xd7\x01\x16-\xfd\x8cv\x16Jm\x0f\xf1\x8d\
;\xb0\x87\x87a\xd5\xab\x08\xa5\x1f\x1b\x10\xa2\xb5n\x5c\
}\xe0\xec\x81T\xcfb\x22\xe6\xa6QO\x0d\xe6\xd9S\
p\xdb\xaf#\xa4o\xbe\x0eQ\x18\x80\x87\xf2Ou#\
S?0 \xf6\xe4\xfc\x80\xbc\xdb:\xf4\xdf\xe4$\x96\
\xbc6\xd5\x1f\xf7\x9c\x02\xec\xcd]\xa4{{0\x17\x8e\
 \x99\x9cP7\x1eo\xe0\xc1\xf1\x9d;\xbb\xe8\x89i\
\xfe\xc8\xf4\xa4\x80\x12W\xb5\xaf\x0c\xa4G\x17`\x0c\x8f\
\xc0\xba~\x036\xd9s\xbc!\x88\xde\x0e\xcaB\x05\xc0\
\xaa\xd3O\x93\xbd\x0ae\xa4Q\x82\xe2\xf5;\x82\xe5\xf5\
\x8f.\x88\x97\x82\x8cI\xef\xbd\x07\xb8v\x1b\xc9\xd6\x8e\
x9\x88\x08\x8a\x1f\xbc\xeb\xa3\xd7\xec\xc0{\xe1Ud\
\xf7\xde\x83tr\x1c\x11q\x8a\xe1\x0a\xb2G\xee\x85u\
\xf9\x86\x80\x84\x83\xc3:?\x08\xf2\xe6)o\xa9\xcaU\
\xf9L3~\xaf\x8c?\x13\xd8\xbc\x9d\xc8\xbe\xb4\x5c\x94\
\x0d\x03\x7fq\xeb&>|\xfd5\xf4v\x96\xd0pl\
1\xa5\xd8\x8a\x0d\xa4\x9f\xaa\xe2\xfb~\xbe\x86#uO\
\x80\xb08\xec \xda3\xe0\xd7t\xb207\x85\x98\x99\
\xf2\xc1\xb1\xec\xefH\x92\x91?YDc%\xc0\x95\x17\
\x13|\xfbO\x03t\x9f\x0dpz\xc8\x84\xd1\xcc\xe0&\
\xcc\xab\xc8\xe4 \xa2\x99f=\xcd\xb0\xfa5\x13\x97\xa7\
3T*M\x9c\xfbP\x09Nm\x1c\xc1\xde\x06P\xea\
\xc0\xf6F\x06U\x8daD`\xe5,\xdc}\x92\xe1\xda\
M\x18\xa5\x02\xac\x82\x0b\xdb\xf2p\xe2h\x01'\xfe\xa6\
\x85\x9d\xcf\xa4\xb8v\xde\xc0\x9dof\xd8\xfdZ\x82\xd6\
\xb5\x04v\x1bp\xbb=Tz\xb7\xf0\xf8\xee-<n\
\xdbH\x0a#h\xf9>\xb6*CX.\x8c\xe2ru\
\x0c\xb7\xea\x93\xd8\x1c\x1eG\xa2\xad\xd8\xd4a\xc9uK\
w\x22\xee\x18E\xf6\x19\xe4|\x1eV\xd4\x91\xb5k;\
(\xae\xac\xa2\xcfVO_\x9a\x82e\xe9*A\xbe\xab\
V\x86\xd1\xd9\xd6\xceUz\xdc\x9de\xc2\x00\x0c\xb9\xf7\
l\xda\xe7q\xf3+V!+\x9f\xd4\xf3V\x0c\xe3\x1f\
\x7f\xf6y\xcb\xb5\xdf\x91\xc6a\x9a&)#\x04e\x17\
\xb9\x95\xaa\x0a\x22|\xf6%$\xa5*\x928\x86\xb9\xb9\
!\xc9%\x83\xd2\x90\xb6Ja\x0f\xc6\x89#H\x17\x16\
\x90\xf58\x9b\xb5`\xb9\x05\x18\xe7\xcf#Y\xdb\x91\x90\
\x83\x01\x90\xa0{\xef|\x98>\x00\xdf\x84\x16\xa9\xdf8\
\xcb\xa4(\x14\xaa#\x1e}\x08\x81L\x04T\xf6\x1cO\
Q\x19\x9d\xe8\x9cXuIq\xd1\xa9M+-\x02\xc7\
%\x8c\xd2\xde\xdfCv\xfe2R!\x92\xe4\xc4\x93\x01\
\x5cq\xb0!E\x94\xc2\xc3OU\x072\xb2\xd4\xa5\x98\
\x14\xbd9-X\x1f\x10B5\xe6f\xd2#\x1b#\xea\
\xc3\x1c\xad\x03'N\x0a\xd0I\x900\xf7\xfd\x1f\xb4\x1b\
\xf2\xe3\xf2\xaaG\x1f\xf8|\x07\xda\xffO^\x0a\xa3\xb5\
I\x82\xbau\x1bX\xddBBKh]\xfd\x0cN\x12\
i'\x0e\xa1\xc5\xda\x12\xda\x0c\xba\xf0f'\x11\x9e>\
}`Z\xc1\xfeqi\x19\xc6\xe2\x0a2\x89\xc76\x0f\
FMq\x02\x87\xb1T\xc7\xe7\x11\x1d;\xaa\xc6\xad\x12\
\xd7m#\xbbz\x03\xc6\xe2\xba\x1a\xa7j\x8e\xc7\xe0\xf7\
\xeb\x7f\x0e*%\xb6#|\x06\xf4edZ\x8e[\xc4\
S{\x9b\xf8\xc1+\xdf\xc2\xd0\xed\x0bhd\x11\x86<\
\xfa\xdb\xd9X=\xeab\xee\xbfq\xf1\xa1\xcfTQ\xa2\
\xd2\xb1\xe4\x8bQJ\xbc\xbb\x0b\xa7\x5c\x83e3\xe8\xe3\
@\x81)I\xbd!\x9d\x9f\x1b(\xcc\xd6\xb1s\xc7\xc2\
\xdb/\x06\xf8\xf6s!V\x7f\xa7\x83YD\x18\x97!\
\x81\x8b+\xe7\x9eB\x16\x058r\xf5\xdb\xf2>9j\
\x5c\xcaL\xec\xcf\xdax\xf4'<<v\xaf\x85\x13\xdf\
=\x8c`e\x07I\x14\xc1&\xc8\xc8hxS\x85\xa6\
*\xac\x81\xc7\x07\xe5\xc21\xd2\x90\xcf9\x80Qr`\
\x95\xca\xb0\xec\xba\x10{\x94\xa7x\x1f\x9b\x9b1\xae\xbe\
\xd5\xc7\xcdo\xf5\xd1x\xa5\x87\xecM\xc0n3\x07!\
R<\x07=o\x97\x09\x08\x9d\xb4*\x13\xd8\x98\x98\xc2\
Zu\x16wk\x13\xb8]\xaa`\xbfZ\xc3~\xb9\x86\
}\xb6\x1c\x12\xdf\x14\x0b\xf6&\xdc\x00]\xe9\xa9\x93^\
\x1d\xc2^\xbf\x8b\xd2\xb9ch\xcd\xcd!\xe6\x1a\xcb\xc1\
zI\x046av\xba0\xae-\x89zW\x1c\xbbX\
\xf2\xa7)jE\x13\x13\xd2\x02X\xe8'\xa9J\xf6N\
\xd3\xb4\xe4x\xa6\xbb\xb2\xf6\xbf\xdbb\x87\xc5\x17\xaa\xcb\
\xe1\x1c\x85\x94\x13B\xc3\xe7J\xc4\xa5o`\xb9\x19\xf3\
qE*e\x15\xe6f`\x84\x0c\xc8d\x9di\xc3\xd8\
XGJ\x04\x9a=\xbcX\x15\xe5\x0b\x98?F\x81s\
B\xdd\xe1\xa8P\x93\x16\x06\x0b\x8c?\x93e\xd2\xce\x1e\
\x8c\xed-A@Yf\x0a\xc1\xe2`\xd7\xca\xad\xa6\xca\
\x9cD\xf4\xcf\x02&J\xb9\xc3?\x0d\x90\x0c\xd5\xe1\x1c\
\x99\x06\x18\xb7\xe4\x16e\xecq\xb8\xa4U\xfci\x8d\x8a\
\x0e*\x1dm\xf3p(\xaf0\x1f\xc9\xa9oU\x8c\x91\
\x84:|\xfd\x0c2\xa7\x80t\xb3\x01s\xffu8\xc7\
\x8f\x22\x1e\x9b\x90\xc0\x0f\xb6%\xb4M?xg\xb9\x1d\
\xb6&b\xf0@\x888\x01`\xce\x1b\xc9*})\xe1\
\xc3\x93'\xe0\xd6k\xf0o\xdcA/4\x91J^\x5c\
\xee\xc0\x94\x1f\xfby\x8f\xae\xfe=\xf5\xcb\x08Ww`\
u\xdf@z\xdf9\xc0weC\x18\x0bs0\xabe\
\xa4\x97o\xaajI2\xee\xd4f\x8f\x8c\x22\x8c\x1bw\
\xe1\xd1d\xe2\xde\xd3r\xa0qL\x8b\xd3\xc7a\x97K\
H\xae\xdc\x14\x03WEE=\xa40\xd3\xc9\xba\x0c\x8e\
e\xdb\xc5\xc4h\xd3+\xe0\xa9\xce\x0e>v\xe9%\x9c\
\xbe\xfam\xb4\xba-ti\xb2\x14\x19\xd8\xe4\xf7\x7f\x8f\
\x87\xf7\xfeL\x19\x0f\xdc\xeb\x02\xa1\x8f\xb4h#\xdci\
 \xe9\xf6\xe1\x94\x87\x06a.b\x96\xca\xe7\xc1\x19w\
o_6\xa8?S\xc7\xeak)\xae\x5ch\xe0\x95\xe7\
\x80\x95?\x080*\xc62|,6\x1a\xc7\x1f\xc6\xbf\
\x9a?\x8b\xe90\xc4\xdf\xd8ZC\xb2\xbb(\x13\xa4i\
\x0f\xe8.'8\xff\x07\x0e*D~\xaa\x9d\x00\x00\xdb\
\xceIDAT\xc5\x18\xf67\xb6q\xf4\x99\x1a\xfa\xcb\
-y6\xa9I@\xcd\x82a\x97e\xfc\x98R\xdbA\
;63\x81\xc90\x8a\xb4\xa8\xe8\xcd\xbd\x1d$n\x07\
V\x89J\xd2*\x8f9\x8c\x0f\xb9\x18\x7f\x9f\x8dw=\
\x93ak\xb7\x80\xc5\xabM\xdc}%\xc4\xf6+@\xeb\
m\x0f\xe9\xaa\x0a\x22\xb1\xd8Rs\xe2\xb1\xb7\x8c\xda\xde\
2\xeax\x0d\xf7\xda%\xc4\xb5\x02\xfa\x85Qt*\xc3\
\xd8\x1e\x9b\xc2\xc5\xd1\x05\xbc54\x86E\xaf x\x8e\
\x1a'\xeb\xcf\x5c%\x91\x22\xb0l\xf8k[pgf\
\x14+\xf7\x10\x9fB\x0e\xccB\x01%\xdfA\x9b\xaaK\
\x91\x15+6\xa8\x16k\xcb\xe4E\xc5\xa3*N\x8e\xd8\
w\x88N\x82\x84G\xb2\x864R\xaeN\x15\x8dP\xea\
\xde\xfc\xa0?\xd1f\x1f\x9a-d\xc7}\xd83S\xe8\
s\xa3KOh\x8ap\xc7ZY\x95\x14\x14\x95\x13p\
\xe8\xf6\x10\x0f8\xc5W\x1d\x90T\x0f\xf5>\x07\x0b\xcd\
@D\xcf\xb5\xad]\xd8\xc3#\xaa\x87\x19\xf8\x8e\xab\x7f\
\xca\xe1\x94\x83{\xf9I)\xfbX\x81xF\x1a \x9a\
\x9d\x81\xb7\xbd\x8d\xa0\xa7\xdc_\x15\xca\xaf\x08\x1a\x8aR\
{\xd0]\xe4\xa0\x0aq\x89A\x18\x83~]\xd2\xdf\xe7\
\xb7\x93\xdc\xa4:\xcf0\xd7_3\xdd7K\x11_\xbd\
\x01wo\x0f\xd1\xc21\xa4\x05_\x94`\xca\xeeJ\xfd\
^]p\xa8*G\x8d\x0d\xd4\xeb\x8d\xe2\x03\xff>\x0a\
CFF\x11\x17K\xf0\xae^\x17\xfb\xaeP\xa7\x12+\
\xd5\xe2\xe1\xf2E\xb5*\x12j\xe2\x15\x904\xfa0_\
{\x13\xc6}g\x85\x7fa\x10\x8c\x1de%u/\x8c\
K7`\x92\xb3OpPn\x98L8\x0f\xe1n\x0b\
\xd6\xcb\xaf\x01g\xee\x01\xc8\x19hw\x11\xcdL\xc2(\
\x17\x807\xaf\xc2\xa0\xf9\x04\x01B!\x91\xe81\x14\x0d\
\x93Y!\xd8>\x9enm\xe3#\x97\x9f\xc7\xc9\xeb\xaf\
 nn\x81V\xd3e\xc7@\xcf7\xb0\xf8\x80\x8b\x93\
?\xe9\xe3=\x1f\xaa\xa0d\x13\x00\xe6\xebL\x10\xae6\
D\x8d\xe7\x10\xf3\x91j\x85\x07M\x864i!\xe9\xb6\
DQ\xe7\x0d\xbbH\x12\x177\xbf\x10\xe2\xc6Z\x0b/\
=\x97`\xeb\x8f\x02\x8c\x1b\x19\x8e0\xa2.50:\
4\x8d_\x9e?\x83\xad(\xc6Nf\xe1\xf3'\x9e\xc2\
\x0f\x9c\xdfC;hJ\xcc\xdb\x9c\x99\xe1\xd6\xf9\x06\xde\
\x18\xaf\xc2\xf5\x03X/t1\xf7T\x1d\xc1\xddM\xdd\
\x0b\xf7(\x8a\x13\x8c&\xc7\xa2\xe8p$\x17\x0as\x19\
\x8a51\x0e\xa1\xedw\xd2\xd8C\x9a\xecHk\xc0\x98\
x\xa4%XF\x01cC%\x8c\xbd\xb3\x8cG\x9f\x0e\
\xd1\x0f\x02l\xacgX\xb9ia\xfdj\x0f\xfb\xe7C\
\xb4o\x17\x91m\xec!%m\xa2\x99\xc2\x89;B\xdf\
u\xb1\x85ad\x18\xbb\x0c\x9c\xb1m|z\xe4\x04^\
|\xec}\xf873'\x11i\xe9\xf7\xa0m\xe5\xdf\x96\
\x8dN\xa3\x03ww\x1f\x06\x83Y9\xd2\xcd\xd7=\xd7\
\x0du;E\x1f\xd6~K\xc2Ds+3\x87\xad\xa6\
\xce\xcc`eH2\x10\xa7f\x91I\x1dE\x9c\xd9a\
\x10\xf6I\xf7\x94j\x97%\xb0\xb6\x15\x22\x07\x80\xa8)\
K\x095r\x93\xa4\xb9\x83\x9bG\xaau\x03\xc6\xe8\x08\
L\xf2\x9a\xb918k\xeev\x91\xec\xb5T\xd9\x99\x0f\
\xe0eO\x1eXY\x1f\xf4\xc5\x074\xbd\x1cg\x1a\xfc\
\x11\xdb\x8b\x06\xad\x97y*k\x0a.7\x8ed\x0c\xea\
\xd7 rJ5\x15\xa0\x0d9'\x0f\xda\x1aO6$\
S\x8c\xd9_[\x17\xaf\x8a\xad\xb9\xfc\xc6\xdc\xd0T\xcc\
(\x94A\x82DLIT\xb4\xe66\xe4\xbd\xaffi\
\xe5\xb4\xdb\x9ca\xa5f\xfd\xda\x88C~\xa6\xc6\x0e\xdc\
\x22\x82\xad\x06\xcc\xc6\x9b0\x17\x8e\x09\x11\x87\x87\x80\xc8\
Q\x85\xc9\xa5\x0f\xf5\x01\xa6\xc7\x8a\x855\x18\xc75\xa4\
\x95\xf1\xf5\x93H\xd4\x93\xf1ix\xefY\xd8\xcb+0\
\xef\xaeIo\xad|\xfd4\xdd\xeb\xf0y\x98k4\xc8\
\xa0\xecG\xb0^;\x0f\xe7\xde3B\x15\xcd\xba=\xa5\
Z|\xf0,\xcc\xab\xb7\x91\xaem\xc9\x18v\x80\xf8\x93\
\xa9\x18D0\xde|\x1b\xd6\xe9\x13Hf\xa6\x05\xcb\xc9\
J%\x98\x0f\x9f\x83\xf1\xd6U\x98\x8d6\x22\xbf\xa0\xb4\
\x16\xb6\xcb\xb8\x08<\xd6\xde\xc3\xc7\xaf\x7f\x03\xc7\xae\xbf\
\x8c\xa0\xb9\x876b\x94l\x0bnlb\xb5l`\xe4\
\x873|\xef_\xab\xe0\xc8XI\x92\x81\xa9\x9e\x8b\xdb\
muH\x91\xe5\xc7\xa0<\xc9W\xe0\xa6\x8b\x11w\x9a\
H\xfb]\xc9R\xb0'\x81\xddk1n=\xbf\x87\xdb\
;\x06^\xfa\x82\x81\xdek\x06&\x1d\x0b\xf3I\x22\x8a\
\xce\xd1\xf2\x18~\xfb\xccSx\xd5\xf5\xf4\x01\x9d\xe1K\
CuL\x9d}\x0a\xef\xbe\xf4,ZA\x84!\x13X\
0S\xac}\xa9\x81W\x1dj!\xbb\xe250\xfb\x90\
\x8bp\x83\xc4\x1a\x17I\xd8TD'\xd1\x91p\xc4\xcc\
\xe9QW\xb9\x19\x0b\xa2N\xe2\x8e\x87\xd4j\xc8\xdaK\
\x83\x1e\xe26u(;0\x1c_,\xea\x0d\xaf\x22\xd1\
s\xbeQ\xc1\x919\x13G\x8e\xc6\xc0{M$Q\x01\
{\xed\x0c\xbb\x9b6v\x97\x03\xec.\x16\xb1s'C\
\xb2\x92\xa0\xb3\x9c\xa0\xb3d\xc3X\x0f\xa9\xcdG\xb4q\
\x15\x1f\xf9\xb3uT\xde\xfb\x03\xf8\xa7s\xe7\x10\x13\x80\
\x97\xd7\x94\xb7\xcb\xbc\x1b\x0c$\x9b[\xb0\x86\x19u\xaf\
\x83N\x06\x95l\x8aX@\xcd\xfd\x81\x87\x01e\xc7\x89\
\xaf\x12\x94\xd8\xff\xf7\xa4\x8d\xd6\xe4P\xae\xe5v\xcf\xe6\
\x14\xe0\x0d\xc3\xc0{\x15-4\x8f\xf1\xa6\xbe9\x96E\
\xdb\xc9O\x131x<\xd4\xc7\xb2\x9d\xf4=$\x95\x8a\
\x0a\x9b\x90\x9b\xddF\xb6\xb7)\x9en\xc2L;\xd4\xbf\
\xca\xe6\xe7\xad\x11(\xc7\x17\xbd\xdd\x06\x08\xfcwV\x1a\
\x1a\xb9N\x128I\x22\x84\x8a\xfc4\xcc\xc7l\xf9\xc4\
d\xc0\xc8\x92\x91\x89J\xcf\xcd\x9f\x0b7_\x5c-\xc3\
\x1e\xa9!]\xa7t\x92 \x8c\xc2\x09\xd4kR\x8e2\
B\x19\x18\xa8)\xf5\x84@\x1fz\x8aQ\x98[Q)\
\xa2\xd0\x80[\x98\xbf^~Pi\x22\xaf\x97\x9b\x8d\xba\
p\xf3\xca5\x98\x93\xbbp\x8e\x1cE\xc0>\x9f\x1a\xd8\
\xbc\xbd:\x9c\xa04pQ\xd2\x8d\x02\xcbj\xa2\xda\xc2\
\xcb\xc8\x90\xcc\xcd)\x0b\xb2k7\x11\x0b\xb1\x88LA\
m\xb6y\xd8\xb3 W\xc8\x91b\xca\x03\xf1\xadK\xb0\
\xbaGD\xa2\x9c\x91]\xc9\x11\xdd\xb9\x13*M\xe6\xce\
\xb2\x1a\xe5r\xf3\x89~\x81L9\x0b\xc6\xa5\xeb(t\
\xba\x88N\x9d\x902\x99\x01\x14\x09\xab\x87\x9bwQ\xdd\
\xdc\xc3\xb1\xa0\x8fG\xee\x5c\xc2\xe9\xe5K\x18_\xbf\x0e\
\xf4\x9ahQ\xd9\xc8\xc3)\xb1\xb0>\xe4\xc2\xffp\x09\
\xef\xfc!\x0b\x0f=@,\xa7\x82$s\x90Z=D\
\xeb\xdb\x12d\xe9\x94K\xa2\x96\xe4\x84'\xc9\xa8\xa1\x8f\
E\x12\xec\x14\xca(\xceN\xc9D\xe0\xee\x9fn\xe3\xe6\
\x8d2\xae\xde\xcep\xe3\x0bm\x98+*\x92l\x9a\x89\
O\xa9\x83\xb1\xda$\xfe\xfd\xb9'\xf1G\xe5\x11\xb9\xb4\
8R#\x10\x1d'1\xfe\xd3\xf4I\xcc\x86=\x9c\xbc\
\xf4MymC1'Z)V\xff\xb8\x83\x17\xa32\
\x92\x98\x22\xa3\x02\xa6\x1f\xaaK\x9a49\x01B\x931\
K\xcat\x84\x07{B\x04\x9f[Dqaxb\x8b\
;\x90\x88\x8b<\x98>oh\xca\x97\x03\xc4\xb4\x8e7\
\xbbH\xc4\x87\x90\x063\xccA0a\xb9\x1e,\xb3\x88\
\xd1J\x86\xd1\xa1!\xe0\x8c\xb6\x15c\x18Kl\xa3\xd9\
\xb4\xb0\xb3\x11a\xe5j\x82\xb7~\xa9\x83\xe2\xf9.\xee\
\xf6[x\xe6\xa5?\xc3k\xb5\x19\xfc\x19\xcdl\x06k\
Q-h\xe2\x09\xd9\xf6>,:T\xf1B\xd1\x5c\x02\
Y\x8bt\x10&\x1dX\x83\xb79I\x8f\xaf\x99\x83g\
:\x1dQ\x89\xc8\x04\xe88M\x0d'\x0a3/\xe8\xac\
\x08^\x9f{\xb6\xe5\xc9\x22\xfc}\xfc\xe1\x82\xc5j\xcb\
\xa9<\x1ck\xb0V\xc9.\xf2\x15IG\xa8\xa7:\x0a\
<ku\xa4\xfc\xcf\x89\x0e\xca\xbe8\x81Y\xaf\xc8\x08\
)\xb9\xb3$\x0c8e z\x98\x92{\x18k\xd2\xbf\
\x89\xa5\xb5\xcc\x95u\x1aO^!\x88\x07\x9c\xfa}\x8a\
\xf6{\x88\x22<p#R\xff\x8d\xbdx<3\x05s\
c\x17I\xa2M\x22\xe4\xe6>\xd8@\xf2v\x0e\xd4L\
\x87^\xc8A\xb53\x80\x03rfa>\xeb\xcf\xb9\xea\
\xf2\xb3\x92\x83Q\x9d[\x80\xc5\xdf\xd9j\xc1<zL\
\x98g\xd2\xe7\xe7\xfc\x09=\xd1\x90\xd1f~`\xa9S\
X\xb5Y\xa4S\x0bU\x97\xa1\x14%\x18\x0f\x9e\x83{\
\xe3\x16\xd2\xcd]$\x1c=\xe6\x1ep\xf9_\xf9\x01\xaa\
\xdb\x84\xc8\xf2\xe0\x5c\xbb\x03?\x08\xd0;yRYm\
\xb1\x1a\x98\x9f\x14\xa7c\x93=>A\x15q\xdb\xd5\x99\
\x03\x8e\x8f\x1e9\x01l]\xee\xbf_4\x00\x0b\xcd&\
\x1eq\x81'\xae>\x87\xf1KoH\xc8\x097\x11\x1f\
\x89K\x8av\x9a`\xa5\x1a\xa1\xf2\xb1\x0a\x9e\xfa\xfe2\
\x1ex\x8c\x9ay\xea\xf4+H\x9c\x14AcCz}\
V\x93D\xdb\xe9kH\xc9\xaer\x05\xa7\x86\xdeDy\
\xbe\x8e\xa8\x17`\xed\xe5&V.\xf5p{\xc5\xc7\xdb\
/\xf7\xd0|!\x86\x97d\x181\x0d\xd0y\x90\x08v\
}x\x14\xff\xe6\xdcS\xf8\x13\x7fXFx\xc4 \xe4\
0+\x95\x85\xa3\xd0\x8cB\xfc\xc6\xdc9\xfc\xf7\xad]\
\xd4\x96.\xa2!Y\x86\x19\xc6-\x1b\xab_\xe9\xe1\x05\
\xc6\xd0\x1b\x09\xa2\xce:\xe6\x1e\xf3a6,\xc41\xcb\
\xe1\x86\xa4,\x89\x07\x80\xa4,\x11$T\xc6\x9a\xb9\xf5\
\xb7\x0ak\xa1;\x115\x16,\x86\x1c\xa4vI\x00D\
11Mzr\xc8\xa5]\x16sm\xc0\xdcW\xcb\xcc\
\xf3`\xf9\x05X.i\xc9\x0e\x1c\xc3\xc5H5\xc2H\
\xc9\xc1\xa9\x07\x1dX\xd9\x0e\xce\xff$\x03PS4;\
\xab\xb8\x7f\xe7.\xfe\xact\x9frY>\xe4\xf4\x13\x93\
o\xd3\xeb\xc1\xdeo\xa076\x22\xe4\xa2<\xadJ\x84\
a\x94U\x9bD\xfdUL\x13't\x0e\x0d@%\xbf\
\x82vo\x19[}\xfa\x1d\x19V\x10F\x89\xef_\xb6\
)\xdeN+%\x85|\xeb6 \xe7\xb4\xc7D\x12y\
\x0b\xe9\xc8\x22\xe5\xda\x9a\xcbH\x22\xd8\xbe/\x9a(\xb9\
!\xb5K\xad*\x8f\x0e\x95\xa8\xba<!u\x97\x0c8\
\xfb\x0e\xfby\xe5\x057\xe8\xab\x07-\xf7\x81\xbb\xab\xc8\
qk\x15\xc4\x8e\x0b\x83 `\xce\x8e\x92IB\x0e\xab\
\xe5\xd4i\xad\xdb\xcfo\xe9\xfc&\xd7\x95\x0c\x837m\
\x22\xf5\xdb\xfb\x22\xccQ3T\xfdu\x87d\xcc\x03\xac\
rp\x18\x1c\x1c\x02\xf2G\x12\x15v0\x15\x18\xa0\xe4\
y)2 v\xe8\x0fLn\xfe\x0c\xc6\xa5\xcb\xc2\x22\
\xe4m.~\x03,%\x0fq\xed\x0e\xce=\xfd\xfb\xf2\
_\xcbJJ\xb7$\x89c!\xb9\xe7\x14\xac\xea*\x9c\
\xdb\x8b\x02\xef\xd0\xae\xed`4xH?\xa0\xbf?r\
}$w\xd6\xe0\xb4;H\xce\x9cQ\x14b\x9ar\x0c\
W\x81\xfbN!\xbb|S\x1d\xde\xe4l(\xd1<\xaa\
\xc5\x0a&7\x9b\xb8\xffk_\xc5\xc9\xd6\x0e\x8e^x\
\x09\xee\xdaU1La\x00P!\x16\x1f!4\x90\xa2\
{\xca\xc2\xf0{+x\xe6c\x11\xee\x7f\x88jD>\
o\x0fQf!\x09v\x84{\xcf\xf2\xde\x92\xe0\x0f\xde\
\xa61\xa2\x90~\x0b\x16\xecR\x15N\xd5\x14\xa7\x9c\xd5\
\x97ZX\xbb\x18be\xbb\x87\x1b\xd7L\xac\x7f5\x03\
\x9a1\x18><d2\x96\xce\x84\xcd\xbf\xc7\xe7\xf0\xcf\
\xce\xbc\x03/8e\x98d\x80r\xe4\xc5\x0b\x8a\xa4/\
>\xebJ\x15f\xb3\x81\xc58\xc2//<\x8e\x9fI\
,\xd8\x9b\x97\x10\xc6)\x86h\x1df\x02\x8b_\x8c\xf1\
\xe5\x9e\x8d\xf7|\x8f\x87\xa8cb\xee\x91\x22\xbcrQ\
q\x11\x12\xa5\xe7\x17\xc2\x90\xac\x0b\xe6(\xa8\x0bH@\
[\xc9\x22\xf4\xf5\xa3&ST\xe1\xd8\xc2\xf3\x90\xec\x01\
:4\x91\x91\xd4U\x9c.\xc6\xbc\xc5\x90\xf7\x18f\xea\
0`\xab\xec\xd8%\xd8%\x13\xde\xd4\x1c\xda7\x9ah\
m\xfa\xe8Z}\xd1\x1f\xc44W\xe5\x84\x86\x93\x01Y\
\x13\xf9\x1a\xd3z\xff\xd4@q\xaf\x01\x8c\x8f\xa0\x9b\x1b\
o\x09\x86E\x97*:19j\x5co0\xf8DM\
\x08X\x112\xdb\x93b7z\x03\xc8\xeeM3Tz\
\x81a'&^7c\x11\x04[\xa6*\x01\xe8\x1a4\
\xd8\x10\xd2\xf7\x89\xed\x9a\x1a\xb5\xc9f\xd3\x15\x80o{\
\xe8\x88\xf5\x1f]V\xb8\xa9Y\xde\x93\xdc\xc0\x0fFy\
\x02\xea\xe6]\xa5\xb6TJp\x8bl\x032\x15,\x9a\
\x83m\x87\xb4\x04\xb2\x959^\xe2b\x9a\x18\x1fX#\
\x0d&R\xfa\xf6\xcc_G\xde\x02K\x072\xc0\x12u\
\x19\x94\xfb\xc1\x13Xc4\xf8nC\x97\xe0\x9a\xc3\x90\
s\xfa\xa5d:\xa8B\xd4\x89\x9a\xbf\xa6C\xedI^\
a\xe4\x87\xa5\x06\x0d\x15\x10\xa3\x0f\xceC\xe0\x9c\xf2\x90\
3\x90\xd9\x05\xc4\x8b\xabp[\x1d\xe0\xf81\x84d\xef\
\x11\xdb\xd0\x87\xd7Ak\x95\x97\x02\x87N7\x91y'\
\xc8(\xdf\xe2\xa2\x1f\x9b\x80Q,\xc0\xb9~\x0b\x16\xf1\
\x16\xf2\xca\x0f\xca\x13U5\xe4S\x0d\x96\xc7\xae\x8fh\
\xbb\x0d\xfb\xd57`\xdc\x7fF\x22\xa9\xd8\xe3'\xc3\xc3\
(<=\x84\xd97\xdf\xc6\xd8\xda6fzM\x1c\xdd\
_\xc6Bc\x15\xe5\xadeD\xbb\xac\x98\xfa\xda\xa8D\
\xa2:\x10D6v\xeb\x0e\x8a\xef\x0e\xb0\xf0>\x1b\xa7\
\x9f(`a\xce\x85i\xd6\x94\xe2\x0e\x1e\xe2\xd0B\xd4\
\xdc\x94~\x9b\xa1#\x02\xb0%\x16\x12\xca\x99}\x13\xfe\
\x18s\x0cM\xf47z\xd8y\x1d\xd8X6\xb0\xbcm\
\xe0\xd6\x15\x03K\xcf[H\xd7b\x94\x90\xa2BUr\
\xaa@\xab\xaa\x91\xa09\x7f\x06\xff\xe7\x91Gp\xcd\xf1\
\x84z+\xac:\x02\xbblA\xc9[\x90{\xc3\x95\xea\
\x92\x1b\xe0\x9a\xed\xe0WN<\x8c\xbf\x15w\xe0l\xdc\
@\xd7\xa0\xe9)p\xdc2\xb0\xf4u\x03_\xd95\xd1\
\xf9\x94\x8fN\xb3\x87\xf9\x87l\x0c-\x0c!\xda\xeb\x8a\
\x0fA\xc6\xe19S\xa8\x04C\x17'==\x7f\xe7\x05\
\xa0$?\x82\x01\x89!*\x85_bT'IO4\
,\x15\xee\x1c;\xf4|I\xf9\x06\xa2\x9e!\x0eD\x16\
\x93\xa9\x04.\xb3\xb0\xff\xe6*n^I\xf1\xf6WM\
8]\xa5\x1fHb\x07->m\xae{)\xccY\x81\
\x1f\xb4\xc6$\xbe\xf5\xa9\x09\x89\xd4\xcfW\xecV=1\
\xa4\x8e\x868\x11\x99\xa0)\xab\xb3\x14F\xd1\x93\xbe\x9f\
\x132\x09\x0c\xd5\xd54\xf3\x06\xfaKwa#\x0e\xdb\
j\xedi\xf7\x98\xc1\x02Wy\x80^\xb9\x80\xeenG\
QNs\x04Z\xd7\xe2\x81\x9cv\x83\x81\x99\x8c<x\
\x822\xf7\x5c\x97\x0cZF\xac\x17(\xed\xb8G\x87a\
,\xae\x22\xa3\xfb\x8c\xdaE\x07\xa4\x19\x8e\xaa\x92\x18\x16\
SSO\x9f\x92\xf6\x82\xe2\x22y\xef\x1a\x90\x13\x22\x83\
\xa0\xa2\xaa7\xe7C\x1b8\xa2\x1e\x0e\x7f\xd0\xfaf\xf9\
\xdf\xa4|\x16|X\xe5\x12\xb2\x1e]\x8c\x95\xbf\xc1\xe0\
\xb2\xcc\xc1\xbeC\xc2\x8c\x03\xc9\xa0\x9e\xbd\x0fn\xf9\x83\
\x16e@*\xcc\x7f\xa7|\x8d\xf2\xba;\xf0\x0b\xc8\xdd\
^\x0aH\x1b\x1d\xd8\x17\xde\x86\x7f\xec\x08\x12N7\x82\
\xbe\xb0\xea\xf2Vbp\xea\xe6?\xe3pi\xafYa\
\x14\x01\xa5\x85\x12\xc2\xfb\xee\x85yg\x11\xfe\xe6.\x82\
R\x19q\xee\x0e\x9c\xd3\x88s\xb4\x91\xcf\xcbs\x11\xd3\
\x1f\xfe\x8d\xb7\xe4\xe6_\x98\x18\xc7{/\xbd\x86s\xaf\
?\x87\xfa\x8dK\xc8vwa\x06m\x18\x9c\xbd[J\
5f&\x04'm\xc4E\xa0=\x06\x14\x1e\xb01\xf9\
D\x8aSO\xdaX8^\x82_\xe0\xc6&\xb9\xa4\x8d\
(\x22;\x8dS\x88\xa6\xd0v%\xda\x8b^zB\xe5\
5a\x95,\x11p%;&\x1aW\xfb\xd8_\xeaa\
\xb7i\xe2\xce\xae\x8f\xdbo\xc7\xd8y\xa5\x83l[\x19\
\xc1\x90V<\xcc\xdbV3\xd7F\x0au\xbcy\xfc!\
\xfc\xeb\xa9\x13\xd8g\xae\x1f\x1d\xa4\xc8Y\xe0\x01[\xad\
\xcbsU\xb4i-\x19\xaeT\xf5e\xd1\xc5[\x96\x85\
\x7f~\xe6=\xf8\x1b^\x15\xfe\xcaytht\x0b\x13\
\xc7\xac6V/d\xf8\xfav\x80\xbd\xcf\x94\xd0\x8d\x0d\
\xccmE\x98z\xc4@\xb12\x84\xfev\x0fQ\xb7\x01\
\xbb\xd0\x87eW\xc4\xffO\xf2\x17\xf44G\xa6\x16\x09\
\xa9G\xdc\x84\x9e6(\xd1\xf1diOE\xbeI\xde\
\x08+\x00\xf2;\x0c8\xbe\x8f\xe2H\x15\xa6\x17\xa1\xbf\
\x19c\xf3y\x1b\xd7\x17\x13\xbc\xfe\xba\x89\xc6\xd7\x9a\x98\
b\xc5F\xd1\x9b\xeb\xe2\xa6\x90\xd7\xb4\xf4<\x9f\x1d\xeb\
}G\x9eM\xdc\xee!&\xfd\xd7\xe3DG\xf9\x12\x0c\
\xc0a\x1e\x8a\x14\x8a\xd9\x0e|N\x99\x08&s$H\
\xaa6\xdb\x81,\xcb\x0a\x8ec\xd8A\xb2\xda\x5c\xdb\xb8\
f\xdb\xdb;-sx\xac\x9b\x1aF\x95$\x1b\x95\xac\
\xa4\x17%\x81\x06.:\x02!\xaer~\x1d@w<\
m\x08l\xa5\x87\xe7\xe9\xfc`\xf4\x8b\xc9\xad\x8c\xf4F\
p\xd8/\xf2\x03\x9a\x9a\x86\xb1\xbd\x87\xac\xd3\x05X\x92\
j\xd0\x91\x05\x01\xd3r\xc3\xa9i\xc4'N(\x15\x1d\
\x01\x22\x9aa\xf24\xe4\x9b\x92\xa4SV\xbf\xc4\x06\xf2\
\xef\xa5\xdbl\x1e\x80\xa9UU\x87\xe0E%\xb8P\x9b\
'\xa3\x83\xca\xddM\x15\xe6 L)\xdd\xcb\xeb\xcd\xad\
G\xdc\x03\x06V^\xd6\x0f\x84I\x87\xe5\xc4\x83\xdeE\
\xb7\x0f\x03r\x93\xe6RH\xf3x\x08\xdb\xa0\xce\xdbr\
\x04\x87\xf0/]\x835=\x81\xe4\xe8\x11E\xfb\x15\xde\
|>\xd1P\xe6)\x03\x17#mCF\x0btz\x17\
\xf2\x06P\x10\x86\x89\xe4\xf4i\xc4\xc3\x9bpo\xdc\x96\
\xdb\x88 \xd0\xc1)\xa8\xcf_\x09\x0e\xa5\xae\xc2\x96\xdb\
\xf4\xc4\xa5E\xfc\xed/\xfc!\xbcW\xfe\x14\xbbi\x80\
\x86\xbe\xddU\xf4\xa4rf\x0e\xcb\x9c\x9e\x00\xf5GS\
,<\xecc\xe1\xde\x0833\x19\xca\x1c\x0dr\xfe\x1f\
[\x08:\xb1D\x95\xc5\xf4\xd6\xeb5\x85Q'\x10\xac\
M\xbfI\x17v\xd1\x14S\xd1\xb8[A\xebz\x86\xf6\
\x9d\x10\xcd\x86\x81\xb5f\x86E\xde\xfa\x17\x1d4n\xf6\
`\xef*\x8a0MA(\xa4\x91E+J;\xa07\
~\x0c\xff\xe6\x9e'\xf1l\xa9.\xb7\x9a0Ne\xed\
\xd9\xc8h\xeeJ\xa7\xe7|\xf3\xe7\xad\x17s\xf7(A\
g\xa9\x1b\x06\xb8\xe0\x02\xff\xc7=\x8f\xe3\xbf-\xd8\x18\
\xba\xf6*v\xf9\xfcM\x03\xf3f\x86\x8d\xd5\x18o\xfc\
r\x07;\x1f)\xe0\x91'\x03t7\x1cL>\xec\xa1\
z\xc4F\xbc_F\xd4 \xe8\xda\x16\xb2\x96\x91\xb1\x9a\
\xe1%x\xa0\x97P!\xac\x04my\xd0\xe9\x910C\
Mt,;c\xec\xecj\x11V9A\xd2\x8f\xd0]\
\x0c\xb0{5\x92Q\xe1\xad\x8d\x04\xd7_\xb4\xd0z\xb9\
\x87\xbaT\x184\xbc5\xd18v\x12\xb7K\x05I\xa9\
N\x8b\xfcd4\xab4\x1fW\xcb4=\x83\xc3\xfdS\
\x90\xef\x94\xf5\xcd\x16^\xa8\x0c\x8e\x0b+mKeI\
\x05\xadk\xd9\xe2\x0c\xad\xdc\xa5\x0c\x84\x9cH\xd9\x06\x8a\
Y\x16\x8c\xddx\xb3m\xbb\xcbk7\x82\x93'\xb73\
F\xa1\x1aq\x16\x0b\xf9]W\xbe\xa4\xa3\xb2\xa4Jv\
\x95o\x9f\xb8\x95\xb2|W+\x8c\x8b\x99}\x86rI\
U\x1c\x01\x87c\xa5\x06A\xa2\x9c8\xa2\xf2\xea\x1d\xba\
\xa6\xd2x\xc2u\x90\x9c=\x0dck\x1bF\x97F\x07\
\x06\xccB\x01Y\xad*\x88\xfdD\xa9\x88g\xee\xbc\x8d\
\xe3\x8b7$\xc4\xa2\xe1\x95\xb1<3\x8f\x9b\xa33\xb8\
\xeb\x16\xd0\xa2\xa5w\x14\xa1\xb8\xbd#\x06\x091%\xba\
\x85\xa2\x94\xf3\x1c]\x92\xb18h\xe1\xf3\xcd-\xa3\xc3\
\x18i\xa9$\x94U!\x05}\x87z\xef\x80\xa2\x97c\
\x92y\xa0\xa4\x0ep\x1b\x04_\xe7=\x97|\xab\x16\x95\
(_z\xf53\xd4\x90\xf1\xcf)\xb6\xc4\xf6\x8a?A\
\x8dA\x03\x02\x84k\x9bp\x08\x86-,\x08}3\xeb\
\x87J\xc4\xc1\xc3\x8e\xbe\xed\xe2\x1e\xabnsv\xe8=\
\x9e\x83\xa52&L\x0b\x13\xbd\x0ej\xfd>\x9c,A\
\xa7Z\xc1\xce#\x0f`\xfb\xfa-\xb4w\x1bR\x02\xf3\
 \x1e\xc8J\xd9\x06\xe5\xe2\x11\xdf\xc7{v\x96\xe1\xbe\
\xf4el\x191\xea\xc24\xf4\x11Tb4\xe62\x18\
\x93\x06j\xe7,\x9c}\xb2\x80cgc\x8c\x8f\xf4\xe1\
\xb2\x8a\xe89\x08b\x13\xbdN\x844\xa5\xc0\xab\x8d,\
\xe4\x8d\xa7<\xfa\xfd\xda\x88\xc4\xef\x89\x15x\xe6 j\
\xc7\xe8\x5c\x0d\xd0_\x89\xd1\xde\xdc\xc7N?\xc3\x9dm\
\x03w/{\xd8\x7f\xbb\x8dt\x8b\x17M \x9e\x90,\
$\x86SJ\x88\x0d\x84\x19\x0da3x\xa5q\xbc4\
{\x06\xbf9s\x0f6\xa8&%\xddX\x87\xb3\x88\x1b\
0o~]\xf6sm\x1dP#\xf4\xc1MP\x90\x95\
@\xab\x093Lq;\x05\xfe\xe1\xf1\xc7\xf0\xe3\xc5!\
\xdc\x7f\xf3El6\x9bb\x822\xc9\x90\xd8^\x84\xb5\
\xdf\x8b\xf1\x95+\x16\x1e\xf8d\x01\xa7\xba\x1d\xcc\xdcj\
a\xec\xe11\xd1\x1e\x84\xbb;H\xba\x9c\xa20\xfb\xa1\
\xaa\x22\xddS\x95E\xa0d\xe5\xea\xa0\xe7?\xd3\x887\
?}\x08}\xd8\xb6\x0f\xbb\x5cEw#D\xe3\xb5\x06\
ZK)6\xda\x11\xee\xec\x18\xb8\xfb\x96\x89\xc6\xab]\
\x98\xadPLb\x1dZ\x9f\xf13\x1f\x9a\xc2\xaf\x9dy\
\x076\xcf\x9dEie\x03\x9d0F\xfa\xe7\x0fu\x93\
\x16r\x80\xcd\xd8sB\xa3\xe2\x7fq@6c\xd5,\
\xaf\x88\x93 \xaafi\x1a\xcay\xa0T\xcfJ\x17\xd0\
3-\x84\xfd\xfe\xfa\xe4k\xd7\xbavw\xf9z\x0b\xe9\
\xbbVa\x9a\xc7\x06\xfdt~ss\xe3\xb0\x0c\xe7\x9b\
\x93^\x96~\xe9y\x12\x8a\x05\x87eH\x10\x89\xa5R\
\x0ec3\xec@M\x04rV\xa1\xf0!\xd1\xed\x06\x12\
a$\xe3A\x96\xf8\x0bs\x83\x0fL\xcd\xc7M\x9c4\
S\xfc\xf8\xe7\x7f\x0b#\xaf=\x8bn\x12j\xec\x15x\
\xd8r\x11M\x8fac\xe2\x1e,\xcf,\xe0\xea\xc4Q\
42\x1b\xebA\x84\xeeN\x0b\x91\xeb\xc8A\x10Sf\
K0HI\xc34\xd2\xaf\x16\x89\x88\x1b\x0a\x0e\xa2\xfa\
\x90\x04}\x0a\xfa=(\x97\xf5\xd7\x1d&'\xe5#\xcc\
A\x09\xae\x09\x17\x1a\xa4To2Wd\xe8J G\
\x00\xf3\xd9\xacBg\xe4\xcf\x06d\xc7\x9c\xbe\xc9\xde\xbc\
\x1f\xc3\xb9qG\xe4\xd3\x14B\xa91\x9e\xfa\xef\x04m\
\x84pd)\x07\x9a\x89,\xc3\xbbo^\xc2S\xe7_\
D}}\x19\x0eo]W\xd9d\xb5\x8f\x1d\xc7\xdbO\
|\x18_\x9c\x1a\xc3-\x06\x10H\x17\xa1\xd4g\xea\x08\
R\xef\xcb1,L\xee\xaf\xa0g\xf61\xc4\x1b*K\
\xd1<\x9e\xe0\xd4\xcf\x16q\xe6a\x0f\xe5\x92\x8d\xa1r\
\x0ff\xd2G\x96\x94\x10\xf6|\xf4\x0d\xe5\xf6\xcb\x89\x00\
\xff\x9c\x95\x9a?\xcc\xd2\xd2DJ\xb6\x5c\x10#\xdco\
#\xb8c\x22\xda5\xc4\xc82l:\xd8m\xb9X\xde\
5q\xf3v\x8c\xcd+1\xc2\xeb1\xec,\x942\x9f\
?\x8f6Yc\xfcH\xe8_\x227T\x86Q\xcf\xc7\
\xad\xa93\xf8\xad\xa9\xd3x\x95\xcfC\xdc\xa0\xb9\xdfx\
\xfb\xb2\x8c$\xd0W\x9329\xbf\x90\x06#\xdb\xbc\xed\
S4K%#\xafT\x90\xb5Y\x09\x84\xd8I\x13\xfc\
\xe2\xd4I|\xaf_\xc2'.\xbf\x84\xfe\xfe\x1a\xbaH\
Q\xe5!@\x15\xe1\xc5\x18/\xac\xeec\xf1}%<\
\xf0\xa0\x87#;\x1dL\x9c\x880|\x1cp\xaa\x1e\xc2\
\xa6\x8b\xa4\xd7F\x12\x18\xf2,$(d\xf01\xd3\xb0\
$A\xca\xc4#\x8bcN\x0f\x99\x97\xe1\xce\x0b-,\
^w\xb0\xbafck-\xc1\xd6% \xb8\xd1\x85\xd1\
\x8b\xa4\xe2*\x98&\xbc4E\x9d\x17\xd9\xf4)\xfc\xca\
\xb9g\xf0\xa6\xe3\xc3q,\x14\xee?\x0b\xef\xa5\xf3\xe8\
S\xba\x9csS\xf4Z\x95\xf6\x87I\xce\xac\xcc\xb5\x84\
[\x19\xf6\xe4v\xf6z\xedp\xeb\xf1@`\xa5&\x12\
e\xd5\xd0r\x9a\x804]~\x1dk]\x1b\x17\xbe\xd2\
1>\xfdW\x97\xb2\x02\x09\x19\xa96\x13\xd5\xa8?\xbf\
\x89\x86\x83yl\x96\xa3\x15~\xfa\x81K.`\xab\x05\
\x83&\x13\x1c[\x11\x08\xe4\x88Jl\xa1\xf2\xb2Y\xb5\
\x036\xe9\xb1\x8d\x06\xac\x91\x11\xc1\x0ed\x1f\xe8\x0a\x82\
\xd6\xdf\xd3\xa6\x8b\x9f\xfc\xf2gQx\xe5\xab\xd8\x87\x03\
\xdfv\x10\xc6\x14\xb2\xa8S5YY\xc1\xe8\xdd\x15L\
\xbf\x0a<^\xae \xae\x8e\xa0W\x1eF\xcb\xab\xa1\xe1\
\xfa\xe2\x91\xbeS(bk~\x0e\xadq\x9a/H\x02\
\xaa\xf0\xedE\xb6\xcd\xea$\xa5Qd\x04\xb3\xbf'\x8a\
?\x1e0^\xc6\x85\xa9\xda\x04\x9e\xc2*zO\xf1\x16\
l\xc6\x8b\xd1\xfd\x9b,*\xde\xf4V\x06?N\xe0&\
\x11b\x83\xc6%\xa6\xe0$\xccU o\xcb\x0a\xd9\x8f\
Q\x1c\xa3\x00Sy\xd0\xd4\xa0\x8b;\x1c\xcd\x19be\
\xba\xcav \xc9$\xd9\xcbb\x0fw\xe3u\xa4\xb3\xf3\
R\xe2\x8b\xd2\x8b\x0e.Q\x0a\x9fV\x1b\xd4\x1e\xf4:\
\x98\xdd\xdb@\xe9\xe6e\xec2QI\x0b\xb7\xac\x8er\
\x15\x8e\xcf\xef\xe0\xfe\xb7\xdf\xc0\xf1\x07\x9e\xc2\x0bC'\
\xf1\xf9\xd1#\xe8\xf3\x00\x95\xb6\xc3V\xc2\x10\xd3\x10W\
\xdbJcOY\xac3\x1b\x8e7\xeeS\x16\xde\xfd.\
\x07\xc5\x12\xd1tK\xac\xb9\xc3\x8c\xfa\xf9.8Af\
\xd6^\x12\x07\x88z)bZ|\xb7;\x88\x9b\x19\xd2\
\x06y\x16@\xd6L\x10e\x01B\xc3D30\xb1\xba\
\x9d`\xf5\x8a\x87\xd5\xdb\x06\x9aK=X]: \xd3\
\xe2\x9d\x87\x99\x02\xf6\xea\x12\x10\xa3\x95\x9d\x00F=\x0f\
\xbb\x13\xf3\xf8W\x93\xf7\xe1\x8b\xd5\x11m]\xc5\xaf\xb7\
T\x223\xbf\x8e\xeb\x8ai\xceZ\x1a\x9e\xfb\x04\x1ev\
\xa3R\xd5\x9a\xae:YI\xf1\x90/\xb2\x1dh\x8aJ\
1N\x13|\xb66\x85K\x0f\x7f\x10\x7f\xe9\xd6E\xcc\
\xad]\xc4^\xd0\x96\xf2y\xd6\x04\xaa\xad\x0c\xeb\xbf\xdb\
\xc1W\x9e5p\xe4\xbd.N=Z\xc2\xc2]\x0b\xa3\
s\xfb\xa8\x1f\xab\xc3\xaf\x0f#n\xec\x22\xee\xd3\xad\x97\
\x1c\x06en\xa0\xe4\x22\xca\x0dI\xacs\x8a\xcc\xaaL\
\xf1\xca\xcb\x19\xde\xfc\xcfm\xf4ow\xe0\xf6\x12\xb1\x83\
\x1f\x11\x9cV\x8d\x17Ki\x8a1\xdb\xc3\xf9\x13\x8f\xe3\
\xdf\x1e}\x10k\xbe\x03\xcb1\xe5\xc6\x0e\x8aEd\xf3\
\xd3\xb0\x16\xd7\xc4\xf4\x93iP*\xa3P_ \xccc\
`5~\x08\xf4\xd6\xfau\xe5\x0a\xcd\x0a\xa0`\x22\xb6\
\x1d\x04\x89\xd4\x9e\x8a\xd5*\x0e\xeb)}\x22\xf6\xf9\xad\
*70\x89\xae\xe6\xbd\xb8\x94\x8c\x8a\x85\x02\x83%5\
\xa3\xc1Da\xa4\xe6\xf2\xc2\xba\xd2\x8cA\xe9\xc87\xb7\
\x84\xf1&\xbd\x19\xe3\x91d\xe6\xe9!f\xc8\xe8\xa0N\
VAM\xee\xca\x1aLJ>\xb5a\x86,L\xce\xac\
\x0b>\x9e\xb9\xf66F_\xfd348\xfa\xc9b\xec\
\xcey\xf0\x9f4\x11\xaf\x9a\xe8\xdep\xe1\xacFr{\
\xd0Z\x99\xf3^\xa3M\xac\xf4\x8e\xd8kO\x0fl\xa6\
Ld/\x9b\x88\xfc\x8a$\xcb\x9al\x90\xd81\x18\x09\
L\x9e\xdc\xa1\xa2\xf5J2\xa0\x94p\xea\x16\xcc\xd9\x84\
\xea\x12W\xc2!q\xde\xd5U\x84\xee\xec\x07\x98e\xde\
\xf9\x0f\xe0\xcf\x03\xf3\x22\xb5\x0e\xbf\x03\x1d\x18\x04S\xcb\
k<<\xf5\xcc\x8b\x02\xf9\xfa7\x07?j\xf0=\xf9\
\x7fW\x11\x9b\x0a\x9cc\x88\x87\x84U\xa7\xf4}W\xcc\
\xae\x0a\x8fI\x1e\x92\xaf\x7f\x13\x1fw_\xc3\xbd\xf7=\
\x83\xdf8\xf9\x04\x96\x08\x96\x11\xa8\xd5/\x90\xec\xf7\xc8\
.\x0c\xcc8\x99\x0b\xb4}#\xc6\xa5\xe7\x22\xd4\xdc\x08\
\xbe\xcf\xaa\xcb\x16\xf6\xa5DQ\xa7\x01RA\x94\x1d\x18\
Q \x0e\xc6l\xe3\x88\x13\xf4\x12\x0b\xcd\xd0\xc4\xde^\
\x82\x9d\xf52\xb6\xaf\x06h,%\x087(\xca\xea\x88\
A\x15\xd3\x9b(7e*\x94\xf4\xf9$+\xf253\
\xfb\x81\xb7_\xb1\x84\x95\xe1Y|~\xea\x14\xfe\xac:\
\x8a-\x99\x18pV\xce\xc3U\x87\x8b\xb2z\xe3\xe6\x17\
\x17\x9d|\xf3\x13\x078\xd4\x14\xe7\xff\x94QY\xde\xbf\
i\xe6\x0aK\xe8j\x0dic_e\x96\x1a\x19\xde\xf6\
\x8a\xf8\xf93\x8f\xe2{\xa6\xe7\xf0\xdd\xd7\xbe\x0dk{\
\x19\xf4\x00\xad\xa64\xf0\xcc\xb0\xb7\x03\xdc\xfd\xdd\x10w\
^\xdc\xc7\xfc\xbb\xcb8}\xa6\x88\xb9k=\x8c\x1d\x8b\
04\xe9\xa0P\x1fG\x9a\xb5\x10v\x0d$\x01o\xe2\
P\x0et#1Q\x9c\xb6\xb1\xb5\xe2\xe3\xc2\xf9]\xbc\
\xf2\xdb\x19\xac\xbb=\xcc\xd1\x86]\xb3Y\xa9\xb9)$\
\x19\xea\xae\x8d\xed\xe1\xa3\xf8\xd7'\x1e\xc3WFh\xf5\
F\xb3\x12Wp\x22\x01\x8c{]\x183\x93p\xb7\xf6\
\x04? \x86\x93\xaf*\xee\x19\x9b\xfe\x90\xd2\xeej\x9c\
+\xcf\x0e\xc8S\xb9\x05\x8f\xb1\x85\x1b\x10\xf1r\xd6S\
\xb34I\x0c\x82\xb3f\x1c_\xe2OS?\xb5\x17\xde\
u\xea)E\x06<\xa7\x07\xc85\xc7{\x0c\xe8d\x1f\
\xc2P\x08\xde\xa6,\x01\xc5\xcdG\x04\xd8.\xec\xbd}\
\x98\xbd\x9e$\x9f\x0a\x03\x90\xc7!\x1dg\xba\xca\xa2*\
oP$\xcf\x8d\x94\xd2\xbb\xcb\xc0\xfc<,\x82\x1c\x9a\
a\xe8\xa6\xc0\xc9;\xd7\x84\xa8P\xb4\x0c\x04c6\xce\
\xfd\xcf\x05|\xf0\x87\x1c\xb4\xb6\x1c\xac\xdc\x0cq\xf3E\
\x03w\xbf\x91\xa2s-\x03\xb6]XM&\xdb\xa8\xad\
\x95\x1a)\x02\xde\xc8\xc2.af\xfa\x9e$\xe4\xc8\xc3\
\xa0bU\xc67\xa90i\xf9+#I\x03\xe3\xe6\xd0\
\x03\xc1\x81DO\xd3\x84\x85\xa4\xa3nY\x05\xb0\xe8A\
\x9d\x00r\xbc\xcd\x150'Y\x15\x04\x7f\xe4\xc6W\xe9\
\x83\xe2\xc1/\xe8\xfb@\xaf\xa9RhLf$\x12O\
a\xcf\x96\xaa\xe4\x1c\xdet\xcc\xc4\xd3\x93\x139z\xf8\
-\xf4\x13\x14\xce\x89\xc5\x01\xaa\x98k2\x05\xa8mY\
\xe8\x1e\x8b1\xfe\xe1\x02\xe6\x17\xaa\xb0J\xc0\xe2\x85\x00\
\x1b\x7f\xd2Aq%B%I\xb1\x13u0\xfb\xda\x9f\
\xe0\xef\xec\xae\xe3?>\xfc\xddx\xaeX\x83\x19s\xab\
\x93\x0c\x12\xe3\xf5\xd9{\xf0}\x97\xbf\x8df\xd2D\xd5\
0\xb1\xf4Z\x84?\xcc2\x9c\xbe\xd7A\xa1\xd6\x94\xfd\
B\x98\x85!1qD\x13\x09\x1b\xdd\xb6\x85v+A\
\xd40\xb1\xbb\x93\x22h\x1b\xe8\xaf\xf7\x11\xb4\xfb\xc8:\
|\xd7\x81B\xf0aH\xf4\xbbKcf\xc3\x12+*\
\x06a\xf0\xc0\xf1t\xb6\x83\xe7\xb8\xe8\x94\xc7q~\xfa\
\x14\xbe>2\x8dW\x9c\x22:\xac\x8c\xc4\x8bBml\
1\xcb\x90\xfcIE\xf0!\x0e\xa5\xa6I\x1a\xdb\xd0\xbe\
y\xdf\xc1594\x88905\xd1\xecQ\xfe\x9c\xea\
\x102rT\xc2\xbe|$\x81\x01|\xb66\x89\xf3\x0f\
|\x08\x7fq\xe52N-^@\xb3\xd7Bh\x02\xa3\
\xccA4\x0dl\xad$X\xfc\xbfZX\x1a\xcb0\xf5\
\xa8\x81\x85\xfb2\x1c\x99K15UDy\x1a(\xd7\
Kp\x87J*\x80\x84\xc0\x5c\xd9\xc1\xfe\xbe\x87\x8b\xe7\
\x0d\xbc\xfa{}\xb8w#L\xdb\xe4N(~\x8d\x04\
\xb38E4F\xe7\xf1\x87GO\xe1\x0bc\xc7\xb0o\
\x92\xbd\xa7l\xbeE\x02^)\x89\xb0\x87c>&<\
E\xf3\x930/\xdd\x143\xd9\x1c\x80\x12\xcf\xc5\xb0\x8f\
\x90\x1b{\xc0\xb6W\xea\x16yL\xa4\xc1\xc7\x09\x8a\x05\
:\x12\xaa\xdf-\xe3\x5c\x8dW;a\x94\xa5\xdb2\x13\
W\x07\x80\xdd\xef]C\x18\xc4\x86a\xda\x19\xff\xd2\x8c\
\x16!n0\xf1\x94q\xc4\xbd\x96h\xd8\xf3\x92L.\
|\xfa\xbfF\x19\x5c\xba\xd3\x1e;\x22\x86\x12\xf2\xc0i\
Q\xb4\xb9s0I\xd3\xb7)\xd9q\xf6\xd2\xaa\xdc\x02\
\xc1\xec\x9cb2\xb1\x07\x8a#\x8c\xb4\xf7\x05\xdc \x0a\
\xdc\xad\xa7\x98\x1c\x8f\x91n\x96Prb\x9c~\xdc\xc7\
\xe9G\x0c\xf4\xffr\x8a\xcd\xb56\x96\xefxX\xb9\x18\
`\xf7M\x07\xad;&\x92\x95\x1e\x8cN \xe09\x97\
\x9b\x19\xb1\x1c\xa37;\xdf\xbcJ\x1d\xe6\x90)Hx\
6\xea\x8c=\x15\xe6,\x0f\x8d\xb7\xabx\xa7JoN\
\xd0L=l\xc3\x8c`iT\x9asl2\x17MO\
\xcd\xb3y;\xc9%\xc4\xbe\x94\x1fb\xd2\x93~8s\
8{\xa5\xad7\x01?_\xc2:\xb8@bVT\x86\
\x0b\xb3OW\xe3\x1e\x922\x7f\xa3!e\xba\xe1\xa5\x0c\
\x98\x81\xed\xa9~_\xa4\xc1&e\x9d}$\x89\x8f>\
<8C1&\x1f\xab\xe0\x91\xef\xad\xe3\xe8\x11-8\
e`C\x98\xe0\xfa\x8f\xd9x\xf67\xf6\xb1\xfb\xafV\
0\xd6e\xa2\x0c`\xdc~\x0d?\xd6\x5c\xc3\x91G>\
\x86\xcfM\x1eE\x18\xd1\xbd(\xc4\xd7F\xc7p\xef=\
O\xe2\xd4\xdb_F\x0b)\x8e'\x06\x96_j\xe0\xd5\
\x97\xd8/\x9a\xb0+\x06<.\x98>\xb3\x22\x98\x8f@\
\x83\xebh`v\xc9\xdf\xcc\xa7G\xeb\xefR\xfe\xbf\xd9\
&\xf1\x09k\x7fIV%.\x12=] M\xb7\x8c\
n\xbd\x82\xcbc3xyd\x16\xaf\xf9CX\xe7\xa6\
do\xc6\xecF\x89o#\xfdV\xdd\xde\x12\xb5G\x92\
S\xb9\xa4z\xf9|\x9a1\xf0\xce\xcbA\xd6C\xbc\x8b\
|\x8c\x9b\xd30\xbec\x12\xc4\xcf\xc9\x82Q\xad!k\
Q\xf5\xd8\x1bLV\xaf:>~\xe1\xe4\xa3\xf8\xae\xc9\
Y\xbc\xff\xe6yTW\xef\xa0O\xf3\xbf$\xc3\xb8a\
\xa0\x86\x04{[\xc0\xc6\x17\x81\x8d\xaf\x9b\xb8x6\xc3\
\xf8\xb9\x00\x13\xc7]LOt16^D\xad\xa6h\
\xf3\xdd\xbd\x18K\x8d>^\xfa\x82\x85\xe0<0\xcfj\
\x966\xe3n\x01\xdb\x13\xc7\xf1\xdc\xd8\x11\x5c\x1f\x9e\xc0\
[\xa5\xba$d\x89\x94\x9b\xcd\xa1\xf6\x09\x10\x9f\xcc\xe9\
\x19\xc5\x00\xe4\xea\x0cC\xd8\xb5\x1a\xd2\x82\x87\x94\x16t\
\x12@\xa3LD\x99\x9d\xa5\xda\x1c\xc5\x16\x95\x95\xac\xb7\
\xa6\xb8\x19s\xdd\x97|\xf1\xf8\xec\x8aVF\x9e\x8fr\
@\xe8v\x22\xaf\xb5{%\xca\x0f\x80\xd2\xf6\xc6jg\
r|\x17\xa69.\x88\xab\xde\xdc\xbcP\x85\x19E*\
\xeavC\x8d\x04\xf9 y:i1\x0c\xe5\xaa\xd1\xca\
*,\xdaV\x93S\xde\x0f\xc4\xf4\x90\xd1[\xc6nS\
YU\x09\xa0\xa6N\x83\x98\xe8\xe8\xd2*\x0a\xd4&\xcf\
\xceI\x02\x8e\x95$\xda#P\xfd>k\xd7\xc0\xfa\xdb\
\x19\x8e\x1d\x8b\xd1\xd8\xd8Gu\xd2Da\xb8\x04\xbf\x5c\
\xc6\xfc=E\xcc\x9f6\x81\x0fT\x11\xf5B\xecn\xc7\
\xd8Z\x03vw\x12\x04=\xa5Qg\x1a\x91ei\x7f\
\xfd\x90A\x996`W`\xdaD\xad\x99\x01(\x8d6\
\xb2\x8cI8\x1cu\x06H\x8d\xae\xaa\x22->z.\
Jn\xd8\x8a\xc4]SHiJL\x19\xcd,M\xb8\
n\x0c\xcf+\xc2v\xe8}@\xc7\x5c\x8e\xf0\xb4\xae\x9f\
\xf3oJM5U\x19\x99\x8b\xd4RTi\xf5\xc1v\
ds\xf3\xcf\xe5\xfd\x1a4\x9e\xe8\xc3w}Q\xa6\x91\
1g\x9b\xb4c#\x0b\xb3\x09\x18\x8c\xaeva\xdb\x11\
|\xf6\xb3\x99'\xca\xb4\xa0\xd9\x00\xdc2\x8a\x13\xa38\
\xb9\x10b\xe1\xe7l\xfc\xd9\xa3.\xce\xff\x7f\x971|\
\xb5'\xdc\xf4\xc6\xce*>\xf6\xc2\x7fB\xfd\xa9O\xe2\
\xd7\xa7N!I\x03\xecg\x09~\xfd\xcc\x83\xf8\xd1,\
\xc2\xfdW\x9fG;\x0e1g\x1ahe&:Q\x86\
x'\x15\xc6X\xbe\xd9\x95\x87\xbfA.\x8b\x0a\x1b\x91\
\x89\x06\x19\x02\x89\x1c\x02\xbc\xe1Y%\xa90\x17\x13\xae\
\xc5\xe7\xe4\xa3[\x1b\xc3\xca\xc8\x18n9Cx\xab4\
\x8e\xab\xa5\x12\xb6Y\xfc\xcbM@\xd0\x8cq^&L\
\xf6\xc3\xb4\x09\x13U \x0fG_\xa6:\x92D\x95\xab\
Q\xf3!\x8d\xb4Y\x87\xa2\xe7\x0e\x03\xd6\xfa*<H\
\xd5\xcdG6y/\xa5I[\x9c \xb0\x1a\xed\xb4d\
\xb6\xcf\xaa\xa3\x17E\xf8\x93\xe2\x18^\xb9\xf7\xbb\xf0\xee\
\xd9U\xbc{\xf9\x0aF6oK *\xf9\xf3Er\
\x13(\xe6\xebe\xd8\x7f-\xc3\xe5\xd7R\xdc\x18\x890\
t*\xc0\xd8|\x82\x89\xa9@\x82A\xa2\xc0\xc1\xe5\x17\
#\xec|#\x93iM\x95\x9b8\xcd\xb0}\xcf#\xf8\
\x87\xc7\x9eD;'\x95\xd1.\x9f\x1b\xdf\xb4\x85\xbcc\
rs\x93\x8dy\xe6\x8c\xf2\xbe\xcc\xe3\xf6\xc8\xfd2\x0d\
\xf1\xc6H\x966\xb4\xd9\x87z\x7f6G\xc2\xc28\xb2\
T\xfeiNK\xd7\xc6\xbe\xe2\x05H\xe7\xe4$\x15\xf1\
\x94<&q\x01\xb2aE\xfd\xdd\xde\xb5K\xdb\x07-\
\xc0\xb7>\xbf\x87{\xce\xecg%\x7f\x9ch\x97t\x19\
\xb9Ih\x9c\xc0*\x17\xe5&\xe3\xc9\x22\x93\x00\x99[\
\x1f\x90\x82\xb2\xc4\x80u\xfb6p\xe6\xac(\xf2\xc4\xd9\
g|\x14\x06\x17i~:\x1f\x02k\xfa4\x0cY\xd9\
\x84\xb7\xbf\x07cr\x1c\xd6\xf0\x84\xf4\xa3\x5cD\xbci\
\xdc}F\x80\x07\xc0\xc7MXN\x82\xf6z\x80\xb8\xd9\
\x83\xe5\xed\xc1$\xa1\xc7\xb7%\xfc\xc1\xf5\x8b\x98\x98\xb3\
0\xc1\xa3\xd6\xd03\xd3\x01\xd2\xce\xf3M\x97\x8e\x02\xa0\
p\xd3\xf1\x7f\xf3\xa0\xa1i\x07\x17\x97\x0a\xd5R\x1d\xf6\
\xb0F\xf7\xf5\x94C6\xa8\x22\x80\x1ct\xe2\xf9\xcf\xce\
=\x0d\xf3\xc0\x14\xfe\xb7\x9c\xfd\xc8\xffPS\x0c.6\
\x9d\x1a\x03Q\x9d\xberW\x1e\xa0\x02\x04R\xc4\xf5W\
;\x1bi\xcbq5\x1d\x81\xee\xf8\xf9sHv\xe1c\
5\x91\xf57\xd1\xdf\x5c\x92a\x0c\xa5\xabq\xd0Gq\
\xf6\x04\xec\xac\x8f\x0f~\x0f0{\xcfq|\xf9\x7fZ\
F\xf1\xd9>\x0aN\x8a\x9dv\x03\xef\xfc\xf6\xef\xa3\xf9\
\x8eO\xe3\xb7\xa6\x16$\xfdg\xdd\xf1\xf0O\xcf<\x86\
\xef\xab\xd4\xf1\xb1\xeb/\xa3\xbc\xb3\x02z\xf2j\xce\x1b\
\x22\xed)\x9a\xef!\x96\xf0\x1cNh\x7fb\xf1\xb9\xd3\
\xdc7\xd6[\x08\xfd\x22:\xa5\x11l\x0cM\xe2Zu\
\x04W\x8a\xc3\xb8\x5c,c\x83~\x02\xa2Y0\xe0F\
\x11\xa6\xc2\x1e\x8a1\xbd\x7f\x0d\x04\x9e\x83]\xcbQ\xda\
v\x83\xb7\x9f\x8b\x94\xc8?]\x8ay\xeb\xab\xd3Q\x97\
\x1d:HT?\xf6AU)ehn\xe9\x9e\x17\xc2\
\xf8\x8e\xe8\xf1\x03Z\xf7\xa0L\x00\xc4Q\x9a\x86\xa9m\
\xa4\xf2 \x150\xb6\x99\xa6\xf8\xdd\xfa\x0c\xbeV\x9b\xc2\
\xe3s\xf7\xe3\x9d[\xb7\xb1\xb0v\x03V{O\xc6\xb2\
5\x02\x96\x06\xb0\x8f\x04\xfb;\x09\x9a/\x02\xbb/\xc6\
\xb8J\xaeJ\xcd\x80\xd9\x0dawS\xf9\xd4\x869\xd6\
\xe3\xc8w\xe2$~s\xf2\x8c\xc4\xa3q\x0a\x9e\xf0\xc6\
&'\x86\x8cMV\x01\xac\x80\xe8\x00u\xfc\x98\xb8N\
\xb3\x8a&\xd9'g\x96\xf2\x83\x0eXQ\xaflh\xef\
L\x0d\xf2s\xea0\x98\x02hkq=\x96&\xb9\x8c\
\xb9\x03a\xa9\x80\x9686\xe51}<\x01L\xc3\x0e\
\xe3\xc5\xe3\x7f\xf4\xefW\x09\x02\x10\x22\xc6\xd8\xe2\xf9^\
\xb7\xdfo\x99\xb5\xaa2\xb38\x04@\xf1\x97\x92E\xe7\
\xe8y\xa4\xc4kw\xf4\x1d\xa1g\x86\xf4u\xcbv\x1a\
p\x97\xee\xc0\x98\x9bG\xd6\xe9\x88A'&&\x80\xe5\
uU\xce\x89\xa5\xd5!\xee\xbd\xe7#\x0c\x12\xb87\x97\
\x80\xd5\x0d\xec\x87&&u\x98\xa7\x0b\x07\xad\x1b\x16\x0d\
h14b\xa3\xd7\x8aa\xf9\x1cy%\x08\xf6:r\
\xe0\x98VCd\xa5N\x91\xc4\x06\xea\xe9\xf9\x11\xb1\xbc\
\xf7a\xba\x8a\xc0*\x88\xbaPc\x19\x9f\xcd\x94\xda\xa6\
,q\xa6\xc5\xa8\x83!\xdf\x94z\xe4\xa9\xc5\x1e\xa0\x14\
\xd4d\x7f\xd5\x14\x91\x87\xc1\x14V\x0a@\xe4\x80`\x0a\
-\xdb\x03m\xcc&'\xab6\xd4\x14\x0f?\x8e\xcdD\
n\xa1\xa8\x172+&yG\x05\x96*R\x91\xae2\
\x84d\xc4\xef\xe3\xedG;\xaf\x5c\xfe\xc9\x83\x89.;\
<\x0cx\xea\xd3&\x8b\xa39V4]\xb9)\x1db\
.|7\x9d}\xf4n]Da\xfe8\x0cs\x1c\xe7\
\xeeYA\xe9\x97F\xf1\x07?\xbd\x8d\xc27\xfa\x92?\
\xb8\xd7j\xe0\x83o|\x19\xb7\xea\x7f\x19/\xb8\x1el\
\xba\xd4 \xc5\xefL\xce\xe1\xb5r\x15\x1fZ\xbb\x8b\xfb\
\x97/\xc1\x88\xda(\x84\x01*\xdc\x14\x87\xcd\x80\x08\x96\
\x12X\xb7\x0b\x08\xca5t\xad\x12\xd6\xfc\x22\xf6\xed\x02\
nUGp\xbbP\xc5\xb2\xe7\xe3\xae\x18\x88h\x90.\
\x05\xa6{=\xdc\xdf\xdb\xc1\xc9\xfd5\xcc\xef\xef\xc0\x0f\
Z\xd2\xef\xcaE\xe8\xf8h\x96\xc7\xf1\xea\xcc)|c\
\xfc\x08\xb6\x5c_Q{E\x1e|\xe0\x8f/\xcaO\x96\
\xb0\x5c?\xa4t\xb3j\x90\x8cGMI\x17G\xa7\x03\
\xf9\x84\x9c\xc1\x07\xfc3}(\xe8Q\x99,\xbdTR\
\xa5e\x9e^*\xc3\xee\xd1u\xa8'\xe33\x99\xc0\xc6\
\x11v\xd3\x04_\xf2+\xf8\xfa\xec\xfdxd\xec8>\
\xb0{\x17\xa7\xee^\x80\xd9k\xc9\xd7\x14\xe9\xc0e\x00\
\x5cM\x12S\x1ae\xc2d45\x93q\x88\xcb\xdbr\
\xb1>w\x16\xff\xee\xc8C\xb8\xccc\x92\xde\x83\xc2\xd4\
\xb3\x07\xacV\x01\xed'\xc6\x94\xcb3\xc15\xc9\xd3P\
\x99\x1b\x8a\x03F1\x1b\xcd[]\xb8\xc5\x22\xc2N_\
U\x0c9\x15\x9e\x171\xcd_\xe4\xbd\xaa\x13\x80\xcf\x8a\
\x89\xde<\xa19\x1a\x1f\x88\xf2\xf85\x09W\xa2\x85(\
\xe8_\xbe$\x0b\x8c\xa4\xfd45n\x18F\xe04\xf7\
V01\xf1\x88\xd0\x8cD\xf4\x92\xa3\x064q\xb0\x90\
R\xcc\xd3\xec*my^\x1b\xea\xd3X\xc2\x12\x98N\
\xb3\xbc.\x1a\xfcxr\x0a \x8a92\x02\xb3\x1f\x22\
\xdd\xd9Sv\xc8\x87M?$y\xc8F\x9f\x0e\xab\x0c\
\xc6(\x14\x04\xcd\xe7g\xc3\xb1\x91\xb5j\xa0\xb5\x91a\
dL\x8dL,\x0a4l\x93\x82\xb5\xc1\xac>\x09{\
\xa0\xbf\x82\x8a\xba\xe4\x06\xe2\x1fwE\xc5\xa5\x1c\xbev\
\xa5W\x97\x1czv\xbc,\xc1eJ\xa4\xbb\x7f!\xee\
\xa8\x09\x80\x1a\xed+\xe0\xce4)b\xe1\xa6'\x81(\
\xff\xf3m\x95<\x94\xa8\x16\x82?C\x11\x8ar\x9b\x0c\
\x85)H\x16\xa2\xbc\xbf\xae\x90b\xe4\xe9\x10\x9c\x90?\
O\xd4\xcf\xa4\xe2O\x9b\x9b\xe6\x91\xe4Jp\xa1<\x14\
\x84\x5c\xa2s\x10\xe4l\x92\xd7\xa2\x1cr\xe9\xbe\xc3\xc3\
H\xc4\x1fI\x04\xaf\xdc\x17M{\xe7\xfa&\xfc\xb9\xa7\
aT\x8e\xe1\xe8\xec\x22>\xfa\x8b6\xbe\xf0\xe3!\xbc\
\x97\x1b\xf2\xde\x82\xade||\xef\x06.\xde\xff^4\
\xee\xdeU\xd1i~\x86\xab\xbd\x00WgO\xe1\xec\xd8\
Q|b\xe3\x1af\xee\xbc!\xba\x0d\x12\xa6\xf2\xd4l\
Q\x9aI\xa9\xce\x92\xd4G\xb70\x84\x95R\x1d\xe7\xeb\
\xa3\xb8b\x17\xd0\xe2\xa2\x0b#\xccf=L$1\xe6\
\xbb=\xcc5\xd61\xb7\xbf\x82r{K^+\x8fV\
\x9ani!\xb3\x8a\xaf\xde]\xc5\x87\xd7\xaf\xe0}\xe3\
'\xf1\xe5{\x9e\xc4\x9fL\xcc+\xff:>\x17\x8a\x87\
\xf4x\x96\x9f\x13\x19n\xbc\xb4\x15\xd8\x98\xa1/\x86\x9b\
\xca\xe2L\xec\xd9\xf2\xc2M\x840\x07t\xf5\x01=z\
@\xf5\xcc\x103\x05\x98\x9fi\xc2\xfe\xdb\x83\x11\x97\x90\
QWA\x93\x0d\xd90\x91\xa4X\xf53\x03\xcf\x17\x86\
\xf0bm\x04\xf7\xcd\x9c\xc4\xfb6n\xe2\xfe\xab\xaf \
\x8a\xfa2\xd2\xe3\x04\x8a`b\xae\xdfR\xf8\x87\xe6\xb6\
\xd4'\xf0\x1fN<\x8e\xcb\x04r\xa96\xcc\xb5\xfd\xbc\
\x91+5\x01\xf82F\xd4\xb3U&\x08\xcau\xc2\x16\
(\xbf\x8cri\xbedj\x18*\xe5\xa9A\x85\xa1J\
\xbdv%\xc06\x15\x9d\xbf\xbax\xb4\xb46\x8a\xe1F\
1<\xb7 \xe0'Y\x8aJ<\xab\xe0}\xae\xab4\
\x0a\xcf\xcb\xde\xfd\x9c\xaa\x81\xd5\x95\xbc\xb1z\xc38v\
J-\xf2\x03j\xd1\xa0\x85\xb2\xaaed\xfbm\xc4\x0e\
\xc1\xa9\x03 P\x9d\xb1\xca\x85\x837\x04\x16W`\x07\
!\xe2\x99i\xa5W\x9e\x99\x12.\xbe\xd5\xe8 \x11\x92\
P\x1eS\xa8\xfe\x9f\x1a\xb9\x99\xd8\xf5\xc8\xd2s\x11\xa5\
\xa1<07\x02\xc2]\x03\x96SP\x9b9\xee\xc1)\
\x10O\x10\x82\x82\xdc\xec\x16\xe5\xc2\xd2\x8e\xf0\x99\xbb\x03\
#\x04U6\x93c 1\xb3b.\xc9\xa0Q:\xcc\
\x92\xe1\x9esy$@Q\xf7e\xea\xf2W\x19\xeb\x86\
\xa5\x10}\x15\xa4M$\x91`%\x17\xa4\x01\x83\x10\xb7\
\xbe\x9dLM\xd9e)&\xcf\x84\xb7\x93\xc4T\xf3^\
 \xe6\x9b?$\xe2\xe3\x92\xd4\xa6 4\x1e\x00r\xbb\
\xd3\xb5X\x17\xde2\x82\xe5\x01\xa3\xc69\x167\xba\xe6\
R\x98\xfcYZT\xa5\x8c9\xd5\x1c\xc2\xb4Tz0\
\x93\xdb\x99u\xdf\xbd\xfd-\xf8\xd3\xf7\xc3\x1b\x99\xc6\xa9\
\x85[h\xfd\xdc\x08\xbe\xf5#\x11j;\x11\xa24\xc2\
\xe4\xdb\xaf\xe0\xd8\xd3\x1f\xc6\x9b\xf7\x9c\x80\xb3\xb8\x88\xd0\
r`V\xab(\xed\xef\xe1#K\x97q\xec\xce\xab\xd8\
K\x99ig\xa0\x93pL\x08\xf4mC\x16\x9b\x1d\x12\
\xc5\xef\xc2\xd9\xbc\x05\x0f\xb7p\x1f\x80\x87\xdc\x02:\xa5\
\x1a\xda\x12D\x12\xc3\xeb\x87\xf0\x92\xae\xe0@\x11S\xa5\
\x0c\xa0\xadc#\xa2\xaa\x07\xf7\xb8!\xbe\xfc\xd1R\x04\
\xac\xb2\x95\x08\xb1\x19\x05p\x96\xdf\xc2'\xf6\xd7p\xf4\
\xe1\x0f\xe2_\xcf\x9fE[\xaf?z<&\xa6\x8d\x05\
\xc4x\xff\xddk8\xb6}\x1bn\xc2l\x0a\xd5;S\
\xcd\xcc\x96S)\xdf\xd4\x98\x8d\x15\xa42\x1a\xd1\xfez\
yx*\xf9\x14\x83\x89\x8f\x1a\x07\xa6Y*\xa8\xbf\xba\
\x1d\x81\x0eG\x9c\x14\xce0O\x8f\x97\xa8\x05\x09\xfbp\
\xc3\x1e\x95r\x18m\xed NB\xb9\xf5\xf9l\xa8\x19\
\xe2A\xc2'\xa6\xccd\x19!\xa7\x12\xb6\xdd\xbde|\
\xe6\xca\xf3\xf8W\xa7\x9e\xc4-\xdb\x83\xc3\x02\xc6\xa3\xf5\
\x18\xd5\x90@:5\xa3\x0ezrb,\xa2)\xda\x7f\
\x827\xbct6\xba\xb4\x17oT\xda\x913\x06\x5cO\
\xa9\xe4\xf6\xe0t#W\xa6\xe6\xad'+\x86DM_\
\xca%\xf4\xf9\x8cX\xd1\x93\x1b\xa0\xa4\xe7\x06\x98\xd5\xb1\
\xb9{K\xed\xdc\xcf\xc1\xc6\xa7?\xad\x96\xd6\xca\xf2\xad\
\x846\xd1\x1cX\x0a\x10\x98\xfb\xff\xa9\x17\x16Wx\xe6\
i\xce<\x8fb\xb1\x08\xd7\xb7\xde\xe0\xc4\xa5[m\x09\
\xd8\xdc\x85\xd1\xee\xc0\x98\x99R\x893\xc7\x8e*\x09k\
\xa3\xad\xbc\xfb5sN\x81d\xc2MB\x9b\xc0\x0c\xc5\
Ba\x88$5\x91\xf4S\xec\xec\xf6\x90\x1a\xa1X\xd9\
\x11|S=7\xe9\xa6\xbc\xc95\x22,\xde\xfed\x19\
\xe47\xef\xe1)\x10Ku\x81C\xd4-&\xb3X\xed\
E\xc8\xd1\x9d\xdc\xcay\xe9\xa4J]\xd3\xe2\xcf\xe6\x87\
\xc9\xaf\xe4\x8d\xcd\x9f\xc32\x8b\xbd\xa229\x91\xee\x93\
\xc8\xbf\xf4\x5c\xfc\x02M\x8e\xa2\xb9d\xdaS\xe6\x9a\xf9\
hQ\xce\x17\x1b\x89&?\x91+?P\xffI\x1b\xa0\
\xc2/\xd4\xef\xe1\xbc\xc8\x12\xcd\xb8\xaa6\xf8;\x1d\x98\
\xf25Z`\xc3\x91\x13\x0f;\xfe\xfe\x01\xaeb\xc0v\
\x8b0\xaa\x04\xf1\xde\x84\xed\xdd\x0f\xc3\x1b\xc3\x03\xf7\xee\
\xe1\xda\x0f\x16\xd0\xfc\xe7l\x8c\x22X\xbb\x1b\x98Y\xbf\
\x8b\xd7\xcf\xdc\x87\xb8\xe4\xc1\xb8\xb5\x84\xb4\x03|\x22\xd8\
\xc4\xa3\xb7^\xc7\x22\x22\xb8\x5c4\xa7\x0a\xa8=\xee \
5\x1c<\xfeI\x0f^\xc1\xc6\x85/\xf6\xb0\xf4\x87M\
\x84\xb7l\xd8\xe8\x93\x9e\x85\x94\x86\xb0ao\xc0o\xd0\
\xe8\x8a,pqc\xe2\xcd\xbd\xe0a\xe2\xfb\xcax\xf8\
\x13\x1e\xe6\x16\x1c\x98\x16Yq\xbb\xb8\xfe\x8a\x83+_\
\xea#\xfeJ\x0c\xa7\xdb\xc1V{\x1b\xe7^\xfc<~\
\x02\x09~y\xfe~\x044\x0cq\x5c|\xcf\xfe:~\
\xf0\xc2\x97\x90\xdc\xb9\x82p\x90\xd5w\xc0\xa30\xfe+\
\xdc\x8aC\x5cL\xd5\x1a\xfc\xb9\xaf\xcb\x8b\xe6\xec\xd0\x9f\
\xe5\x95\xc9\xe1?\xcf\xd1\x1b9\xc4\xe4\x80\xd1\xba\x09N\
\xab\xd8\xb6\xdc?\x84\xea#6\xe0\x87h\xbc\xddE\xfc\
\x5c\x88J\x1a\xa3oe\x98\xbc{\x11?\x93$\xf8\x17\
\xf7\xbd\x1f7I\xa2\x13h\xc9\x87\xc1\xd1\xf9\xf00\xcc\
z\x0d\x09\xd7r\xbe\xb1\xf5\x08\x8fX\x8fz\x9f\xb9\xaf\
\x05\xa7O\xfc<\x0e\xd8\xa8\x82\xc7\xc9\xc1\xa5c\xd3\xe4\
/K\xd4\xb3\x9c\xc609\xb8'\x04\xb6\x81\x0a03\
m\xc70:\xbd\x1d\xf7\xf6\xe5K\x929|\xf1bf\
\xe3\xecYy\xaf\xf1\xda\xf2\x15kk=\xc3\xdc\xbc\x99\
\xc52H0\xf24R\x118\x10|+\xfaH\xfa\xe4\
'{0z\xdd\x03[\xed\x1cp\xd5:\x09\xfa\xd3\xd1\
\xa3\xdc\xb8~\x07\x0e\xe5\xa7\xe3#\xe8\xcf\xcf\xc3^Y\
\x87E\xdd\xb5\x94\xb6\xb9\x91\x87\xaa\x9fv\xa8\xea\xf2\x8a\
\x00\x9d`\xa5<'=\x81\xa7\x1e\xbd\xd7\xb6\xb4\x14\x93\
\x12Z\xf17\xd1\xfd8\xcb*aF#\xe5\xd8C3\
pT\xbf\x9d\x0byT\xaf-b\x15\x9e\x9a\xbc6\x18\
\xf0 '?7\x1e\xbf\x96=;\xbf<F\x12\xb1\xba\
\xf0\x90\x19d\xe5q\xab\xb3\x84'\xeb\x8b\xafS\xe7\x22\
\x8aSLO\xda\x04n\xfa\xfcVV'OQ\xdd\xe2\
\xc2%\x88\xe5\xc3\x14?\x04-V\x12o6V\x13B\
\xd8\x0e\x15\xe9\x85'\xbc\xa9\xc6a\xb9\xe8(M8-\
`\xbf\x9b\xbb\xfc\xba0\xac\x96z\xad\xacf\xf8Z\xe4\
\xd0\xe3\xed\x13iW\xdd\xae\xbc\xdfh\xe7\x12\xcc\xe9\x87\
a;C8\xfdt\x07/\xfc~\x08c\x19\x12l2\
\x11t\x95\xff?\x7f\xfd='0\xb1\xdf\xc0\x83o|\
\x13\xfb\x08$\x944u\x0cL\xfd`\x01\x7f\xf1\xbf\xff\
\xff\xb1\xf7\x1e`\x96fWu\xe8\xfa\xf3\xcd\x15\xbb\xaa\
s\xf7\x84\xee\xc9y\xa4Q\x1ae\x0d(\x02\x02\xc9\xb2\
M\x128\xe1g\x821\xcf~<\xfc43`?\x1b\
c\x1b[\x06c\xcb\x81\xa4\x84F(\x0bi4\xca3\
\x9a\x1czR\xe7\x9c\xab\xba\xf2\x8d\x7f~\xdf\xda\xfb\x9c\
[w\x04\x18\x09Ih\xfc\xd0\xd57\xeaTu\xeb\xbf\
\xff\x7f\xce>{\xaf\xbd\xf6Z5`\xe0\xc1m\x8e\xd1\
\xc0\x0f\xd7\xdd\x14\xe0\xf8\x8f\xa5x\xf2\x0b\xc0\xa1\x8f\xa5\
\xe8>T H\xd9\x0d\xd0\xa5*\x99\x95\xa9\xb6\x99\x9a\
\xf7\xb7y\xd8\xf8\xc6\x09\xbc\xe4\xc7j\xb8\xfc\x9a\x1a\x1c\
\xce\xe3\x93\xa2\x1d\xc4h]^\xc3%\xbb#\xbc\xf4\xcd\
>\xee\xfbl\x07O\xff\xbb\x00\xf5}\x05V\xb3U\x5c\
\xf3\xf8=\xf8\xe1\xc64\xde?\xb5\x19\xb7\x0e\xba\xf8\xc9\
\x07>\x86S\xf3\xc7\xcc,\x8c\xd6\xce\xf6\xbc\xd5yE\
\x1a\x8b\x1b_B\xb3\x95Uma8?cg:G\
\x93\xd6\xa1M\x16\xccW\xae3@\x9eK\xe4R\xfd'\
\x1dS\xe7\xbb\x92\xaf\x91\x12\xa4\xbb\xa5\x86\xcb\xfeV\x03\
7\xbd\xb9\x82\x19\x8e8\xe7\x03,-\x01\xf7\x7f\xa2\x86\
\xfd\xef\xee\xa0qb\x80^\x004\xcf\xee\xc7\xcf\xd4'\
\xf0\xebW\xdd\x8a\xd3\x04\xd4Yy\xd0K\xe3\xf4)\x14\
<T9\xc3o\xed\xe5\xcd\xd4)9#C\xa9z\xee\
A\x96*>5\x158V\xad\xfe=<\xbc\xac\xb8\xae\
&\x00Jhc\xeb\x90}\xd8d\xac\x81\x84\xd4{\xa3\
}\xc1\xe3\xdf\xf78\x05\xd8>\xb4\xfb\x03\xef>\xfe\x18\
\xdf\xff\xce;K\x1fw\x9a\x1b\xd2I\xe61\x7f\xa1\xed\
m\xdf\xd9\x92r\xcah\xe7+he\xe4\xab&Zp\
N\xcd\xa9\xda\xef\xa0\xbf.ee\xeb\x15\x09a\xa6U\
C\x9f:Ruz}8\xc7O \xacT\x91r@\
#\x9c\x12\x97\x5cAt\xad\xc9fQ`\xc9\xab\xa8d\
X[E\x13\x0a\x9ff\x06<Q\xdbZ\x0b3G\xf7\
\xed\xe6\xa5(C*\xd2\xcdb\xb0\xc1a\x84B<\x9a\
\xa4m'-4\xc9\x06\xb8\xb1y\x8a2\x0b\xe0\xf7\xb2\
w.O@\xbe\xbf\x14.+\xd3W\xd3^\xe1f\xa6\
\x96\x81\x08A\x12xc\x0f_\x019\xf5\x01\xac\xc1\xe3\
50\xa8\x90\x14E\xf9'\x9f\xa7\xb1\x9a\x86\xba\x013\
\x12\xfd\xb3\xfc\xac\xb2g\xeaz\x05\x9f\x84\xe0\xca\x80 \
i\xbfJi;\x0e+I\xdeq\xd2Kk*\xd3\x95\
\xb3\xe40\x06\x16,\x1f8u\x06N\xdduQrb\
FJ\x0cVt,-\xd2\xa1\xc4\xb5SD\xd2F\x94\
,\xa5{\x0e\xa8\x05h\x8c\xa5p6x\xc8O\xab\xb1\
fu\xee,\xdc\xabn\x92\xcd\xc3\xde\xf2\xe4\xcc$j\
yO\xb6\x11Q\xfd\x98\xfd\xe8v\x1b\xe5\xd9\x02I\xc2\
\x99\xf1\x0b\xf0\x9bc\xa8N\x84\xd8y\xe94v^\x1a\
c\xf9\x87\x9b\xd8\xffH\x17\x87\x1f\x8f\xd1>P\xc0\x19\
\xb0\xa5\xc5a\xa5\x10A\xcb\xc7\xe6KK\x5c\xf6\xca\x08\
\xbb\xaf\x18\x87K\xd0u0@\x9c,\xa1\xa0I)U\
r\x9bU\xf8\x8d\x10\xcdZ\x88\xd7\xffp\x1d[\xaf\x0c\
\xf0\x85\xff+E\xe3\xfe\x0e:\xfdE\xdc\xf6\xc4\xa7p\
\xec\xd6w\xe0\xc6\xf3'\xd1\xb9p\x5c\x94\x87\xca\xa8\x06\
\xf7M\x1c\xb0\xc9\x90-\x00a\x9a \xeedh\xaf\x19\
3z\xb2\xdb\xfa\xbc5F^\xdc%x[A\xc9\xe7\
-\xde\x12$Z\x85(\x12\x9at$p\x02^\x17\xdb\
\xc3\x01\x5cRF\xfd\x96\x98\x92\xcaiZ%r\xce2\
\xa3@\x1a\x91\xeb\x12 l\xe5\x08.w1}E\x80\
Kn\x18\xc3\xce\xeb\x02l\x98\xac\xb2FB\xb1\xd6F\
\x19\xb9\x98\x9c\xac\xe1M?Y`\xc7\xb5\x1e\xbe\xfc\xff\
V\xe1\x7fy\x15]\xb7\xc0\xf8\xd1'\xf0\xe3\xcd\x0d\xf8\
\xad\x1dW\xa0C\xb3\x1b\x92~\xa8\xd6s\xea4\x8a\xdd\
\xbbu\xfa\xd3\xaaO\x0f'BG\x95\xa8\x94NO\xc3\
\x1d9\xf0D\xc6\x9e\x8dD\xe33a\xcb\x051\xefM\
1\xa8W\x15\x00d0\x18\xba\xc0\x97%-\xed0\xe8\
=\xf9\x98\x10j\x89<\x13\xde\xc6\x9d\xf2\xefi\x9c\x9c\
\xae,\xaf\xccei\xd2r<\xafDN\xc8\xd9XK\
\x9b\x1e6\xc6ZpN\x9eW\x92\x02\x01\x06\x92]\xac\
n\xbe\x09\x02\xc3\xf9\x7f\x13FU\xd2\xcbG\xdeO\x81\
\xde\xbc\x82\x88\xa3\xe0\x82D\xa7\x1c\xab\x8e\x8f5\xb7\x85\
*\xcehj\x5c\x84\xc8\xb2\x18Y\xe2\x8a\xc5\x18\xa3\xba\
\xa4\xecr\x08\xf0T7?\x9f4\xd52@8Fv\
\x1d\x1f\x1c}\x04\x02\xb9.\x95\xdb$*\x9d\x0co\x90\
\xd4\xf8\x22\xeb\xcd\xbfbgC\xddY\x84k-2e\
\x94\xdb\xe2\xe7\xd1\x19o1\xb9vt\xdcSl\xadd\
#\x17*\xa7\x95\xa7\xeb\xd7\xc0*\xbf\xc3\x07@\xb0Q\
;\x16\x22Y^pn\x9c\xf8\x03\x89\xb8\xdcbD\xad\
\x07\x1aDd\x9cT\xbb\x0a2k\x90r\xe3\x13%\xa7\
f\x01;\x11\x04\xc0\x06\xf08]\xd6\xf2\x10\xcc6\x10\
T\x1dd\xf4\xbb\x93\xd3\x8b\xbeN<\x83U|D2\
\x1aFV\x97\xe2\x96}\xf4\x16z8\xf4\xb4\x8f\xf8L\
&\xc0*[P\xabg\xcf\xc1{\xeai\x04\x97^\x8c\
^\xab)]\x9fL\xb0a\x92\x90r\x84\x89\x83\xd5g\
\x1d,.&h4iv\x92!\x1d\xc4\xc8\x96\x81h\
2B\xd4\x9a\xc2\xc4d\x15/~C\x15/\xbe\x8d\x1b\
\x9b\xfa\xfd\x9ai\xb9^U\x06Y\xfc\xaa\xa1\x11s\xe3\
\x0f\xda\xc8:m\xa1\x14+Z\xed#Y[\x83\x17\xf5\
\x10m\x99\x81\xe7\xd4p\x0d\xc7\xd0~\xad\xc4\x17~\xd6\
G\xed\x99\x1c\xd9\xf9\xe3\xf8\x81g\xef\x87\xdf\xebI\xaa\
Ka\x8e\xfeK#\xfc\xe8oW0\xd1\x88\x10\xc7M\
\xe1\xe3\xf7\xfakH2\xce\xe0\x1b\xe2\x0b?\x05\x83\xae\
te\xf8\x5c8\x18\xc6ge<\x06)\xaaI^|\
\xca\x13\xb4\x82R\x025\xcf7\xe5m\xb0\xdd\xea\xba\xd4\
\x07\xaci9\xc7\xa0\xea\x17p\xc3\x06\xaa\x8d\x18\xad\xa6\
\x8b(\x1a\xd7\x96r\x9c\xa2`6\x9c\xad m\xaf\x8a\
\x82q0\x15\xc0\xafO\xe3\x9a\x1b]L\xfdG\x07\x1f\
\xfd\xe5\x00\xfe\xdd1\xda\xe9\x00W\xec\xff\x1a\xde0\xb9\
\x11\x1fjM\x08\x1d\x98\xa0&\x87\xd2\xc2\xf9y\xc4\x9b\
f\x87\x0a@Z\x1d\xdb\x22\xc7LqZ\x06 \x0fU\
\xf5HU\x9e\x04\x7f\x93\xd9Qr\xba(ql>E\
\xb6\xa1%4`\x96\xd3r\x88(8\xea:\xf4\x13X\
]}P\xcb\xff\xbb\xb8\x93\xd8\x0f3\xaf\xd5\xa7\x97\xb1\
z\xf5\xb1\xa8\xdd\xd95\x18\x1f/\x8b\x9c\xe1\xd4\xb4Y\
x\xda\x90\xe6Ki\xadV\x0dI;\x16\x02\xd0P\xe5\
\xd7\xecf[\x7f\x09\x80F\xc9\xa4Q\x80BN&3\
\xa4a\x13\xb1!\x99\x9e\x96Q\xaa\xb1/\xfb[8\x08\
\x05BFo.]7F\x91\xad\xd7\xfc2p#?\
\x83\xac0\x0fa\xcb\xc7\xd1\x03}\x9c}\x9c[\xcc\x83\
\x1b$\xc2\xccB\xc8\x96\x1c\x17\xb7\xda:\x17%=\xe3\
\x99RS*I\x93W\xbe\xb7!\xf6\x1a\xf1GJV\
\x13l4:\x87\x04\x10\xb9O\xc9#\xce:\xa2\xccJ\
\xc7!\x0e\xb9\x10\xcc+D\x06\x8b\xe9;{\xe2L\xad\
\xa9\xc8\xc2\xf7\x93*K\x8d\x19\x1dr\xeb\x95\x11\x98\xe7\
Df}\xf2`\x90;\x052\xe1Vs@\x88\xefG\
o\x05\x02Z\x0c]T\x85\xe5\xfc\x059\xf1]\x14\x91\
\x8f\xd6\xd6\x00W\xdc\x1aa\xac\x19\xca\xa6B\xd6\x83K\
\xb5[\x9f\x0b\xd6\xa4\xbfe\x00\x9fs\xf2~\x80\xe3\x07\
\xbax\xf6Or\xd4\x162\xc91x\xc6\x9f\xaeN \
\xbd\xb0\x02o\xe9qD\x17\xef\xc0\xc2\x95Wbm\xfb\
fl8@\x03N\xe5b\xf4\x96K,\xb6\x0b\x8cM\
\x07\xa2\xf2\xeb\x86\x03\x09x\xd9Z\x82|-\x86?\xc6\
r\xb0\x0a/\xa8#b6\xe81\x881\xdb\xa2\x8b\xef\
*R\xea\xec\x0dr\xe4\x1415\x87\x83O\xf5\x5c\xe2\
\x1a\xb2P\x0b1\xb7\xe8\x1d?\x87\xda\xf6i\xe9\xc9_\
si\x86\xe3?\x16\xe0\xc4\x9d\x03\x94}`\xc3\xfe\x07\
\x04\xd8\xd3I\x06\x1a\xd3vP\x9c\x07\x9c\xe9\x12A\x96\
\xa1Rw\xd0\xa0\xf5\x99\xf4\xd2x2\x8a'\xb1\x94`\
\xb2\xce\xa4\xb4\xe4\x9a3\xe4\x01fv\x0c\xf2\xb2\xb9L\
\xbb\xb74-\xdb\xb25r\x22\x91\xdfh\xe5\xf0\xf9\xb5\
\xb6=\x1bIs \x8fWDc_2Hza\xe4\
\x22\xf7\xc1\xfc\x0c\xe9\x5c\x82\xac\x92!\x9a\x99\xc0\xe6M\
.\xde\xf2k5|2\xf1\x11~\xae\x8fvo\x11\xaf\
\xdb\x7f?\x8e\xde\xf2F<,V|,%\x22\xe0\xec\
98\x13\xd46\xe0A\xa6\xc3E\xba\xffm\xb7\xccP\
\xe9%v\x1aLN\xba2\xeb\xa5\xa5\xb6\xafuC\xf9\
Y*\xd2{\x22\x12\xaa\x0e\xc0Z\x03\xb8\xae\xe3v\xba\
\x03\xff\xd4\x89g%\xd4<\xfb\xec\xb0\xe1\x5c\xe2\xf6\xdb\
]\xdcyg\x91\x0e\xe2\xfd\xfe\xfc\x85\xdb\xca\xc9I\x13\
~\xcc\xdb\xda\x93\x9a\xad\xa0\xa9\x09\xf8\xabg\xc4\xc3N\
R\x0c\x03\xa9\x1b\x94\xd10\xaeF\x88\xd9\xb6\x05c\x90\
]Y\x04\xa6\xd5\xf1\x1c\xc1\x0c2\xcc\xa87mk=\
\xde`\x09\x22*H\xca\xc8\xcd\x16\xa0PxM\x1fU\
\xb8\xf4\xa4\xee\x96.N\x1f*\xf0\x99\x0f;2\xf4\xc3\
\xf0\xe0\x07\x8eh\xd1\xf1\xa6\xb2R\x94T\x94\xd9\x7f\xc2\
\x14\x9b\xe0\x1e\x07\x97\x98\xfa\x90tB\xc1I\xad\xc7}\
\x8e_\xb2V\x0b5\x93\xc92\x8e}&B\x84\xa2^\
=]l\xc5\xffQ\x14\x9b\x94\x18%\x92\xe3\xbcVb\
\x22)\xe0\xd3\xd0\xa3\xf0\xc5d\x95\x1b\x9f\x14j)C\
\x08\x8b\x1b\xdc\xa6\xe8s\x22\xd0\x13\xa4\x9cC$2\x09\
(\x96g:\xb0\xc4v\x92Lt\xc9m\xd7\xfe\xd7\xec\
\xab;\x98\xd8\x96\xa2yME\xed\x09D\x0e\xc9h\xd0\
\x91q\xc8\xd2\x86\x9f#\x88\x90\xae\xf5q\xe4\xf1\x02\x83\
\xc7\xfah:\x86\xe4\x13Vq!\xac\x09\xd2,9\xd1\
\xde#H:]\x9cw\xaa\xd8\xe4\xabt\xb4\xef:\x88\
\xfb\x09\xda\x17\xe83H\xea\xcb\xaal\x12/\xe0p\x09\
\xaf9@\xdeI\x90\xb79\xfa\xca\x19y\x06M\xdaz\
\xd1\xf8\xb3@\x91\xb23\xc1M\xc4,\x91\x83=\x5cb\
*[&\x99\x944ZXJeHc\xaa\x05\xcf\xc1\
\xdb\xb6A<\x06\xaeza\x81c\x97\xc4\xf0\x9e\x8a\x91\
\x96\xe9\xd0\xc5\xd6\x0b3$G\x1c\x1c}$\xc7\xf4\xeb\
\x13\x0c\x96;\xc0J\x02\xbfb\x01XS\xee\x89\xf4\x04\
\x83\x0c\xd7\x99:\x1b\xf1\xd4\xd7\xa13v\x89x\x7f\x06\
\xf2\xec\x09\xd6B\x0e \xe3\xe5#G\xab\x1a\x9a:.\
\xfb\xe7#\x90\xa1\xd1\xdc\x93N\x10\xf9\x18\xf2\xf7,\x1b\
\xea\x92\x1d\x08\xddT$\xd0\x1c\xa4\xbd.\xd2\xb9\x1c\xce\
\xa6\x19l\xdb\xd2\xc4\xab\xfei\x07\x9f?\xd2G\xf5\x90\
\x0f\x9c\xde\x8b\x1f\x99\xde\x8e}\x97\xbd\x10\xed\x8cx\x96\
#\x1c\x82\xda\x99s\xe8^r\x91\xe8\x1e\xa8\xfb\xb6\xf1\
\x07\x14E \xdd7\x22\xf0!\x93~\xda!`\x17D\
Jh\xc3\xaf\x91,6#'\xc6E89\x8e\x94\x84\
\x22C\x8f\x16a</p\x8alp\xa4\xff\xf0'\x0e\
\xc9\xe5\xdf\xa9\x99\xbf\xde\xe3\xbd{\xb5\x0b\x91\x15\xcf\xe6\
sgP^z\xf1\xba\xc0\xfep\xd4\x902\xcf)\x8a\
\x16i\xaafXHL&t\xcb\x0a\xfee\xc1\x13\x8b\
\x0a\xca\x1e\x22\x1a\xac\xc0\x8d\xa0\x9dV}G\xb7\xcf\xfa\
\x0d6\x0b_\xbf\xdf\x95\xe9*\x89\xd3\xac\xed%\xc2\xe7\
\xc2J\xd4\xc8\xa7\x1d\x0a\xb1Y\xf3\x08\x98i$\xcc\x8f\
\xe4pV\xd5\xd2\x8b\xec\xf5\xc4\xf8\x07\x91\xed\xaf?I\
\x86\x22\x87S\x00\x82}\x98\xbf\xd3\x17\x83\x85\xf2\xb0\xad\
\xed\x07\x1f\xac~%\xc3\x8aq\x0eRM\xde!fL\
\xb9E\x1b1-\x10e\xa6\x0b\xccwh\xc6\xc2\xf7\x16\
\xad8\x9d\xa3\x94\xccD\xb7\x86\xdc%\xa3\x7f\xc0\x9e0\
\xff\x86\x18\x81T\xfe\xb6y\x08\xffT\x84\x8cr\xddb\
.\xc9v,\xb3\x14\xde\x07\xc5\x00\x04\x8c#\xd7\xc0\xc9\
\x90\xf6V\xb0x$G\xa5\xad^\xf2\xc24\x08\x1aX\
\xa1\x84\xb7\xf4\xcf]8\xb5\x1a:\xf3\xcb8\xbc\xb4\x86\
\x1b\x05gH$\xab\x09\xbac(b_\xb2\x1d\x8f\x02\
\x1c\xbc\x9b\x0cdB\x08\xca\xe1\x04\xbc\xdf\x94\x1fOE\
\xe7\x8e\x9d\x14\xb5\xf3&\x99'\x81\xeb\xc7\xaa\xcfG\x93\
\x0d!U1\xa3\xe2}T\xb0U\xff\xaf*x\x0a\xad\
\xba\xd2\x85.\xa2\x89&\xc6\x9b\x19j3T\xae\xe5\xcf\
]_S~\x96#\x9a\xe3\xe0R\x177\xbd\xae\x01\xbf\
\xee\x8b$7\x81Yb(\xcapg-\x5cU\xec\xa6\
\xecJ\xd6\xa4\xf8RS)\xc0<\xedE\x03\xd2\xa80\
C\xed\xc18\xa7\xaa\xeb\x95\x07\x03\xb3-\xe20\xe6\xd9\
\xca<\x08kr\x05\x9a\x05\x13\x93\xd1x\x83\xb9\x98=\
\xe2\xf8\xfc\xb9\xc4\xa4\x0a9t\xd2n\x1f\xde\xf2\x02\x9c\
\x89\x09\x5c~y\x81\x83?\x19\xe1\xf4\xed.\xa2l\x0d\
[\x0f\xde\x8f7n\xdc\x86\x0f\xb6ft\xc3\x07!\x92\
\x95\x15\xf8d%2\xad\x972ud\x95\x19,\xc0N\
\xf9Q\x12\x8f\xf7\xdb\xa5\x06\x865\x8f5+\xc5\xeb\x0f\
D\xc2\xaf]\xaf\x22\xa7-\xbdY\x93D\xf3\xa9\xdf\xe0\
v:O\x94O>\xb9RJ?[y\xd2\xeb%\x00\
_a\xe5X\xba\xb8\x92\x06k\x9d m\xd5K'\x95\
\xa9\x9aab\xcf\xe1\x10z\x8f\xf9c\x0d`a\x8d\xbd\
9\x1e\xa9\xe6\x99R\x80\xc2\xcc\x1a\x0f\xbd\xf1\xd6\x19Y\
:\xfab=\xf6t>]\xa5KtA\x08Jk\xb8\
\x12R\x8fG\x06\x85\xa7\x04\xb5q\xd3\xb5\xc2\x07\xda\xdf\
\xe7\x22$\x1d\x92\xc3&\xd4@\xcb\xd1\x1a\xf7PY\x13\
B\xb4\xd2%\xf5\xae\x0d\xc7t-4\xa1\x18\xb1\x85 \
4\xdaZ\x06\x99\xc6\xa3u\xdb\xa5a23\xbc\x99\xa3\
H\xf1\xbaG\x80}Y=vcCb\xf0c}x\
\xb2\xb1\xadv\xa7yo\xc6RZw\xcbI\xa7\xf8\xa4\
*\xcd\x9aD\xd5\x0ahpv\xbfB\x903\xa0@\x04\
/\x88'\x19\x17;\xb3\x81\xc4|\xa5\x9e\xc6\x92\xf9\x96\
5\xb8eG\xc4\x5c\xc4\xca\x8b\x5c\xf6j\x05\x8b\xc6\xe7\
AS\xc9B\x06LNMmF\x196\x81tQ\x97\
\x12\xcdL\x0a\xaa\xd8\x92\xd2LM\xbcemM\x0a\xbe\
\xa0\xa9\xb5\x00\x9fT\x14F(\x8b^@7\xf9)\x0d\
\xc50xz\xf1\xb4$\xe9\xca\x8c\xf5\xca\x80\x96lB\
\x9e\xb4=\xd1\xb9O\xa8/\xd1O\x10M\xa4\xc8\xfam\
\x14\x14\x8c5\xbe8\x964D\xbd\x86J\x91c\xeeq\
\xce7D\x18\x9f\xcc\xc5\xc7@2O\x9f\x22\xa3\xdc\x08\
\xf6;\x18@\x9b\xa6\x04%\xd7\xdf\xd0dm\xf7H\xd2\
lC\xc0*\xcdZ\x94\xb2Te\xe3\x04\x04f\xc7H\
\xf6\xa1\x02\xb7\xc4\x8a4\x08\x98\x12\x94\xc1R\x16\x06\xb3\
\xc5\x9e\xf1X`\xc0c\x16A,\xcaE\xde\xa1\x9dX\
\x04\xd7\xcdq\xf3m\x01N\xffI\x01\xf7^\x07\x83\xde\
\x0a^q\xf4\x09|\xfe\x86\xdb\xb0 \xf5\xb9#\x18\xa5\
G\x1b\xbc\x1d\xdb5=\xb4*\xc4&3V\xf9:3\
\xee\xcb\x83\x92?\xc5\xb85\x09\xf6\xa3\xdc) \x1e\x00\
\xd3-\xd9k\xec6\xa9P\x01\xe3}\xe1\xb2\xff_\xac\
\xac|\xb9\x1c\xa9\xff\xd7\x03\xc0]\xda\x0aD\xe8\x1e,\
\xd2|\xd1\xbd0\xb7\xd1\x19\xbbTu\xeb\x0d\xca\xaf|\
b\xd3\x97\x9c\x1a\x87;\xbf\xacb\x18\xc2L\xb2\xfcu\
k\xa8i\x865\xe4\x03\x98Ye+\xd0i[\x7f#\
x\xa1\x04\x07#%.\x7f\xb6r]\xd2v\xa7\xb9(\
\xbf\x96\xe5\x86\xb6\xe0\xa8p\x22\xcc4\xd1\xfa#/\x8c\
i\xf4\x00^N7T3\xfaH2\x86|m)\xb2\
V\x01AA\xe3\x89\xa6\x97aTT\xfe\xf4\xcc\x88n\
\xc6\x91\xbe\xb2\xb5b\x1e^\xf3z\xe2\xf2\x5c\x1f\xc1\xf5\
\xc4G\xdf\xcb\xfc\xc6\x8a\xac<'ZHy\xe7bP\
\xf8\xe86R\x14\x13L\xe1|D\x17BT]\xda\x8d\
\xe7\xa8\xe9\xcc\x92\xc9'4\xa8\x90\x0b \x0b\x9e\x0b\x9f\
,\xb9\xbc#\xc4\x18eXs\xc4\x9a\x8b\xa1\x09\xe4d\
D\xda2\x8b\x92[\xc0\x91\xa0\x8e\x9e\xd8o\xeb\xfde\
VA\x9d\xc6\xa5\xa8\x86\xa46\x06\xbf\xcb\x00@\xd1\x88\
\x12\x99d\xd6,w\xb4\xc6\xd5\x0e\x89\x19x\xe2\xff\xa5\
9\xa2\xc68\xc0\x96i\x92\xc2\xcd9\xafO\x8c%C\
\x91\xd7\xe1T}\x04t\x03Zc0I\xe1x\xecV\
\xf0\x99\xe9\x9dU\xe02\x85\xeb\xfa\xa8P\x0e\xae\x97\xe1\
\xe4\xde\x10\xeds\x1dLr\x04\xda\xfa$\x98g\xc2\xf0\
\xb6x\x168{\xba\xc0\xe4\x8c\xea\xf3\x09z/`\x1f\
\xbfHm\xd8\xb8\x99e\xe2\x93\x19\x12[\xa3\xa6\xdeW\
J6\xdf\x8b\xdd\x01\xcd2K\xfe^\xb8p\xd4\xb64\
\x07\x8f\xd0\xb7\xa56T\xbe\x87\x90\x8aXfq(\x8b\
A\x97\x06\xa2j\x00\xebzu8da)\xc5O\xe7\
\x0a\x98\xcd\x05>\xe2\xb6\x07,f\x8866\xb0i\xba\
\x87\x1d\xaf\xcfq\xe2\x01\x17AZ`\xec\xeca\xdc\xb0\
\xeb\x16\xdcS\x9b\x90\xbe=\xc1\xc6`e\x0d\xc1\x96\x8c\
\xbd\xa0\x11n\x02\x9f\xef\xb0g)\xc4:\x02\x88\x14\x03\
\x15\x09p\xa9%\x8d$]V\x88\xbaP:\xd1BI\
\xc5i\x96\xc7\xc2\x89)\xca\xd2\xf3\x1c\xb7\xdf]\xae\x1e\
\xdf\xfb@g\xa4\xfe\x1f\xc9\x00\xb4\x1e@x\xe6L1\
\xd8r\xa0\x98\xbb\xb0\xd1\xbf\xe8b\xb1\x91\xb4\xa0\xc3P\
,\x93\x93K\xad1\xb8\xa4\x06\xf7SU\x0b\x22\xa2m\
\xbc\xefFW\xb8nx\x1d\xa3\xd5\x0d\xa7'\xa6\x88\x81\
\x18\xc5S\xadyt\xb7\x08V(\xdf\xcb\xc5\xa6\xe3\xb1\
\xeaE\xa0\x9e\xf3\xd2\xfa\x93ab\xd5\x86c\x13C\xa5\
Ft\x8c\x94\xf4}\xa1\xf00\x088\x0e:\x17E\xd8\
p\x8b\x87\xc1\x9c\x83\xce}}Tb\x1db1\x9d\xfc\
![t\xb8\xf1\x87C%\xcf=\xf9\x95\x97\xbd\xae\x0e\
f!\x91\xf54b}\x0e\xc9\x10\xf6\x0c\xcd\xc1\xe6\x0d\
\xeb\x0b\xd9f\x22I\xe9`e\x22\xc0\xd8\x0fT\xf1\x82\
\xb7\xf8\x98\xbe\xa8\x81x\xad\x87\xa7?\xdd\xc5\xf9?\x08\
0y\x9e\xcbX\xb5\x01\xed\xf72\xdb\xa2T\x97\xd4\x9c\
\xc6\xbb\x91\xdd\x12.H\x91\xc9\x92N\x82\xd2\x8d\x89\x07\
PZ\xdd\x0a\x8c\xf0\xbe.\x07t\x9ba\xb9\xa18\x99\
n\x9c\x12m?\xc0Z}\x1a\x1b.\x1c\x95\x13\xcf%\
XId\x9f\x81\xd6!'\xc2v\xd9\xf9\x10HA.\
E\xe5\xb6\xb3\x10\xe1\xec#}\xf48\x9f!jK\xc4\
,2x\x1egA\x1a\x98\xb9\xb1\x86\x8d\x97\x06H\xd7\
\xd6\xf4\x9e\x08\xcd\x9a'%1\x91\x14i\xdc\x83\xe76\
\xe1\x049\xce\xeeM\xf0\xf4\xa3\x09\x8a\x93\x8a\x18\xc8\xfd\
n\xcc\x22K\xdb\xc8\xe2\x9e\x0e\x8a-{8\xfal\x82\
\xabo\xa1K\x0f\xbb\x0aV\xb1\x99\xd7\xc5\x12\x80\x9f\x9d\
@\x91\x92\xa4\xec\x89\xa9\x83\xabl\xf9\xaa\xe1\x87>g\
\x1d\x0b\xd7g\xa8\x5c\x0a]\x90<$\xc8\xf70\xa28\
,_\x8c`\xab\x0a@\xd8\x07\xce\xd2\x86\xef\x17\x0b\xb8\
K9e\x97\xce@2\xd6\x9b\xc1\x0d3\xf4W\x09\x98\
z\x08B\x07\xdb\xae\xccq\xa8^\x22\x5c\x06\x92\xee\x1a\
\xae^\x9c\xc3\xe7\x9bSJ\xf6\xa2r\xf2 A\xce\xf6\
\xf8\xf8\xf8:\x160R\x22\x8b\xc4WFZo\xa1s\
9\xa2\x1dk\xa5\xef\xf8\xdc\xe9\xefS\x02\x8d\x9a\x1a\xc1\
\x9a\xf6\xba$\xdb\xae\xef\xb8\x83x_\xe7}\xff\xe9\x88\
nw\xb3\xdfGJ\x00\x0b\x04fx\xd9\x8f?\xe0\xae\
\xac\xbc\x82\xaa;\xf4\x87c{B\xd9\x95Fr\x88,\
\xa5\xd0\x8533\x05\xe7\xc8i\x15\xb4\x1cv\x02L\xb9\
`\x86\x134\x137\x86\x1dR\xb0\x9b\x81\x19\xc31X\
\xa7\xed\xe9\x13w3\x059r\x22\xe1n\x89\x1a[0\
<\xa7\xbc1\xb8tW4\xd3w<\x05\xc9p\xe2\xf3\
\x22\xcbIj:\x9e\xf2\xd4\x8c\xa7\xdf{\x99ci<\
\xc2\xad\xbf2\x86W\xff\xb0\x83\xa5\x85\x02\xcf>\xe2\xe1\
\xf0=.V\x9e\xe8#;\xdb\x03.x\xe0\xccP$\
 \xa1U.\xd7\x9b\xae\xe9\xb7z\x0a\xe8\x22\xe1\xf2\xb7\
b\xa3\xb6\xae\xffz\xd6\x193!sNs1\xc8\xef\
\x95\xb7-\x83?\x1c\x98\x22\xe8S\xa1]Y\x84\xe6\x0b\
\x02\xbc\xf4\x9d!^\xf0br\xdci=\xcdU\x1a\xe2\
\x9ak\x5c|\xf1\xea\x04O\xff20~v\x80X\xe6\
\xed\x0c\xa9\xd5e=\xab\xf3\x09\x1ap\x99\x96\xda\xfa\x9b\
\xd7\xc9\xad\xd3\x19\xb6\x15=#T\x220\xaa\xe3!&\
jnS\x13\xd1)\xd4O\xd0\x83\x8b\x95\xfa\x046\x11\
\x81\xe0\x86!\x22\xed\xf3\xfbhB\xb9\x0a\x04<)u\
R\x92\xa0\x9a\xeb5\xe0\x86>\xe6\xcf\x0ep\xf7\xe72\
\xb4\x0fqHG[j^\xea\x80\x8d\x81\xda\xb6\x18/\
\x9f\xc81\xb3\x93\x01\x9bW@m\x04n~}\xfe\x09\
[hi\x05\xb5\xd9:\x96\xcf$8\xb8?\xc7\xd9/\
'\x98\x89=\xa1\xe0\xa6A\x05\x8f\xee\xba\x06\x97\x9d;\
\x82\xe6\xf9c\x02\x80U\x92\x12\xc7\x1fs\xd0\xfd\xc1>\
*\xa1\x83x\xc0\x0d\xae\xc0]I;\x1e1]\x0dP\
\x98Qc\x0eu\xe9\x063\x14>s\x92\x969\xb5\x95\
\x0c\xc0\xecTMzmt\x97\xc4\x17\x90\xed^\x06\x13\
\xce=rl\x98\xa0 1\x84\xdc\x04\x0e\xd2\xcbS\x14\
\xe9\x8a\x8c\xce\xf0g2\x9b\x90\xb4\x9b\xa7\x1d[\xa2\xcc\
\x14\xc8\xd5\xef\x0e\x10\x8cW15\xe6 \xda\x1a [\
\xe6\xbd\xc81\xddYV?K\xb3\x90\x06\x04\xf8\x96W\
\xf4p5TV{\x88(\xebU\xe7\x02dgU\xb4\
\x9dl\x87\x86\xa4dJ\x12D\xf5\x1a\xfaA\x04\xf4\xd9\
\xdd0Y7\xcfY\xd2\xc5;\xab_\x15\xc4T\x87U\
\x86I\xeb:\x06`\x80@\xc0\xf9J\xda\xe9\xffR\xf5\
\xecY?\xbf\xec\xf2\xd2+bGO\xf9\xf5\xa3P\xc0\
\xb8\xc9q\xf8g\xceA,E\xa4\xbd\xc3t\x84\xf7\xd8\
\x00-\x96\x176\x04SG\x8e\xd7\xe7\x1c\xbb\x8av\x8a\
\xb8\x88o\xbd\x099\x17\x9f\x91\xc7\x22@\x94(\xa5\xd8\
\xac\xc2\x18\x83\x08Y'OE\x18S\x16\xa6Kb\x0e\
\xb9\xfe\xbaA\x83\x99\x04\xbb.Y\x05.\x84\x98\x1a\xab\
\xe0\xe5\xdf_\xc3K_\x19`n\xce\xc3\xe9c\x01\xce\
\x1d\x01\x16\x8f\x10]\x8eQ\xae\xfa\xe8\x89\xf8\x05\xdbU\
\x04L\xe9\xde\xc2\xc5Q\xa0\xac\x8c\xa1\xe0\xc3\xf6H\xc2\
aM\xc2\x22\x9d*\xb1jWN\xec\x8d\x8e8\xd5\x86\
\x8b\x90~\xf2\x91\x07\x87\x1d\x08\xcew\xfb\xb4\xa1N\x04\
\xb1\xadV\x034[>\xbcf\x03c[]\x5czI\
\x0dU\xce~g\x03d\x09\xb1\x0c\x17^\xcb\x81\x9bM\
\xe2\xb5\xaf]@\xfb\xbc\x87\x13\xff\xa2\x82V;\x95N\
\x81p\xdd\x09\xf8\x09RmXkR[\x13\xd9fz\
m\x06\x88d\xd2P\xeb{\x11\xce0\xf7\x83\x81\x8cj\
\xb0\xc3\x14f\xc4\x08\x85\xf7t@B\x93\x04=\x9e\xe2\
\x89\x0e\xa6\x08\x9c\x22\xdco\xc3\x87\xe0\x86\x18\x08\xd0\xc8\
\xba>\xcd\xd6\xd0?Q\xa2\xdc\xabT&m\xb01\x04\
\xe6\x88\x079\x069U\xa22\xe9\x04\x08>`\x5cx\
\x8b|\x80,\xceQ\x9f\x98B\xbf\x9f\xe0\xf4\x11\x17\xfb\
\xbfP 8P\xa2\xe1\xb1\x1d\x09,\x8em\xc4\xc7\xc6\
v\xe2G\xbb=\x5c=\x7fL\xae\xb1\x9e$8\xffD\
\x8e\xd3\x87\x1c\x5c\xf6\x02\x07e\x97@\xa5\xb0\x7ft\xc3\
\xc9\xd0\x11{\xfa$\x03i\x8a\xaf9\xa6\xda|\xe9y\
C\xb2Xs$\x9ds\xcd\x16\x221\xcc\x82{\xd6\x0d\
\x88\x7f\xc7\xd4\xbf\x80\x13\xa8\x1d\x98v\xdcR\xe1kP\
\x0aL\xda\x8e\x92\xd1\x14\x06\x9c%\xd61\x90\xd2\x93 \
\xaf_\xa9S\xf0\x1f+$V-\xe7R\x8aQZ\xad\
\xd6\x8f\x11\x95\x05z\xf2\x5cyf\xf8p\xbb\x038\xe4\
UH5l\xdd\xae\xb5\x04\x90R\x81\x01\x80\xa3\xd2\x11\
\x07\x984\x03\x1a\x1e\xe5\x94\xd0\x9f\x98\xd6\x11\xe1\xa1/\
\x87\xfc\xab\x8bn/\x8f\xcf/\xdc+_w\xd7]\xcf\
\x81\xad\xd6\x03\x80\xc1\x01\xa2Az0\xf6\xbc\xc5\xe2\xcc\
\x99Yz\xda\x09\x19\xc2\x90_x#-\xff\x98\x83\x0d\
\x0c\x02\xce\xd9\x05\xe9aZ\x9b/\xa9\xab\xcd|\xa6\xd6\
]\x16\xf5g\xa06\x93Z\xe2\xd8\xb3\xcec\xe7\x82\x96\
\x89o\xcb\x89\x0eS\x94u\x0e\xc4\x84\xc2\x83'\xa9\x84\
Q\x90Y\x81\xd4c*\xe7\xa9D\x18W\xd1W\xf9Y\
\xac\xf3\x1d\xde\xe4\x12\xab\xe7\x0b\x9c<\xeeb\xe3\x06\x0f\
\xf1|\x8cp\xc2E\x18\x05\xd8\xbc\xa5\x86\xcd[\x9a\xc0\
\xcb\xd8\xd2\x02\x06Y\x86d\x90 \xa6f 5\xed\x1d\
*\x091\x98\xf4eQ\xb1\xa5\xa6\xe4!\xf6\x8ae\x8e\
U\x99xR{\xf1b\xf9\xb5\x0e<\x22\xb3\xe26D\
X\x9cf&\x01\x10\xb0\x06e\xee[\x1b\x0e(I\x9d\
B\x9eAJ|\xa2\x8b\xb4\xb3\x86tm\x80A\x9bv\
Yu\xb4v\xcf\xc0\xcb\x1ax\xcd\x0f9x\xef\x13@\
\xfc\xc1%Q\xd7\x91\x16!\x91l\x09\x83\xfc\xec:\xbe\
\xcca(\xcdR\x95\xe0D\x8e\x01\xd1qaF\x1b\xd0\
e\xc8g\xb7b\x9a\x96ef\xdb\xb4\x1e\x10\x93=i\
d\xcd\xb8\x02E3\x89\xf7\xde\xad\xc1q\x99\xe2\xf3\xc4\
\xe4\xc9\xcaTZ\x85(\x82\xc0\x01\xc5\xa2\xe8\xc2\xab4\
Y\xed\x9e\xb1\x7f\xe1U=\xf8\xa4Ys\x8eB\xe4\xda\
\x98\x052\x93(\x91%)\xc2\xa8)\xfd\xff\x85\xc7W\
p\xf0`\x8a\xb3\x9f\x03\xb61L\xc9\xfa\x09\xb0wz\
'\x8e\x17\x05\x1e\x9d\xda\x8a+N\x8f!\xef\xad\xa2J\
\xb9\xb0\x93}<\xfe\xa5\x08\x97]\xd3BeC\x8e\x22\
f\x1d\xce\xcb\x11\xe8\xcbp\x01\xb4&/sn71\
%W^\x07\x95~\xe49\x18\xbd\xc1\x82\x13\xb1\xbc1\
\xaa\x09U\x10\x17 \xd5\xd6a\x8b\x93k\x8c\xe5\x04\xcb\
\x01\xae?\x0b:\xaaSO\xe9V\x05\x18U\x96,7\
~&>|l\x153c\xd0\xf6o\x84\xbc\xd7\xc5\xe9\
=\xc0C_t08\x93\x8a\xb0\x0aWJ\xec92\
05\xac'\x198\x06\x03\x91\xfa\xcaj5!/\x0d\
\x0fK\xfe;)\xea|\xcf\xc0CFP\xdc\xaaV\x1b\
Y\xfe\x06\xd7\xffx\x0b\xa9\xe8\x1b(\xe0\xee8N\xe1\
x\xbe[\xf6\xd6\x8e\xe1\xb1\x07\x1e\x93\xaf\x7f\xfb\xdbG\
!\xab\xd1.\x80\xd6\x05qra\xce\x19\xdbz2\xe9\
\x0ef\xfd\x0b\xf3e\xbey\xb3S\x0e\xc8z\xb1\xa0\x9b\
\xc1\xd2\xe9\xda;\xbb\x01\xde\xdc\x82\xb6#$\xd6h\xdf\
U\xe6\xb8\x87\xe7\xbd\x95\xc9V\x80p\xb4X\xb0)\x8c\
\x125\xb4^\xd5\xc1\x045%\xe5\x8d\x97\xf5\xca\xfa\xd2\
\xa0\xf3\x5c\x9cB\x90!uH\x22%?\x02k&\x92\
\x92\xb4o\xce\xf3&Z\x05\xf6<\xe8\xe1\xfa[\xab\x88\
O\x9d\xc3`\xd9AX\x8f\x11M\xf8pI+\x15F\
^\x8a\xba\xef\xa2N\x81\xfa1\x19\x067[\x85\x11\x9d\
\xf527\x19o0\x17\xbd\xf8\xa3\x19U\x1f+\xd3i\
\x1f\x02\x81(C}&\xb7\xaa\xdc\xa0_+@\x9a.\
F\x8e\xc9\xf0dP\xadE\x8aI\xd2,\xa2\xab:\xf2\
~\x15\x95\xf1\x04i\x7f\x09\xdd#+\xa8\xef\xd8\x8eV\
\xad\x82[\xfe\xd6\x1a\xbe\xfc% :\x0f\xa8%\x1fY\
\x82\xa6&g{\xad\xa0b\x10\xd6\x19\x8a\x05\xdb_:\
\x8dX\x90\xb3`l\x9c-6\x11\x08\x7f\xdc\xb42\x0d\
\xa8\xabb\x92\xaa\xecD\xca\x94T\x9fr\xc2\xeb@\x94\
\x94\x142leg x\x90+A\x86\x08;;\xc1\
\xa2\xf7gn\x05?\xb2$\x85\x139Z\xb3\xf6\xd4U\
f\xa5\x82\x89\xa9\xdc\xe6`\xa6\x86\xa5\x03\x19N\x9ew\
q\xf0S\xc0x\xb7\xc08c\x0fU\xce\xc66\xe3\xde\
\xb1Y\xb9\xf6G\xebcx\xf9\xcc%\xd8|\xfcq\xb9\
\xe6\x89<\xc1\xa3\x1fL09^\xe2\xe6[4\xb3\x91\
\x91\xe0\xb8\x83,\xa5}w\x88\x8c\xdd*f\xe2\x996\
W\xc9\x12,s\xceO\xc8q\x08\xa1Ee\xfc\xf4d\
^z2\xf9\xc7\x93\x93%\x13\xa3\x09\xc7o\x8b\xa0\xab\
\xe4\xae\xa2/|\x06\xde'\x01\x7f\x99\xddI\xf0`n\
m)\xe6,\xd3x\x19\x14\xb0\x19 \xac\x13\x9b\x8aD\
\x8csq9\xc0\x03O\x96\xd8\xfb\xd1L\x02\x1c\x9bs\
\xb52\xc3\xf9z$3\x13\x8a3\xe9s\x91\xbdC\xea\
<Koi\xbd\x9b\xcdb\x98\xa5Bb\xe3\xb0\x9d\x98\
\xc6\xaa#\x10\xb3\x02fYy5D\xc2\x838\x91q\
,\x93\xfe3`0\xb3\xe8?\x98?\xf4\xc99m-\
\x0c5\xeb\xbf>\x00\x0cq\x80.n\xfd\x89G\x0bx\
/\xc8O\x9c,\xcbM\x9b,\xce\xa0<e\xe3\xcc+\
)\x7f\xb5\xa2\xf3\x01\xf3+\x86\x13\xb0\x8e\xa0\xd9\x0dn\
#\x81\x15s\xb4\xb2\xf9\x86\xa14\x9c\xbdRO@\x03\
{\x08\xc1\xc1Z}U%2\x83\x82\x19\x02$\xda\x00\
cz\xa5\xc3\xa9\x0f>\x04\xdd\x98|\x5c\xb5j\x89C\
_\x8bq\xf0\xadu\x5c\xb3\xc5\xc7Z;\xd3I\xc3s\
\xd4\x83\xeb\xc0\x8b\xd8/g\x94T\xaa\xb2\xfcp\x92F\
\xd8\x06\x92z\xdf\x0e\x1d\xa9\xd9\x85\xe3\xf1\x86\x07C\xd2\
\x89\x089\x0aX)\xd2\x14F\x17\x80\x1b\x91@\xd0\x8a\
\xd1$0z\x84\x05\xb5\xd9\xd3u\x1a\xb2\x9c\xa0<\xb6\
r\xb5'\xa0\x1d\x1a\xd3\xe4z\x8e\xa4\x93\xa1w\xbe\x83\
\xc6t\x80\xcbw;x\xe2\xb5\x13H?pA;\x09\
\xd4\xa2/*\xca\x18\x93kc\xcajZ\x80\x92\x86r\
\xd3\xb2\x1e\xd6iD\xfej{\xad\xb6\xb3\xac\xa4\x91u\
\xc6\x82M\xcf\xc4\xe0E\xe4\xaa\xad\x99\x08\xf5\x1bXC\
'\xd4EW\xd4^\xee\x8f\x12|xOJ\x9e\xf0\xc2\
E_\x8f\xf3V\x95\xdb\xd9\xe0\xa39NM\x03\x22\x9e\
*\xbcR\x14\x1dd\x83\x12a\xab\x85\xfeJ\x8c\x85\xf3\
\x19\x1e\xfb|\x89\xfc\x89\x0c\x13!\x09T\x84\xe2\x5c<\
3{\x11\x9e\x0a(\x85\x0d,\xe4\xc0\xc77^\x82\x9f\
Z<\x0a\xa7\xbd\x82&K\x81\xb3>>\xfa\x9b)\x1e\
\xbb\xba\xc08\x037\x832\xd9\xd5\xcc\x01\xf2>G\xf9\
\xf5\xc4\xf6\xc8_04\x12\xa6\xf8L\xb3)\xab\xc5\xf6\
\xa4\xac)(~\x9f\x93\xcd8@\x18z\xf0\xf9\xd9\x18\
@(\xc5\xe5\xb5Qe)$\x1b\x89mP\xd1\x97\x97\
@\xef\xfa}\xed\x10P\x22.\xc8\x10\x06\x15x\x14/\
\x0dz\xa27@\xef=\xb7\x1c\xe0\xe4\xa9\x0c\xc7\xef)\
1\xd1\x01j\xd40`\xf7\xa0\xd9\xc2\x13\x13[F\xf8\
0\x9a\x09\xb3m\xed\xc6\xca\xff0S<\xba\xa7h=\
\x1e\xa7\x12`h\xf4a[\x85\xfa\xf4\x1cD\x04\xe67\
M\x8b\x96\x02\xf7\x8d\xe8U\xc8\xb4.\x1c\xa7?\x80\xbb\
\xbc\xfc\xd9\xfc\xeb\xda\x7f\x7fV\x00\x18\xe2\x00e\x9a}\
\x19a\xf8\x0f\x8a\x85E\xd7[\x5c,\xf3\xb1\x96\xc3(\
\xa3\x94\x80uY\x22.\xe0|fZZ\x82\x16Q\xb6\
\xb5\xa5\xa0\xa6\xc3V\x8e\x12wt^_\x98\xf4\xc6R\
{\xd887\xe3\xb8\xebYC\x99\xfa2\xc3-\xce'\
\xc2\xf5\xe6{0=3\x8b\xdaZ\x8f\x91\xaa\xc9\x85^\
(\xe1H\xe8\xd1\xa0\xa6>\xd08\x98\xe1\xa1\xcf\xac\xe0\
\x9a\x9fw\xe0\xac\x14\xe0P\xb6\x08o\x92<\x94Q\xcf\
\xdf\xfc,\xa9\x9b\xac\x03\xb2\x11\xf9\x90\x96\x16\x03\x04\xd3\
Ev\x1fX{\xb3\xd6&\xa8\xc5\x05D\x891;\xa1\
\xc6\x12(\x15\x11Q\xa1\x86\xfa])\x15H\xcb\x95\xd5\
\xc7\xa1!\x99\xd9'3\x8e\x1bDu\x11xzQ\xec\
\x83e\x81v3\x02\x04\xd5\x0c\xd9\xea<\xd2\xb1\xad\xa8\
W\xeb\xb8\xe4\x95Kx\xea3\x01\xc6V\xa8(\xc3\xc5\
\xc1\xe7@\xab*\xeeb~J\x0eGq\xc33\xd8\xf0\
zU\xc6L-\xaa\x18\xb0\x14\x17\xd1\xece$\xf8[\
?F\xd1\xe73\xa6\x12\x86|\x22\xde\x89\xa6\xa7.\x9f\
\x9d559\xf6\xb2b\xe9u\xc7\x1d\xc6\x8e\x10\x89G\
\xe2C=\x14\xea\x94G\x1c\x02\x8dmU\x8c\x8f\xa9\xfc\
\x99\x86k\xba6%\xf0XR\x85\x11\x16\xf6w\xf0\xd8\
\x93\xc0\xca\xa7\x13\xcc$@\xcb\xa5j1\xe0\x8cm\xc2\
\xa7Z[u\x85\xb0\xc5\xe6\x94x\xb8\xd6\xc2\xd6\x8b^\
\x8a7\xef\xfd\x22\xfaY\x1f\x9bY\x9a,\x978w/\
p~d\xd4WNi\x99}7\xc0\xab\xc1\xa1\x0c\x83\
\xc4dmvJP\x8d2\xf4s\xf2\xb3\xf1\xef\x94\xd3\
\xa2\xdfg\x99\x1e\x5cM\xfcUG\xbe\xf5g)\xcd{\
\xfd\xab\xf8\xbd4R\xa5\xd3\x95m\xb1\xc6\xf0\x8dF\x1f\
\xf5\x04\x99\x0c\xf1\xe9Q%\xe2\xf4\xecex\x9c\xbc\x0b\
\xe9\xc6\x8c\x94\xc2\x9e/e\x81(\xfdpB\xd48M\
\x89H_\x9a\x22'f$\xba\x80\x8a\xef\x98!\x1f\xe5\
\xcf\x8c\x8f\xc1c `6'8\x04\x7f\xf1]t\xba\
'\xfc\xbd\x8f}e\x94\xfe\xfb\xe7\x07\x80\xbb\xee2\xf7\
d\xf9\xab\xc0\xec\xc1\xd2\xf1/\x0bO\x9f.\x06\x13\xd7\
8\x12\x9b\x89\x1c\xdb\x9a^\xe4aR\xa0\xd5\x80;\xd5\
By\x81Y@\xf8\xdc)&3\xdd$\x11X\xf8\xb3\
\xdcl\x86TdN#\x1dhT*\xe3\xa8\xe6>\xd1\
V\xf6\xb7Y?\xea\x22d[\x8b@\x8f2\xd2T5\
GE5t\xd0\x83\xe9\x187\xa1e\x19\x07\x98L\x0b\
\x9cy\xa0\xc0\xf2\xcf\xb8\x18oxX]SM\x00e\
\xcbq\xb1\x88\x19\x8aqz\xe1\x04 \xbf_\xd3\xc0!\
\x19\xc3\x12\x95F4\x04e\x02\x8f>u\x0cJ\x82\x94\
\xad\xeb\xae3S\xe0\x0e\x10\x03I\x01\xbd\x08\xa01K\
 \x96\xc2\xad@^\x83I\x8b\x5cb\x1c\x86aV\xb2\
\xa4!QFG\x96\xd3\xd5\x18\xe1X\x05\x17\xed*\xf1\
\xe4\xa5\x0e\x8aG\x94\x8b\xa1N\xc8L\x1d-\xc5\x9a\x81\
\x95\xd9\x85b\x15V\x1e*'\x0d\xd9\xb0\x0au\x81i\
k\xd5\xf8\x84=\x97\x93`F\x97E\x9cB\xe6\x09T\
\x0dI\x9c\x03\xf89tt\xd3LaZ\x03#&\xb3\
\x05\xb2\xccC\xc8l\xc3d\x96\xfc\xc4\x83\x9a\x8f\x89m\
\x05\xaa\xd5\x9aj\x0b\x96=\xe4R\x83\xd7\x11\xcd\xd4q\
\xe1H\x1fO?\x1b\xe2\xf0\x1f\xacal\x90b\x9c\xc2\
\x9c\x05P\x89*\xf8\xfc\xce+\xf0,\xc7\xcd\xb9\xd6d\
\x1c\x9aA\xb2\xc4\xa7\xc7g1y\xc9\x0b\xf0\xd2\xc3\xf7\
c\x90g\x98\xa5b/\xc7(\x04\xb90\xc32\x06\xf3\
PJ\x89\x99\xac3%\x8f=\x8c\x8c\x8a\xdb\x08\x15\xac\
\x1c\xe2e\xa3\xfc\x0d\x8bQIB4r\xa7\xe4\xdc3\
\xf1\x91\x8f\xd1hs\x98@c\x90{#f\xe2\x18]\
\x04\x1as\xc6\x94\x22d\xee\xb0\xe1\x12\xfc\xd1\xcc.\xb4\
3Z\x88Y\x81\x0f\xfd?\x06/'Sf\xabn\x0f\
k;\xc7\x16`*\x9e\x1b\xfa\xf8\xb4\x13${\x87\x81\
\xa1Y\x13f`\xce\xf2\x81\x9f]fS\x98\xadD(\
\xfb\x9d\xfb\xfa\x9f}\xdfi\xb3\x98\x8b\xffu\x00\xb0\xb7\
\xe9\x11\xe7<n\xfd\xa9\x87P\xa9^\x16\x9f\x9f\x87\xb7\
\xbd\x8d\xb2VQ\x09,\xfbU\xd2seMX\xa0\xd8\
\xbc\x11\xde\xc2\xb2\x0e\x1fX\xba\xa5E\xfe,\xd8\xcf\x90\
$\xae\xae\x1a\xb5H6Y\xa7\xdb\x1a\xf4\x9f\xb0\xbam\
\xad\x11\xed\xf4\x98~\xeb\xc2\x14\xca\x9c\xfc\xb3\xe5\x87\x99\
Qe\xc9.\xb8!\xad\xd2\x90\x86\x14\x1a\x934\x8a\x12\
g\xf6\x978\xf9d\x033/\xa3\xa4R\x1fY\xdaU\
\xc1\x0a+Vl\xe8\xb7\xda\x06\xd2\xc0\xa2\xb3\x02*$\
*7\x9b57=\xef\x85\x80d\x01dM\xff\x05\x10\
\x12.\xb8\xf0\xfa\x94\x9b/\xd7F\xf0\xc8\xa2\xcf\x04\x0d\
\xb5\xfb\xa2\x81\x8b?\x87u\xa9\x8ekr\x93q\xe3\xb3\
}%\x10\x91\xe8\x84vQ8\x11\xa6\xa6B\xb4.\xed\
`\xf0P.\xd0\x1f<\xb6\xa4\x14\xaf \xfa\xaf\xd7\x1c\
+SO\xf8\xee<\xcd\x1a(RR~y\xa2\x19 \
\xd6-\x85'n@\x95\xf5\xae\x8c\x01e\xe5\x89q\xa1\
\x89,w\x06W\xf8\x05\x8c\xdcLu\x19\x18\x18\xc8\x18\
\x88K\xf39+\xc8\xf2\x81(\xbb\xd7G\xb279-\
k\x05f\xb6\xb8p\xa3\x1ci\x9f\x83\x5c\x94G\xf3P\
\x99\x04\xda\x172\x1c9\xe8\xe3\xd9\xf7\xb5Q=\x97`\
\x8c\x00\xaa\xc0t>\xe66^\x83\xbb\x9a[\xf5]X\
\x1b\xf9\xec:0Y\x090ps\xbc\x9f\x8eG\x85\x83\
\x97\x9f\xda\x83`\xb0*\x8a<\xfc\xce\xf5\x0c\xc0\xb6\xcd\
\xd6\xdb\xb3\x96\x0c:\x0c\x02\xcf\x99\xf7/\xe5W\x06\x05\
\x9b\x17K^i\x9bS\xe6\xf7\xa3\xb1\xd2\xc4\xd7\xa1H\
\xc8h+x]}P_\xba\x8f\xb9\xb1]L\x07u\
\xcc\xcd^\x8e\xdf\xdd~\x05\x0e\x88\xea\x8f\xce\x8e\x0c\xa9\
\xbf\xa6L\xa6\xfa\x8f\xf5\xb3\x1c^0\xd9\xb6\xdcS\x11\
\xe7=\x0c=\xd8\xd0\xea]\xca\x98Mn\xc6\xc0\xeaY\
J2K}\x01\xea\x81\xf7J\xcc\x9d\xff\xf40\xca\xaf\
\xb7\xe1\xfe\xdc\x00\x00\xbc\xed\xed.\xee\xe2hS\xfcE\
\x04\xc1\x8f\x17Y\xe18\xa7O\x034\xf4\x8c\xfb\xeb\xb6\
L\xd2.\xa2^~&\xc2\x06\xde\xec4pn\x91a\
|\xe4n\x9b1asG\xd4~\xcfF\xdd\x11\x96\x8d\
!\xf2(\x9f\xdd\xa4\xa7\x9c_\xe0\xa9o\xc06en\
\xf1\x1b\xa2\x11\xfe\xb6\x19\x86\x11PL71\xffM\x86\
xrG\xcc'k+\x05\x1e\xfex\x8e\xebo\x08P\
\x1b\x8f\xd1_\xa6[*e\x93H\xd8`F\xc0\x93_\
\x11u\x096\xac\x9fM\xc9\xa2\xec7\x0f\x1e#\xa9%\
\xf6\x0a\xed\x92C/\xd6\xbdW\xd4\xed\xb4g,\x0d\x8b\
x\xa8\x02$'\xb0!\x92(\xae\xa0\xa0\xa2\xd2QM\
\x07\x97\xe9\xb3 \xcff\xc0\xc9%\xe3\x8b\xe5\x0f\xe3D\
\x86J\xb5\x83J\x8d2\x09\xa10\xbd\x98uh_[\
\xa7\x15\xf5\x1a\x9b\x06\x88$\xbe\xa1\xc87\xdf`\x94}\
\xa9\xc7\x95\xe9'\x0f\x81\x99\xf5]B\xe5r\xc5\x10,\
\x8d\xdb\x8c1\x9bQhN\x03j}o\x031i\xb0\
\x94@gf`\xde\xcbXdE;\x1dl\xdci\xe8\
\xb1Y_\xd6x\xa5VG\x96%\x98?\xdc\xc1\xc3\x9f\
\x1fC\xf2T\x82)z\xc8\x94%:%0\xde\x9a\xc5\
o\xcd\x5c,\xcePBq\xa6\x86\xa4\xb0\x16\xad6\x9e\
\x8fnY\xe0}\xb3;q\xb09\x85\xeb\xbbs\x98\xea\
u\xd1J\xba\x08\x04uTP\x8c\xa7\xadP\xad\x9dB\
\xe4\xb1\xa9\x9f\x90q`\x89\xe5\x8a9x\xe81\xe0\xf1\
\x11\x94\xeb\xfe\x8f,\xec\xd8q\x12E\x1e\xc1z\xb8\x96\
ToP27\xc3\x14S\xf3\x0d\xe6\xd7*\xb3\xe5I\
\x09\x97\xcb\xe1'\x01\xc1!\x90\xca\x8e\x08\xfd\x1e<\xac\
U#\x9cim\xc4\xde\xc6,\x1elL\xcbg\x90\xb2\
\x96\xe27f\xfdk\xd6\xa1\x0d[*GY\xae\xccp\
\xbb&:\x9a\xcc.\x97\x96\xd6\xe6\xb9R\xfe+\x0a\x90\
6\x1b\xaae \xc1\xc9\x00k\x8e\xef\xba\xed\xb5c\x95\
\x87\xee\xfb\xb2\x168\x7fz\xf3\xff\xd9\x01\xc0\x96\x01k\
\xcbw#\x88\xf6\x95AxE~\xfe|\xe1\xee\xd8\xe1\
\x92\x82H:\xa2L\xfe\x99\xde\xbd\x5c}\x96\x22\x93,\
`I\x98JC\x8a\x9d\x1c\xfc\xeb\x9cN!\x9e\xa8Z\
\xa7\xb6)d\x0f\x19\xa7Uv\x01<\x8d\xe6\x1c\x06\xc9\
\xc5w\x8f\x97\x12\xc1\xa7\x1c\x98\xacPM]\xf5q\xe9\
\x8c\xbfS\xe8\x5c7\x11]j\xa4\x95\x04iR\xbd6\
j\xb3\xd1w}\xdf}\x19\x1e\xf8\xc8\x00/\xfc\xa1:\
\x9a\xd1$\xfa+\xe7\xf5\x1a|\xae\xb1\x02\xaeOGU\
\x0e\xb9\x042{\xaf%\x0b7\x13\x07D\x9aJ\x81M\
b\xa4]\xd6\xe1}\xe9\xf1\xbar=\x04\xe5l\x06A\
\xe2\xb1\x8fh\x92\xee\xbc=\x94yU\xdcb\xb5gO\
\xe1\x0e\xfe\x9e\x08\xadZh\x8b\xf8\x07\x03\x87H\x94\xab\
20\xc1@9u\xf3P\xb4\xf3Xf\xcc\x1f\xf3\xd0\
^\xd4\xf1$J\xa5Y \x8e\xbd\xf9\x92\xedF)3\
\x14\x88\xd4\xdb\xce~\xb4\xb6(\xa5\x84\x92\x0e\x84\xdd\xeb\
#\xc0\xe9\xb0\xfdd\x22\x84\xf0\xf9\xabp\x8a\x9e\x94I\
\xfc7\xde\x1b\xa4F-i\xa8b\xac\xe4\x1bId\x04\
\x90$\xf1\x887\x8c\xb4a\x17yPA\xfd\x9a\x02\x13\
\x93d\xc8E\xc8\xd3\x02\x1e\x17nX\xc7\xc2\xd3.\xf6\
\xecI\xb1\xf8\xe9eq\x10\x9a.!\x96\x5cc\xc1\x04\
>z\xf1ux8\xaa\xab\xad\x157?\xcbI\xdb\xab\
\xe7\x1c|\xc6qYm#?\xd4\x1c\xc7C\xadiD\
\x94'g\xd0\x92V\xe6(\xad\x9b\x0a\xbf\xaa\x14$\x1f\
\x5c\xbc3\xd4F\x8dy\x0c\xdb\xb6\xa2-\x03\xbdgv\
\xde\x80\x19\x1a[t2\xc65\xa2VegKTY\
\xca\xf0\xef%h\x10w\xd2\x89<)%\xd9\x96\xa5(\
\xae\xc8\xa1\x15\x88=\x17\xab\x9e\x8f5\xe9\x8ci\xe7L\
2d\x02\xbe~\xb0N\x94\xb3O\x88`\x9f\x0a\x02\xae\
;\x1c\x09>\x93\xcb\xcc\x86\x96\x90f2\x90;\x87\x1c\
\x8b\xd9\x09\xbd\x1e\xe9\x0a\x98\xa9[\xc9\xe6\xd8V\xec\xfd\
I\xef\xb1\xbb\xcf\xfdY\xe8\xff\x9f\x1f\x00\xe4x\x96o\
8\xef\xbc\xe4'\xbePz\xe1\x15\xe8u\xe0\x9e:\x89\
\xe2\xf2\xcbd#\xd8\xc6\x92E\xe0Ys\xb0#@\xcf\
{\x9c>\x87|\xa8\x00\xbc^\xdf\x0cO\x1c\xcb\x8f\x1f\
\xa9\xdd\x86\xbf(F\xa3\xfc9Qp\xb1'\x18\x81&\
\xd6\xe7L\x82\x99\xea\x98\x14\xddp\xbau\x0a\x89\xb1\x85\
d\x1ev\x0ai\xae\xe1\xa0\x9d\x15\x98h9\x98\x5c-\
\xf1\xa9\x0f\xc6\x88j\x1e\xaexE\x86\x0ay\xf72E\
\x98\xc9\x5c~\xbc\xe6\xa2\x8838I\x8e\xa4\xdfA2\
\xe0\x8aI\xa5\xa7\x95aIL3\x9b\xbb&\xd1j\xe5\
(V\x15\xc2\x14&\x9d\xb0\xc0\x14\xe3 S,\x18o\
b\xe1h\x1f\x83\xe39\xdclI\x02\x82~z\xaa\x0c\
\x9b\xef1\x0b\x8a\xda\x04\x14\xed U lx\xf0'\
h\xe6\xe8\x0bH\xe9\xb8=\xa4\xf1\x04\xe6\xee/\xf1\xec\
^\x1fK\x8f\xf61\xe53\xa8QX\x84\x9bM\xa7\x0f\
5\xbd7\x83+\x92i\xd8\xe4S\xd4\x0f\x8c\xa0\x899\
a\xe8\xf6c\x15re_\xd9@`A(\xc6\x0e\xc5\
\x00T\x96\x8c(\xbf\xa9\x9fe\xd3+ \xa7rk\x0c\
\x0a\x94,\xe3\x89\xaaRT\x92\xd0q\x82\xb3\x16c\xe3\
Uc\x88\x9a1\x92\xde\xaa\xf4\xb3+\x13\x15,\x9f\x19\
\xe0\xf8\x92\x87g?\xd1C\xbd\x9db\x92#\xc9\xd4\xce\
\xf7B<\xb8\xeb\x1a|plV\xc5R\x09\xfcq\xf3\
\x9b\xd3_\x16\x00\xcb\xbf\x9a\x872\xa5\xd6B\x02\x87\xcf\
&\xcb\xa4\xa5\x16\xdb\xe4]\xba0\xf6\xc3\x8e\x1c\xad\x9c\
\xb02A`\xd8\xaa0\xd3\xad\x7f\xfae2P\xc9h\
\xcc\xa6\xb5\xb8\x89M\xa0e\xd8\xc2h\xfa\xdb\x05-Y\
\x11\xbf\x97\x99\xc3\xba\x83\x91\xfc;\xaf\x95~\x87|;\
bX\xfcz\xf9\x8c\xbc\xbf\x16S\xb7\x8a\xc56\xe8\xa8\
\xca\xaf\x10o\xed\xac\xbf\x94\xd6\xca\xa0\xd5\xd1{\x1a\xb0\
8H&&\x04\x07\xb0\xdbH\x93\x09\xc7E\xb7\x13\xbb\
gO\x7fD\xbe\xfb\x8e?;\xfd\xff\xf3\x02\x00p\xc7\
\x1d\xf2\x0dn6\xf8d\xeez\x7f\xb7\x0c\xfc\x08g\xce\
\x94\xee\xd6\xad\x0e\xcdB)c,\xa5\x80Z\x08)\x00\
\xc4\xb1\xce\xd9\x19x\x17\x96\x04\x1d\x16\x01\x90\xe1\x5c\xf3\
\x881\x88a6\xc9F\x18U\x1f\x96\xfcM1u\x0a\
ex2\x9e\xca\x05G\xe0C\x11\xee\x22#\xcbK%\
\xb5d\xe3K\x1b\xaeg\x9c~\xe9\xc2\xa27\xd1\xf7\xea\
ho\xd8\x81\xea\xfcA\xacuSl\xf7r<\xf9D\
\x8e\xbb\xfe[\x8e\x1b\x8f\x01;.\x22\x1b\x8c'\xa5\x82\
.\x9cj\x1b\xb4\x0b\xf4\x13\xa6r!\x96VSa;\
2\xc9 '>+\x1c\xec~I\x86\x17\xbf\xb5\x0a\xd7\
w\x90gk*\xd1mt\xfe\xf9\xbc\xfc\xa8D\xaf\x9b\
\xe1\x99{#\x9c:H\x97d\x8a\xa5\xa6r2)\xd9\
L\xdd\x85Y\xe0\xb3t\xafz\x19\xc6\xea\xae\x90iR\
\xf6\xaf\x0b\x1f\xcd:5\x0fT\x13\xae\xea\xad\xe2|\xdc\
\xc2\xa3\x1fN\xd0:\xc9\x9a\x8ea\x91Y\x81\x0a\xb5h\
\xc2il %\x80ZDJu\x05\xc9\xa4\xf4\x99\x9e\
[\xcc\xdb\xa1\xdb\xb2\xb5=\xb7\xa7\x98I\x19\x1dS\x02\
\xc9\x9c<\xabj\xa6\x9b\xcc\xaet\x0c[\x1f\x22\xc90\
\xfa\x00\xed|\xa3\x8c7K\xf2\xa2\x03X\x92\x1a_\xe2\
b\xf3\xd5\x1cosD\xd8\xd5\x0f\xab\x88\xfb>\xe6\xe7\
\x1d<\xfe\xf9\x0e\x8ag\xfahH\x07N\xcf\x99\xa3\x1b\
/\xc3\xff\x98\xda\x89T\xf8\x16\xa5\xda_\x898\xc6\xe8\
\xb0\x96Y$\xfc{n\x22>\x1b\x9e\xa6\x82Y\xa8_\
\xc00\xb0\x8d\xae\xf4a\x8b\xd8\x04<\xf9z\x0d\x0a\xf2\
)J\xbb\xe9\xcc\xc0\xdb\x08P _+\xda\x15\x86;\
1\x9c\xf2\xd2\x09;)\x7f\x991\x10\xdc+\x80Mi\
\x8c]\xfdU\x5c\xb2\xb6\x88\xf1.]\xb4<\xcc\xb5\xc6\
q\xa41\x83\xc7*c\xe80\x96\x90_@\xef\x83\x88\
\xf4c.\xdf\x11\x14a\x1d^\x1b\xca|+\xe9NG\
\xb7G\xf55$\xa1NR\xe4\x13M\x0d\x94\x09\x07\xa1\
4\x95\xa1\xf9\x87\x1bE\x0e\xda\x9d\xa7\xc7\x1f\xf8\xf0#\
\x8b|\xbf;\xff\xec\xd3\xff\xcf\x0f\x00fX ?{\
\xe2^g\xe7\x15\x0f\x97Axk:\xe8f\xc1\xb1c\
>\xae\xbc\xca!\x01\xc2\x1c+\xeb\xbbW\xf4\xcb\x03\x14\
\xdb\xb6\xc0;x\x14\xb9G,\xc0\xcc\xfc[\xf0\xd1\xa2\
3R\xef\x98\x96\xa1\x85ME\x92\xca>pi\x8e\xab\
\x1f\x1c\x9b'\x02\xc2\x91\x00\xc4!\x17>\x18\xa6\xde\xda\
\x12\xa4\x1f{\x91\xad)JM\xc3\x10\x1a\x8c\xe6\x09\x1e\
j\xcd`\x1b\x0al:\xb7\x17\xfd\xbc\xc0n\x948\xbc\
\xa7\xc0WNxhM2\x05\xcb\x84\xc5\xc9\x05\x15\xf6\
<\x94\xdd\x12\x9dn!d\x12?)P\xf4\xe5\xf8\x90\
\xd47\xf5KTvw\xf1\xc2\x98\x92P9rr5\
\xb9\xe4E\xac\x93\x81\x89\x91\xb9\x82b\xd0\xc0|\xfb\x02\
\x1ez/A\x1b\x85\x9e\x88dsS\xc9R\xf2\xc9t\
\xe3\xa2q\x85PHB\x17\x09>\xf4\x13\x0c\xdc\x1c\xd5\
\x16\xed\x9c\x5c\xd4\xc7\x03\xd4\x9b\x05\x16\x9eY\x84\x7f\xbc\
\x14\xb3\x09~\xeeRZ\x9eL\xfex\x7f(\xc0\xa1\xd6\
\xe4\x82\x9d\x98.\x85,t#qng\x16l\xd7E\
\x84rl\x90\xb0\x18\xad\xc5g\xc4(\xd56\xcc\xc8V\
\xf4\x91\xa7\xa1\x04U\x1a\x84\x0a\x0b\xd0cf'\x9e\xe6\
j\xe7\xc5\xe98\x95K\x94\xc5G\xec\x22\xb8x\x12\x9b\
\xb6\xbb(9RL?\xc2\xc8\xc1\xea\xe9\x02\x07\x9e\x01\
.|\x92N\xc6@S\x96D\x8e\xa5\x0d\x17\xe3=\xdb\
\xae\xc6\x12\xd9\x97\xbc4npv\x00\x88u\x0c\x09d\
&\x10\x98\xb1t9H,\x98i6\xf5\xba\xf0\x8c\xed\
r\x0c\xb7\xd2z\xebs\xf4\xc0\xb7-P\xbe\x86\x07\x90\
\xa5\x06\x8f\xbc\x97\xc5HFK%\xd3\xba\xa6M\x1e\x85\
\xdb\xaf_]\xc0\xadg\xf6\xe2\xe2\xc5\xe3\xf0WV\x91\
\x10(e\xcb\x1c\xc0v\x17xqs\x02\xaf\x9e\xbd\x16\
\x9f\xde~\x15\x1e\x8e\xa8\xef\xc8\x93U\xc1?U\xb1\xb6\
\xa3\xd9\xfa\x7f\xda\xbd0\xe4)\xfb\xb2&)\xa6U-\
\x03[\xbc\x17S\x93f \xc8\x10\xef\xb87H\xb9\xe4\
\xd2\x5c]\xfb\xf0\xe2\x81\x03m\xdc^\xba\xb8\xf3O\xa3\
\xff\xff\xeb\x00\xb0N\x0a\xea\x97\xdb.\xfd0\xbc\xe0V\
x\x81\x97\x9f;\x8f`\xebV\x94c\x0dd\xd6\x1e\xcc\
\xb6\x04\xf9MY\x82rj\x1c\xc1\xd4\x18\x9c\xc55d\
\x04\x04\xed\x82\xd3O\xf2\xdcLD\x1e\xdc\xba\xb4\x86i\
\xd3\x0a\xb2\xcbV\x98t\x1aDA\x984M\xe3\xd2k\
l\xa3\x87\xa3\xc9r#\xb90X{33\xa1\xefZ\
\x8e\xb54\xc6\x87\xb7]\x8d\x7f\xd4^F\xde9\x07\xcf\
\xf5p\x09J,-gX^\xce\xa4\xeb\xaeW\x94 \
\x06m\xb1\x95AHY/\xf5\xc0\x03B\xd2;\xf9\x15\
\xbe\x87 #\xff\x9a$#\x95\x1bQAOf&\xbe\
\x11\xca\xa8\xc0+\xdbR\xd4\xce\xb8.\xaa\x06\x8c\x92\xb4\
\xdf\xc8\x91\xb3Vd})\xc6`\x9c{\xa7,\x98B\
\x9a\xf2\xff\x83y\x09\x19X\xa6O\x82\x8a\xa1a\xd2\x80\
P\x02A\xca\xc6U\x9d\x04\xa7l\xa1,;:\x12*\
\xf5\xa3.\x1au\xb8\x19\x88\x90\x07\x19}\xc6\x19\xdel\
\x1e\x1e\xbd&\xef\xb4\xab\xce\x22\xf8&U6b\xc9(\
8\x88e\xfc\x11d;z\x0dUV\x96;G\x97$\
\x82U\xfcY\xbc[\x14\xda,\x90E\x1e\xa6\xae\xec\xa1\
Qo\x22]c\xd6\x91#\x8b\x1d\xcc/\x848\xf8\x89\
\x04\xc1J\x1f-i\x9f\x96\xe8N\xcc\xe0}\x17\xdf\x88\
\x93\x1c\xe0\xe2\xe7\xa3%\x98\x0c\xdf\xf0Z|\xaa\x0a \
`\x1d\xcd\xa9PSL1\x10\x10\xdc\xa3\xd8-\x9f}\
`\xb2q\x8e\xc8\x8a\xcf(\x93\x04\xa1e\xab\xa1\x88\xcf\
\x92\x82\xa0\xaa\x00o\xd4\xf1\xd7)QfSR\xb7\x17\
\xba\xf0|\x99S+d\xb6C\xfa\xf8\xe4U\x18\xc9-\
\xcd\x96t\xa3p\x8dT9\x8d[\xa4\xd8\xb5t\x017\
\x9f?\x8c\xd9\xb9\xc3\x18t\x96\xd0aw\x97\xf7\xa3\x10\
8Qy\x93E\x89\xfe\xda2fW\xef\xc5\xdf_;\
\x83\xe9k_\x83?\xa9\x8f\x8b\xfeC\xc6\x94\xded\x1c\
\xda\xae4 \xb0\xafm\xcf\xe1\xfe0V{6bK\
\x8b1\x89\xe1\x8d5\x91\x91\x170 AN\xbbke\
\x91\x97\xa5\xe3;e\xb7\xb3R\x1e\xdd\xf7'\xfa&w\
\xfcy{\xff\x7f\x19\x00`\xd5\x82\xc3\xfe\xf2g\x127\
\xf8ex\xfeF\xa4q\x99\xd3\xde{\xec*Co]\
\x07\xfb\x87{\x9b\xdc\xfam\xdb\xe0\xb5\xf7I\xa9\xc0\xcd\
:43\x18I\xf7\x87&\x8e\x06\xb4\xe1\xfa\x93\xa1\x08\
\xf9c.|\x07i\xb7H\xf9\xa0\x9bM\x14u%u\
e\xfa\xa7\x96\xdf\x8e\xe8\xf8\x1b1\x08aH)\x9a\x1a\
\x16\x0e\x9e\xad6\xf0\x91K_\x80\xbfy\xf8\x01$\x9d\
\x0b\xea\x00h\xfa\xc7Vc^z\xaf#B\x1dVk\
?\x18Z*\x0b\xedG\x80\xc2\x12\x8bj\xf6I\x11M\
I\x8d\xd9wWQ\x07\x92\x80\x98\x0dp\x93\xb6r\xf5\
\x87\xd3\x86`.m2\xbb\x80\x0c\xebA\xee\x09a\xcc\
|\x04g\xe2\xd6J\x89\xc8\x1b\x00\xcbRv\xf9\x88\xc9\
s\xd4\x16\xa2\xe5\xbb\xab\x15\x0eYi\x04\xef\x88A\xc8\
\x04\x9b\xb4\x06\xd5,\x85\x0a\xb8\xda\xe37\x1aG<9\
Gb\xfc(\x04  \xa4\xfc\xd4\x1c.;!\xbc\xdf\
B\x03\xe6=b  o^1\x00E\xa8Y\xa3r\
#1$x\xa89\x05\xd6\xc6b\xb4\xb62P7\x91\
\x0e\x08\xaa\x86H\x96B\xec},\xc3\xca\x93k\xd8B\
\xdbp\x8e\x12;\x1e\xee\xdbr\x95\xa4\xc6\xa0\x10*\x0d\
A\x89r{.v\xba\xc0k.\x1c\xc7\x96\x0bg\x10\
q\xa1{\x1a\x82\xc4f\x9c\x1e\x82de\xb2\xa6&\xf5\
/g\x90`\xab\xd8\x10\x98\x08\x1d\xa8\x98\x84\x12\x93x\
\x8dF\xb2\x5c<IY\xe6\x14\x14\xfaT\xcbv\x97\x96\
r\xc3\x93V\xd5u\xc4\x0f\xd3\x8a\xb7r\xbc\xd9\x10\xd8\
\xf83y%\x1e\xa5\xbc(\xf0\xba\xb6\x88~\x96rV\
P]\x8e\x06TQ/Q^\xe9\xa0~Y\x03\xc5\xc0\
C\xe7P\x0e\xffh\x8a\xb8\x8c\xd1;\x7f\x18?\x14g\
\xf0_p\x1b>\xd1\x9a6\xd6\xf4FYk\x084\xb2\
Un\xb6\xa4\xc1\x01\xd6OO\xfd:^K\x15\x05\xba\
\xd3S:\x02l2h\xd3\x05,\xcb\xd0w\xd0]\xfa\
<>\xfe\x9e}\x7f^\xef\xff\x1b\x0b\x00\xb8\x93y\x9e\
\x938\xce!\xbc\xe4\xc7\xff\x04N\xf0S\xa5\xe7\x97\xce\
\xf99\xc7\xd9\xb4\x11\x98\x9c\xd4\x87g\xd1g\xe1F\x13\
\x81'\xd1;@\xb6m\x0b\x9c\xa3\xa7d\xe0C@\x8b\
\xa1[\xae\x99S\xb6\x91\x80/\x92_\xa4+\xa0\xe7+\
\x17\x96Xpy\x19<1\xc50\xf2P\xdc\xf8BW\
5TOA\xbc\xd5(D\xa6\xe5H\xf54\xa99\xa7\
\xab\xb8\xb5\xbf01\x8b\xf6\xe5\xaf\xc2\x0f\x9cx\x1a\x9b\
\x97\x8f\xc9\xf4\x1dI\x19l,\x08\xb1P\xc4<M\xe9\
l\x02\x01_\xa24n\x0c1e\x08\xc9\x0bP\xb8\x1c\
C\xe6\xc9\xa73\x87\x82\xc8\x0f\xf9\x07\xa6\x16\xf6\x88\x04\
\x1b>\xbc\xe3`ib\x07\xf6MnD3\xce\xe1;\
\x19*l\xd5q\xc3\x94\x19j+s@wE3\x9a\
j\x05aY\xa0\x95\x14X\x9d\xdd\x84#\x8dMX\x09\
j\xa8\x0f\xfa\xb8\xf2\xd4\x13HHR\x92lC\xce9\
\x03\xf0\x99\xf4\x9f\xfd\x7f\xf9\xdc#\x06\xa4\xcc\x02\xd8\xfe\
\x1a\xaa\xc2\xd2J\xcb\x1aK\x98\xbbo\x95\x9b\xf8\x8e\xac\
\xa9\x99i\x89e\x1b1\x1d3\x01\xe8\xb6\x81\xb2n\x82\
\xad\xa2i\xd2\x81\xf1\xc8\xd3 #\x8d\x5c\x03\xad\xad]\
\x0a\x88\xb2%)\x80$\x9dh=\xb4f#l\xba\x14\
\xd8\xbb1Bpn\x80\xc4w\xa5\xcc\xba\xf2\xcca\xbc\
%h\xe2\xb3\xad\x19$r\xd3K\x5c]\xa4\xf8\xb9C\
\x0f\xa28\xfc\x04zi<\xd4n0\xee\x8d#,\xbd\
QS\xf0\xf5\x7f\xb3c\xdd_\xdf\xb7W\x04\xe9\xb9(\
\x98\xf3\xf5\x9cX<W\xd8\xc5\xfe\xd9\xbe\xf7\xa8 \x8c\
\xac\x0f1y\xf1\x11\xb1\xdd\xde\x08\x11\x5c\xef\xe2\xea\xb7\
\xfb\xb8\xe2\x15\x11fg\xc7\xc4_\xe2\xd4\x89\x81\xcc-\
\xcc\xbf\xb7\x8a\xa8\xd7C{\xf98~\xe8\xc9\xbb\xb1\xf4\
\xe2\xb7\xe2>\xbfbL@\xd6k1\xd5\x1c\xd0\x83\xed\
\xeb\x0fLm\x19\xbbR^\xc4\xad\x16\x10\x05(cb\
bFCP3i\xa7L\xe2\xcc[X\xf8#\xba\x92\
\xe3\x8e\xf5\xf1\x9a\xbfD\x00X\x07\x03\x11\x0f\xde\x0b7\
\xfc[\xa5\xebEeZ\x94\x95c\xc7\x9cb|BS\
\xc7a\xa3\xd9..W\x1dN\xa7&\x11\xacu\x90.\
\xae\x086\xa0!\xd8\xc2\xfd\xb6,X\x1fx\x90\x99-\
#\x18\x22\xae2f8H\x04$\x0c\xf8\xa7\x81F\x09\
\x14*\x08aDBdqR7@'\xc2\x98Ze\
\x06\xa9e\xc5\xfc`\xab\x85\x83W\xbc\x107tv\xe1\
\xaa\xee2\xb6\xf6\x16\xd1H:p\xfa\x0e\xdc\xd0E\x1a\
pH\xc3C;\xa8\xe2B\xbd)\xae\xae\x17\x9fx\x16\
~w\xd9Di\xdeN\xd2|\xc9\xf0\xe3C\xe3\x00\x8f\
r\xc3I\x84\xd2R\xceYo\x81rT8-1\xee\
\xd6p\xff\xcek\xf1\x87\x93\x1b\xd5\x1e\x0d\x0e.J\xfb\
x\xd1\xda<n\x9c?\x09$\x9c\xf7'\xaf\x90\x13\xa3\
>\xd2\xc0E5\xeb \xea\xa58\xbd}3>\xb0i\
\x07^\xb24\x8f\x1b\xe6\xf7\xc9i\xe3\x90\x1d)YG\
\xcd\xb0\xffhz\xca\x9b@\xe1NV\xa4\x06,\x12\xc2\
)\x03\x82\xb6J\xed\x1d\xb6D.e/\x9a\x14\xd4\xb0\
]\x0c\xb5\xca<\x1e;^\xcc\x7f7j@\xb2\xd0T\
\xa3WF\x8e\xd9\x85\xf1\xc8OW\x1c\x84\xb8\x9c\x1b\x97\
\xe8\x9f\xe2\x80M\x13.\x19\x91<\xed\x9b>^\xfdV\
\x1f~\xcb\xc7\xbd\xbf\xb2\x8c\xb1#\xa4\xcb\x96\xa8,\x9f\
\xc2\x9b\xbb\xab\xb8h\xd7\x8d\xf8\x83\xad\xbb\xd0\x0f\x02\xfc\
\xc4\xf1g08\xf80\x96\x8b\x02M8\xe8\xb8>\xbc\
\xc9\x0a\xfc^\x82\xa0\xa7\x06\x5c\x9a\xdf}\xfdf\xb6a\
A\x86z\xe5\xef\xf4\xf3\x18\xce\xc9\xf0k\xf4OV\xf3\
\x11\xc3w1\xdc\x0fA\x1eX6i\xd9\xc3\xa3A$\
\xea%\x08\xf1@!\xc3\xd2\xa8FN8(\xb6yh\
\x5cW\xc1\x95o\xaa\xe3\x9a\x97zh5\xc6\xe8E\x0f\
8K@\xbd\x82\xcb\xaf\xf4\xb0\xeb\x9f\x95\xf8\xc2\xd5\x01\
\x9e\xbcs\x0c\xcd~\x81\xee\xdc\x09\xfc\xad=\xf7\xe1\xf4\
M\xaf\xc1q>1\xe1\x1dX\xab=-O$\xba(\
J\xbe\x1e\xd2F\x04v\x93\x0d\xcc \xac\x97\x80\xa5x\
\x8bR\x88\xeb\xae\xb6\x9fm}\xf1\xe3\xf7,\xff\x05\xe0\
\xdf7\x16\x00\x14\x0ct\xb0\xfa\xf8\xfd\xa8\xde\xfaEx\
\xd1\x1bx\xf4\x14\x8b+\x8e\x7f\xee\x1c\xf2m[d\x84\
Qc\x80%\x97\x18 \x89\x14\xc5-\x9bP]]\xc3\
 \xcd\x84\x05h\xd1\xd8a{u\xc8Le\xee\xc2\xd3\
C\xa5\xba\x05\xc8\x22\xabX\x90W\x0aIp\xdfwQ\
\x0a}\x8f\x8fXc\xb7\xa4f\xb2\xc9yz\xa5\xc2\xbd\
\xe7\xfc=k\xaf@\xf4\xdc\x1cda 5b\xbb\xf4\
\xf1\x85\xf1\x0a\xbe0\xb1E\x14oj\x83DR)a\
\xf6{\xbe\xf4n\xf9\xc3\xd7|\x17\x1b\x00\xfc\xd3\x0bg\
\xd0\xec.\x9by\x0cn:\xce\x9c\x9b\xcf'\xa8\xb0]\
\x86\xbe\xcc\x16\x90=\xe8\x82\x82$T\xed1q-\xc8\
\xc5\x1df<MqYg\x19/^>\x85\xcb\x16N\
\xa1\xd6\xb9 \xca\xe1\xa2C+\x19M.\xcc6\xa6\x91\
}ZJ\xaf\x9d\xc1\xcb\x9f\xf8\x0c\xca\xfc\xe5X\x8cZ\
R\xe7\xb3\xf6-\x08~R\xb8\xd2\xe0\x10\x94\xae\xb2\xf7\
N\xe7\xd0\xcdt\x1c\x91r\xfeG\x13\x0a{b\xca\x86\
\xb7E\xc8\xfa\x96\xb1\xfb\x80\x81m(\xd2\x12\x92\xb6L\
V!\x11>\xbe\xb717\x11\x03SfdJ\x09\x96\
LHX\xd0\xa2R )\xf9\xb9\xfd9\xda\xe7WP\
\x9b\xaa\xa27\xc7{\xba\x8ap\xc3$^\xfe}-i\
\xed\xde\xf7\xcb\x19\xc6\x8e\xb0\xce/\xb1\x9a\xac\xe1\x86\xc3\
\x0f\xa0\xe6\x02\x0fl\xbb\x06\xb3\xe7\x8f\xe0\x5c^`\xd6\
q\xb16\xe1`\xdb\xcfO\xe0\xe2\xeb+XYH\xe0\
,$X:^\xa0\xd3\x96\xe1y\x19\x0e\xa3\x0e\x83H\
\xb3K\xda\xaeY\xa1\x9f\xfaFj\x8c\x99(\xe7\x15\xd8\
\xbed\x97(\x86_\xd2\x139\x10w\x1f\x91\x0c\xf3X\
J\xf0\x80Q\xee\x09\xb9\x1d\xa4|\x10W*\x8a\x00^\
%C\xe8f\xf0\xabUTj]D\x8d\x06\xdcf(\
z|\x1b.r1\xbd-\xc5\xec\xa6\x08!\xd3\xc9A\
\x81\xb4\xb3\x82<YA\xb2\xd6E^x\xa8n\x9aD\
\xa5:\x8e\xd7\xbda\x80\xb8\x9b\xe2\xc0\xafD\xa8\xd0v\
\xef\xc4\x13\xf8\x9b\xadi\xfc\xd6\xee\x1b\xd1c[\xd5\x9c\
\xd3\xe2z,\xcd\xb3\xf5a\x9f\xa1\xeb/\x97S\x92\xc0\
\x9f\x18G\x9f\x92`\xd4\xf8\x97\xe1<\x06\x02\x01C\xa5\
\xb5VY]\xf9\xfd\xe5\xa3\x8f\xad\xfeE\xe0\xdf7\x16\
\x00\xd6\xc1\xc0\xd8\x9b|\xe1{\x0a\xd7{\x1d\xf5\x85\x12\
/,\xbd\xa3\xc7\x1c\xba\xff*\xa84\x92\xd2[\xf0\xb6\
($\x0d\x1f\xec\xd8\x06\xf7\xd0Q\x91\xadf}\xa54\
G\xb3\xf1m\x17@\x00.\xa5\x84\xea\x81dv\x90t\
\x11\xe8n[5\xb4TU\x04\xb2\x91Om\xbdX\x93\
s\xf1RF\x9c5\x9d\xa6\xec\xbeG\xea\xab\x87W\x0c\
\xda\xb8za\x0e\x95\xb4\x87\x9e\xefc\xaeR\xc7\xa1\xa8\
\x8esn\x88%\xcfG\xa2\xa3b\xeb\x9d\x8a<G#\
/Q\xcd\xfb\xb2A\x05|\xe2b\x0a\xe9\xf9\xc7I,\
\xb6%\xcd\x5c\xf9\xd0{P7\x16kF\xc1\x05\x8c\x80\
\x09EF^rb/nMs\x8c\xb7\xe7\xe1$]\
\xd1|c\xdd\xc8\xd7\xc0\x89\x90_\xd2@\xf3\xca6\x92\
\xb8D\xefA\x1f\x95\x15\x0a\x80dXL{x\xf1\xd3\
\xf7an\xc7\xb5\xc8=\x92\x8c\x18\xf6\x0c\x07\xb5T\x09\
..l\xd7\xa3\xda.\xbb\x22f<\x94\xd2W\x0c\x0c\
\x96\x18bnW\xe1\xbbH\x98\x9a\xcbn\xb7\xad<\xb3\
\xfb\xad\xb5\x96\xb5\x91\xcaHq\xe1\xe4\x22;9\x82T\
(\xd1\xc7:\x07\x18,@\xba\xb8Br\xd1\xb2\xc1\x8f\
\x0b,\x1d*\xf1\xf8C\x01nym\x05Q\xb3\x8b\xee\
\xf2\x8a\x04\xaepz3^\xfe\xaa\x14\xcd\xdf\x01\xbe\xf4\
O\xfb\x88\xf6tA\xc5\xb7\xc58\xc6E\x07\x1e\xc7\xce\
~\x82\xfe\xda\x05\xd1q$\x0a\xd9\xbc\xde\xc1\x1b\x7f\x0a\
h\xcdR\x1e\x88\xf2[5\x14ysH\x85eI\xa6\
kIzbFn\xce\xf2\x1e\xec\x89j\xd9\xa3\x0cD\
\x0c\x98\x1c\x19$\xbea\xd4~\xa1\xb3\x1a\x9a\xed(-\
\xdb&\xcd\xa2?!\xfe\x91d:\xf2^Oi\xe7\x81\
b\x85\xbc\x1fLyR\xea\x11t\x11\xaf$(\x92R\
\x5cy\xf4`\x22\xa1\xa9\x83\xee\xd1\x0e\xb2M\x11\xea\xe3\
\xc0k\xdf\xe8b\xf9x\x0d\x0b\xff\x95\x81\xbc\x8b\x1d\xfb\
\xee\xc5m\x93\xb3\xf8\xe3\xe9-p\x08\x9e\x0b\x00\xa99\
\xce\xf0\xb4\x1f>\x22-FX\x22$\x93\xe3\xa2\xf97\
\xec\x22(6P8^\xe0:\x9d\xee\xe9\xe8\xb1\x07>\
\xd2\xff\x06\xc0\xbfo4\x00\xac\xb7\x04O<\xf3y\xec\
\xba\xf9!\x04\xd1\xcb\xa8\x9aP\x0cR\xc7=~\x0c\xb8\
\xfc\x0a \xd1Q]\xfd\xf0\xe6\x82\xf9\x1b\xa2\xe6T\x10\
\xde<\x0b\xef\xd49\xe4\x1c\x97\x94\x1d:\x94\x08\x18\xa2\
\xd1\xb2\xdf\xcd\x84\x93\x9c\xb8qa\x16\x9bQv\x91o\
\xa0\xa0\x84\xe2\xf5\xc2\xd9\x97\xbe\x16\xd5t8-\xe5\xc9\
Z\xb5\x22\xa3\xad\xb2\xc4/\x1e\xdf\x83\x1b\xce<\x85n\
\xaf;|\xb6\x1c\x01|M\xa5\x8e8jb\xa92\x86\
\xf9F\x0b\x0ba\x0d\xcb\xe2\xfe\xa1\x8c\xb0\x9dq\x17X\
[\x95S-\x949pj\x18\xb2%F\x02\x92M\xbf\
\xd5u\xd5\x12|\xd4E\x86\xf6`4\xf4\xd0\xa0\xc8\x81\
\x9c\xf1\xf3\x87%\xc5_#V'\xc3Q\x01\x92\x9a\x83\
\xfc\x12\x07\xdb~\xb8\x8e\xeb\xbf\xbf\x8em[y\x92\xaf\
\xe1\xee\x0ff\xd8\x7f'\xd0\xe8\xfaH\xdd\x1cq\xd2\xc1\
6\xce\xc1\x93R,\xb8\x08\x7f\x0e\xe7\x0b\x94\x0e\xadR\
X\x04*\x18\xc4\x98\xc6\x0eTu\xb7\xa8\x82>YC\
\x0a\xb6\xe9\xd4\xf0\xfa\x87{\xde\xf2\x00\x0c\x1f\xc3c\x19\
%\xc1\xc1E\x11P\xc9\x88\xad\xc0\x86\x12Yd \xc5\
\xf89\x1a\xab\x0ef\x082*m\x14|\x08\x0f\xc8\xc4\
\xff\xb3%\xf6}\xb1\x87\xd9Y\x0f\x97\xde\x14!\xec\x8f\
\xa3\xbf\xb4\x84<OQ\x99\x19\xc7\x0d7\xd5Pyw\
\x8c\xcf\xfc\x22\x10=\xed!\xe0 P\xbc\x86\xd6\xe1\xfb\
%8\xf2\xd0\x16\xd4}P\xc1\xe0l\x82j\xe1\xa1\x88\
]\x04u\x8e\xde\xae\xc0\x97\x11Nn\x00\xae%>3\
\xf5i\x10]\x08z:\x90\x99h{\xf8C\xd2\x13q\
\x22\x96\x88\x9a1\xc9\xe7\x14\xa6mO\xd8gZ?s\
\xde\xdeL\xf90\xc3\x90\x7f\x8fQ\xb0\xddJP\x90\xa5\
\xa7U\x03\xe2\xbd&\x17\x86\x83;\x991\x17!\xd4(\
\xc3\x1a\x85R`\x8a\x0a<?\xc5\xe0\xeci\x84\xb5I\
T[cx\xed\x8f\xf5q\xd7\x93\x01\xfc\xaf\x04\x18d\
\x1d\xbc\xea\xd0#x||\x03\xe8|\xc82\x16\x22\xd9\
\xbe^*[>-[\xc9N?F\xbea\x0aY\x14\
\x00}\x95\xaa_'r\x99\xac\xb4\xb3\xf6\x81\x95\x07>\
r\xe2\x1b\x01\xff\xbe\xf1\x00\xb0\x9e\x05tq\xf1u\x1f\
\x80\x1f\xbcL\x92s\xb6\xf8\xce\xcd\xc1\x9f\x9aF>9\
\xa1\xa9\x88D\x0as\xb2\xdb\x99}\xa6\xff\x1bg\xe1u\
\xfbp\x97VQ\x10\x0f\xb0\x13X\xeb\xdc%\x15\xf2\x0c\
\xccl\xf4P\x03\x8f\x8a\xb2Z{\xf1t\xd5rA\xc7\
ys3\xe8-\x96\xc9y\x05\xe5 \x81\xd7\xd3\x91\xcd\
AY\xe0\x86\xe3O\x01\xf12N\x9b\x9bh\xa01a\
\xbb9\xbdU\xf9o\x1a\xa7\xb1Q\xb7\x88\x19P\xd6\x9b\
\xce\x93\x96\xe7\x1e\xd5\xc6\xc8'\xf7\xa4/\x96!\x08h\
\x83\xa56\xe4\xaa&\xabj\xb3\xb2\x88\xdc\x06</\x14\
\x01K\x9a\x98X\x09r>*\xd1\x06,J\xa4c\x15\
\xf8\x97\xbb\xd8\xf2\xa6*n~\x93\x8f\x8b\xb7\x92\x0f\xde\
5ZZu\xbc\xfeG\xdaX:X\xc3\xd2\xef\x0eD\
.\x8a\xa0b\x92\x0e\x04\x0c#\xe6@\xe3\xce\xe1\x18\xca\
\xc8\xa8(\x818r%\xf4\xe6s\xfd\xd3\xfa\xcdHz\
\xd9\xcf\x9f\x17\x88\x8c\xca\xcc\xd0yfH\x06 fb\
u\x11\x95\xb0DJ+\x0d\xbc\xf9\xb9\xa8p\xa4BO\
\xa4\x82s\xbc\x98J9L\xffY\xbf28\x1b\x10\xce\
)E\xb6k\xe1\xf39\x9e\xde\xedaj\xdb8&&\
V\x058MV\xd5\xc9\xa8\xbay\x0aW\x5c\xdeD\xf7\
\x8e\x01\xbe\xf0\x7f\x16h\x1cR\xff\xfa5\xc3\xa3S0\
\xaf\xc0\xda\x85>\x96\x97}L\xce:\x88\xbbL\xad\x95\
B\xcdM\xac\x14\xec\xce0\xe0Qu\x88\xb3\x002\x5c\
%\xd8\x87\x81\x03\xe5\x06\xc8\x1c\xb6\xd1\xf13f \xe2\
9`\xf1\x91\x91\xd9\x0ci7s\xbd\xb1\xa4\x94\xbe\xaa\
\xdeWQx29\x93\xccZ(W\x82\x86\xad\xaeG\
\xe9\xf4\xd8\x04D\xca\xd4Q\xe4Eg&X\xb1\x86u\
\xa0wf\x05\xde\xc55\x9e\x83\xb8\xf1\xa7c<\xfc\x04\
PYvP\x99?\x80\xd7\x9c\xbf\x12\xffc\xd3.\x1d\
\xcb\x16\x0f\xccuv\xac\x1a\x85\xf2 \xe5\xa1\xe2\xa0\xd8\
0\x05\x18\xe4_\xc1\x7f)\xedJx\xbeS\xf6\xba\xab\
\xee\xb1\xbd\xef\xcfG\xb1\xbboS\x00\x18\xb6\x04\xb1<\
\xffQl\xd8\xf6\x8f\xe1\xfb\x97\x1aUN\xd7;t\x10\
\xc5\xcd/\xb0\xdd<y\xa9\x88\xa8\xc9\x08L\x9dR\xec\
\xdc\x06\xb7\xdf\x873\xe0d\x9f\x90\xed\xcd\xa8\xa6\x117\
$r>\xec,\xb2\x93\xaf\xf4_\xd7k\x02Y\x1f\x05\
E\x19\xa5NW\xe4T\xeb\x7f\xa3\x06k\xa8\xaeT\x10\
g\xf0\xce(Y\x16/\xcb\xc9\xcb\x96S9\x05\xd4o\
R%\x9dUZ`-\x02A[i\xb4\xaafo\xb9\
\x08z=B\xb5153\x01\xbf~=\xc7\xce\xad\x0e\
\xc2V\x13\xdd\x0b\xfcZ\xed\xffK\xfak\x03HF\xa5\
\xdc\x00[.ib\xe5\xb5]\x94\xbd\x14i\xee\xa06\
^\xc0\xdf\x10`lW\x84m\xd7U\xb1\xe3J\x0f3\
S\xca\x8f \x9a\x9e\xc5m\x14\x9d\x04\xde\xd8\x06T\xab\
u\xdc\xf6w|\xbc\xf7i\x17\xc1#]\xe9\xad\x0f\x05\
Tdq\x1a{r\xa9\xfbm\x07\xc6`\xe3\x12\x90\x0c\
m\x9a\xe9\xae\xe8\xe1Y\xcd\x9fuU\xe3?\xc5\x00\x1a\
\x821d.*\x22\xebK\xc6c\xbb5\x14\xc5T-\
D\xcd\xcf\x88C\x10\xba\xac\xe9\x89)\xaeP\xea`L\
\xd3\x0a\xa6\xf5\xc1\x85\x1c\x87\xbf\xea`\xe7\xd5\x1d\x8c\xdd\
X\x11\x13U\xa7\xd6C\x91d\x88\xe7\x97\x10NN\xe1\
\xe6\x175p\xe1\x1f\xf5\xf0\xd4\x1d9\xea\x8b\xca(\x1d\
UQv\xd2\x12\xdd\x05\x82\xbb\x0crT\xed\xf1\x84\xbf\
_&4\x1d!\xa1\xc6\x17}\x01fD\x1c\xabU\x0e\
\x13\xb9\x0a&\xd7\xe3\x06\xb7\x19\x92\x84v\x16\xfa\xda=\
\xd1,\xdf\xa8\x03\xcbIo\x8a%\x96z\xa2\xafh@\
A\xb1`W\x1e\x8a\x04j\xa1@\xeb*Q\xe9p\xb5\
kGI?I\x96\x17\xaa\x17\xa1nMz\xec\x04\x15\
\x0f\xbd\xd5\x1c\x83\xb95\xd4\xa6&q\xfd\x8d!\xf6\xdd\
\xe6\x22\xfeP\x894\xcdp\xd5\x99\x03\x98\x9c\xbd\x18\x8b\
<h\x5cWd\xda\x87Q\xda\xban\x91T\xb5e\x16\
%S\x0b\x0a~\xda\x97\x8e\xdb32\xba\xc1\xda\xc2'\
\x92\x8f\xff\xf7\xa7\xbe\x99\xd3\xff\x1b\x0f\x00l\x09j\x16\
p\x0e\xd3?\xf9^\xb8\xd1\x1d\xa2\x0b\xc8\xd6\x18\x85\x0c\
\x8f\x1d\x05v\xed\x96\xb6\xa0\x1d\xfd%6`\x98\x96B\
\x0d\xa6\xb7^~\xf1N\xb8\xfb\x0f*\x13n\xddmC\
Yd.e\xf2t\xe8T\xf2\x00.p\xd6kC3\
P\x15\xc5TeV\xde\xdcP\xdcm\xd5u\x97H\xb4\
\x02V\xbc\x81\x96e\xe8\x1b\xbaf\xf5\xfb*\xf8\x1b\xff\
z\x5c\xc2\xca\x89\xa3\x1eN\xec\xcd0\xbfw\x80\xc1\x9c\
\x87\xe4B\x8c\xce2\x9f\x99+\xde\x01\x9eO\xfbn\x9a\
\xc5\x06hLR/\xbf\xc0\xf5/\xf2p\xe3\xf7\xb3\xd4\
\x88U\x99\xd5\x00n\xba\x89M \xa2O\xdfX\x0d\xaf\
\xf8\x1bc\xb8\xe5\xcdu\xc4\xac\x07\x1d\x17aH-\xc2\
\x0c>\x15\x93Xfd1\x8atYt\xf7\x8b^\x82\
\xac\xc7\xd9\x0a\x8e\xfa\xae\x01\x93Ul\xdf>\xc0\xf5\xef\
\xac\xe0\xc9'\x13\x8c\xd3b}$\xcb\xa3}\x98\xa4\x9f\
\xd2m\xa1r\xb2\xea\xcb\xe9*\xd6N\x89\xb4Gi\xd6\
\xe1\x0cD\x94R\xa9Ff \xc6\x80\x98z<\x8c\xdc\
\x7fC\xec\x1d\x06oFR+$Bw\x1f\xc1^\x0c\
\xd7\xc1\xe8\x0a\x88\xc2\x0ei\xd8l\xf3\x0a\xa6\xa0cG\
|\x17\x8e9u\x9f\xcep\xfc)\x17;.\xf61\xde\
l\x89\x0a\xb0_\xc9\x91v9VM\x90p\x0c\xaf|\
K\x80sO\xf6\xb0\xf2\x9e5\x09\x1c\xb6%/\x8c\xfc\
\x15\x07\x8bg9P4\x06?\xa8\xa2t\xda:^-\
\xecO~\x06\xceR\xd0\x1b\x90'<Oc\xd5]\x94\
\x9e\x8a\x08\x84\x9a\x99yJ\x84\x0b\x87B\xdfY\x85S\
H\xe3&\x90\xc9v&\xcdd#\xe1\x08\xf0W\xba\x04\
\xab\x06\xa0\xea\x19R\xb2MMX\x985\xf0{8\x81\
@\x990\x96a6\x1b\xb3E\xace#\xda\x010\x06\
\x82\x04~\x94c\xb0\xdaG8v\x01\xcdz\x86\xab\x7f\
\xb0\x8e\xaf\xdc\x0b4\xe72\xb4.\x9c\xc4\xe5\x9de|\
m|Z4\x04\x98=\xae3\xb2HXI\xe1\xd5\x22\
d\xcc\xb2i\xfca\xc4\xb9e\xf91\xad\xf4=\xc7\xe9\
w\xda\xde\xd1\x03\xffY.\xe6\x8e;\xfe\xc2\xd6\xdf_\
\x22\x00\xacg\x01\x95\xa5\x85\xdf\x1dL\x07\xef\x84\xe7o\
'\x07\xb6\x0cB\x17\xa7\xce\x80\x80`9>.)\x8a\
.\x22\xdbo6\x12S$ap`h\xe7\x0e\xf8G\
O \x11\xb5\x17\xcbpb\x0bm\xe4\xfe1!\xe7?\
\xcb\xdeg\xbc\xd59{[\xf2\xa8C/E<\xb2u\
\xf7m:\xbe\xd2~Z\x88+f\x0a\x91/\xf1\xd7\x0c\
P\xed9\xf0*\x09\xae\xbc\xcc\xc3\x95W\xd7P\x94\x15\
\xa4q\x8e\x0e\x059\x09\xe8p\x12K\x1e#SE\x9a\
Z\xb8\xa8US\x04\xd5\x86$,E\xbc\x86|\x8d\xa9\
v\xb6N\xe6a\xf05\xe3\xb1E\x91\xa0\xe8\xaf\xc2\x8d\
\x1a\xa8\xfa\xa5\x9a\xb7Z\xc0\x8c\xf6\xdbm\x8ag\x94\xa2\
\xd9\x96\xc7t\x11VN:\xbd\x0d\xd9b\xa2F\xbe\xd3\
\x8bPVjx\xc1K\x13\x1c~\x99\x8b\xfc\x0b\x8e\x94\
 \x9c\xc0\x14\xd52\x9f'\xbf\x8aR\x0eM6\x040\
\xe55P\x0e\xbb+\x9a\xf4\x9aG\x933!3\x8e\xb2\
\xb0\xa4\x5c\xb6Sm\x96\xd2:|\xa9b\x8f\xd6\xc2V\
\xc5G\xac\x9d\x8d\x82\x13O|\xa1z\x1aN<3\x18\
\x82\x9e\x9c83\x8f\x8d\xb19h \x8e{\xf0\x9d\x12\
\x95\xc5\x01\x16\x9e\xcc\xb1\xf0\xc2\x08\x13W\x85\xfa\xb5\xe5\
\x00A-D\xc2{\x1e\xb6Q\x1f\xab\xe1E\xef\xf0\xf0\
\xa9/{\xa8p~\xc2t\xad\xe49w\x81\xf9c.\
\x06=\xfa4\xa6\xc8\x06\x86\x02,\xe3\xb8f\xaa\x91\x82\
\x9d\x02[\x18\x03\x10\xb1\x81g:\xce\x9b\xc5``\x97\
\xb8\xa1\x11\xf3\x84f[Y'\x9f \xe3\xcfb\xcfN\
|O\x1d\x85\x15P\xe4)\xcf\x0d\xce\x8e\x93q\x95\xe6\
:\x14\xffq\xc5b\xf2\xb2+\xaeD\xca\xc9P\xb5$\
\xb6\xa2\xd5eH\xbd\x19\x04\x07J9v\xee\x8a\xdc\x17\
?w\xd0\xf4p\xc9E.\x1e\xbe\xd6E\xfa9\x17n\
\xd2\xc5\x15\x9d\x05|mr\xd6\x90\x7fL\x86\xc6,\x97\
\xb90U~\xb6o\x94N\x97\x06\x07;\xf6!\xc4\xa5\
\x12n\xe4zkK\x1f\xee}\xf2\xbf<\xe4|\x93\xa7\
\xff7\x17\x00\x0c1h\xe08'\xf1\x92\x1f\xff]x\
\xe1\x1d\xc6\x9dB\x86q\xdc\xc3\x87\xe1\x5c\x7f\xa3\xa6\x9c\
\xb6\xf0\xb4\xd9\x80\xdd\xdbI\x8atr\x02^\x92\x228\
y\x1a)\x15N\xa4\xce1\xbcn\xe3&$S\x801\
e\xaf\x98I\x10qU\x02\x8a\xf6\xdb\xa9\xdf\xc6\xd4\x8e\
\xf8\x00\xb9\x00\x5c\x8c\xb1\x0c\xd4H@\x1f!m\x08\x89\
\xc4qq\xe1\x99\x04g\x8f\xf5\xb0i{\x81xi\x19\
A\x836\xdb\x15D~\x86h\x9a\x95\xa7\x01\x96\x04\xbb\
`\xc4'\x9a\xa8n\xc6EoU\x94V\x8b^*\xba\
~\x19\xd5V\x9c@N=A\x9d\xcd\x14Z\x9ey\xc8\
W\xa8$\xac\x9d}\xcd\xa6\xd9d\xa4\xa7!\x17\x9fQ\
\xe3%X\xe8\x01~\x8d\x8bO\xbfWD,K\x0f\xc9\
\xea\x1a\x9cJ\x80\xe9\xf1\x12\xbb\xde\x98\xe2\xd9=\x0e\xea\
mGf=d\x80Jt\x18X\xd8\xa8*\xb0\x02R\
V\x99\x82\xf7\xc3\xa0q\xe5\xaa\x96H\xa1\x0e\x0b\x09\xb9\
G\x90z=\x1c\x94\x81iFO\xcd\xf3\x22\xb7\xdd\xf6\
\xc6K\x9f'*\x9fIGT\x97Y\xfb\xebAgX\
k\xb2H}iM\xca\x08-;\x87n\x05\xed\xa9\x9d\
p/\x1c\x86\x93\x0e\xd0$\x8f\xf0\x89\x0c\x8bG&p\
\xf1n3F+\xa3\xcc\x03\xd0\xcc8^n\xc3s\xeb\
\xd8\xbd\x1b\xd8\xf6\x8e\x08g\xff\xcd\x00u\x06\x13#[\
\xe0f%\x16\xf7eX\x9d\x076^\xe4\x22\xedr\x04\
\x9d\xf7\x9e\x83Z\xdc\x87\x86\x09i\xc4ZY\x96\xd8y\
\x01\x95\xf8\xe2\x05\xebf\x96\xcd-\xb8\x01\xb1\x8d\x81\x01\
pi\x05\xae\x22\xa5\xc3\xf1u\x96\x99\x22\x14j\xdb\xab\
\xdc\x82\x5c\x87c(\xc9\xb5\x10\xa98\x06\x16\xa6\xfb\x1c\
v\xe2\xcfa\xa9\xca\xfb@\xabx\xb6\xa9\xb5$u\x03\
3\xcf/kVMR\xd3v\x8e\xbc\xee\xa2\xd9h\xa3\
\xb9\xa3\xc0\xaaC\x7f\xbf\x18\xb3\x9d%\xf8\x9e\xab\xecT\
\xc9\xa6L\xef?IPN\x8f\x8b\xde\x06\x06J\xfaY\
w\xdc\xe6\x97y\x8e\xdb\xe9\xac\xe1\xd8\xbe\xff,\xc7\xd0\
7y\xfa\x7f\x93\x01\x80\xd7$\xe0\x02\xa2\xc5\xb9\xdf\x8f\
g\xa2w\xc2\xf7\xb6\x0b\x16\x10\x04n\xd9\xee!<q\
\x14\xc9\xa5\xbb\xe1\xb0\x14\x18\xe9\xf3\x0f1'\xd1\x99\x18\
 \x9f\x9d\x86\x17\x0f\xe0\xce-\x88\xc6\xf9\xb0\x8d\xc8\x93\
N\x99\xe5\xea\xb4K\x09jj\xad\x95$\x81\xb0\xf6e\
*\xaa\xae-\x94_.\xf2P\xa3\xb3DEc\xaa\xb7\
\x8ek\xc9\x8b\xec\xf2\xf8P\x86\xa7\x1f*\xb0u7\xd0\
\x9b\x0f\xe0t{p\xbd\x0e\xc2\xc8\xd0JDxd\xb4\
\xad\xa2 \x1fO\x0c\x02{Z\x0f\xea<\x82\xac\x13\xa6\
\x8b\xe2\x1a\xc3\x1a\xd0\x0e3\xe9\x8bQz]p\x87'\
\x08\xdbi\xf4\x1a x\xa4\xb2\xd8\x16\xa5V\xda2\x83\
\x05\xfb\xee9D>`\xed\x02\x82\xc6\x18v]\x1b\xe1\
\x99\x9d\x0e\x8a\xc7X\x22\xc8\x92R\xdd>2$\xd9z\
dyT\xd0\xe8\x89'?\xe3\x8aZF\x8b~\x9c\x85\
\xff\x87.\x88\xca\x15P\x83\x09\x13\x99-m\xc3,\xa8\
\x80\xa2\x13\xf2c\xd8N\xd6`,:\x87\x940\xa7\x07\
\x03\xc9O\xc2\x04\xe4I\xc9{\xa5V\xe6\xe2\xf9\x87\x0c\
A\xe9\xe0\xd8\xe4&L\x96k\x988wR\x94\x0e\x8a\
\x85\x02gNvqu\xbf\x82Z\xad\x86\xbc\xafA\x8a\
\xbe\x0b\xae_\xc3\xa0\x93a<\xf2q\xc3kJ\x9c\xfe\
H\x02g\xaf\x96_b\xf8\x02\x07\xbd\x935\x9c;\xe2\
b\xebU>\xfc\xaa\xdas\xcb\x14\x15m\xc6\x08D\xb2\
\xeb\x22\xc35\x9cJ\xb4:\x09:-\xea\x80\xde\x00\xd4\
v\xe0\x06\x0fPf\xfc\xf7\x02y\xec!\x1f\xf0\xa4`\
p\x10\xe9\x0e1,\x11\x8d\x7f\xb9\x17Z\x84R\xa2\x9d\
\x82\xab\x22\xd8\x22\x99\x17K\x09\x95\xbc\xa3\xf6\x83\xd5\x03\
b\x80\xa0\x94x\x91R\xca\x9b\xeb>\x10k\xf4\xb4\xaf\
F%*c\xc7\x91\xed\x04e\xe6#\xa7\xd6\x03\xd7\xb5\
A\xa6\x89{U;\xab\x22e\xdf\x19\x12dT\x14\x97\
>\x90\xf9\xec\x06\x1d\x81\xe6\xe4\xa0\x99)\x11\xbc\x84\x0b\
/\x08]g\xf9\xfc\x07\xb2O\xbc\xe7\xd1o\xb6\xf6\xff\
\xcb\x05\x00\x83\x05\xc4w\xdey\x1c\x93?\xf9\xdf\x116\
~M\xd47xYA\x05\xf9\xe9s\xf0''\x91\x93\
%\xc8\xfa\xdcF,\xb3\xb0t\x8fS\x05\x22F\xb2e\
\x0b\x5cN\xde-,!\xad\x84\x06\x01\xb6\xd4\x14\xe2\x0b\
\x19J\x9f\xcb\x88\xb2\xcejh\xa2\xc0\xae\xa5\x05s\xc1\
\xb3\x1eU\xc0\x86\x1e\x8d\x18\xac\xfb\x10\xe8\xb2\xd7\xdf6\
\xda\x05\x9e\xf9\x92\x8b\x97\xbe\xd9G\xb5Y\xa2\xd7\xa1\xad\
\xb5\x87T\xa6J\xcc\x90\x8d\xcc\x9fsc\x19cd\x19\
0\xe2\xfb\x19\xd2\x91\x11\xe3\x10{)Q\xf7\xd1\xfb-\
\x9b\xceP\x9b\x19@h1\xae\xd6WL\x03\xcd\xa1\xcf\
:U\x86g\x8c_\xbb \xd3\x86\x8cj~\x9e/^\
\x87@\xba\x0a\xe4\x8d\x18\x9bg2l\xb8!\xc0\xeac\
\xb1<$n@\xc6:\x0e5\x89\x0a\xae\x04K\x038\
IP\xd2\x85F\xafF\xaa\x02yN_g\xf5m\xf8\
(hB9:5gNs\xd3\x81\x91\x81\x1c;<\
G\x9cV\x14r\x0c~0\x9c\xe9\xb6\x9f\xc3(\x103\
\xc5\x95A\x1cfj\x19\xce\x04!\xba\xcd-\x98:{\
J\xa8Z\xf5\xac\xc4\xca\xf9\x1c\x9d\xa5\x0ej5n\x1a\
\xe3kXd\x08\xab\x19\x92\xee*\x06\xfd\x0a.\xde\x19\
b\xd3\xebB,?\x93\xca\x10\x96e\xc0\xbbg\x12\xec\
\xbf\xbf\x87\xebn\xa9#\x9c\x9a0#\xfdl\xdd\xb1\x05\
\x18\xca&\xa1/\x02EG\xb2^!\xf6\xeb\xb2\x91E\
\x19\x8a\xa7y\x05H|`\xd0S\x06\xa5\xef\xa2\xb2\xad\
\x8a\xa06\x86,&Z\xaf~\x93\x85\xb4\x94U\x11\x9a\
Y\xa5\xdf\x1cCo\xa1\x8al\xaeD\x1e+u;g\
 \xcc\x19\xc0X\x06\xb1;\xc2,)\x97\x94\xde\xaf\xb0\
m\x1a\x02\x95T\xbc\x02\xbd:%\x0d\x18\x18TI\xa9\
\xccX\xa2\x00nT\x81\x1f\x96X>\x96\xa07\xaf\xd3\
{\xdac'\xd7\xc0\xf6\xa9\xb5L\xf3\xc9<\xdd\xb1E\
2M\x82\xa7\xaa[h\x06\x87d**p\x9cv\xfb\
D\xe3\xd9g\x7f}\x95\xcf\xe7\x9b@\xfe\xbf\x85\x00\xb0\
\xce\x0e\xac.-\xfd\xcfA\x10\xfdD\x19\xf8\x97\x88)\
<\x05J\x1c\x1f\x95C\x07Q^\x7f\xa3\x88r\xd8\x13\
]>\x96\x9c\x94#\x084[R;6\xc3\xcf\x13d\
\xab\x1d\xe4!#\xb6\x15\x00q\x8d\xad\x95\xdajs\x12\
\x8du\x96\xdc|\x9e8\x02\xc4)\x99@7h!*\
=v\xc3\xcb\x07\x93\x89K5\x04oz%\x8e\xeeY\
\xc53\x0f\xd7\xf1\xd2\xd7g\xe8\xb5U\x95\x9b\xe0\x96\x1f\
X~\xbdn`Y\x0c\x1c\xf6\x91!#+\xd3\xa5\x00\
\xa4\xca6\x99!\x0e\x09D\xb9`\x17\xca\xc23\xe6\x92\
\x1c\xaa)\x98vZ\x0a\xa7\x91\x1a3\xadOGl_\
\x08\xa6i\xdbH\xf1\x11\xa6\xe8zM\x04\x07\xd3\x84\xb2\
\xe6Ul\xb9:\xc6\xc2X\x89\xea\x8a6;\xc4\x0b\x91\
\xf3\x12$\xfb\x886\x80\x96\x17j\xc0jZYLk\
y*\xb1\x1fNQ\x09k\xc4.\xed,K\xbc\xb2\x04\
\x1a\xcd\xb7\xc8O \x99M)\x19:\x12'R_\xa2\
:\xc4\xcf\xc9\x94\x99Y\x99\xf6\xa8\x1d\x9f\x83G\xea\xa7\
\xa7e\x8c\xb6c)\xed\xd5\x1e\xdb\x80\xeb\x03\x1fY\x9a\
\x22J\x1d\xb4O\xfbXi\x03\xb3\xfc\xd8D\xef\x0dE\
XM6Rq\x07n\xd5|\x5c\xfe\xa2\x10\xf7N'\
\xf0\x17\x95\xce\xcdK\x0d\x93\x02G>\xd5\xc5\xc77\xa6\
\xb8\xfa\xaa\x1a*\xee\x9an\x9a4D\x7f0@w-\
\xc0`\xb1D\xaf\x17#\xcd\x99N'\xa2\x10(\xd2\xe5\
\x12\xb4\xd9z4\x92\xef\xcc\x09B\x0f\x9bo\x89q\xf9\
\xab\xabt\x84\x81EG\xd5\x118F\x9e\xf8\x08j\x1e\
\xce\x1d\x1e\xe0\xa9{z\x88\x93.\xdc\x8c\xa2\xb1%\x02\
\x02\x8f\x04u\xdd\x0a\x02\x9fn\xd4<\x1c\x22\x11G\xf5\
\xdc\x0cQ\x85k\xb6\x80\x9f\xf7D\xe3!hU\xe15\
\xfb\x88&KT\xa6\xc4\xcbUZ\xb3sOgx\xea\
\x99*\x16\x9e\xecaC\x96J\xa7\xaa\x1b\xd0\x0c~]\
\xcf\xc1\xa5|\xfd\xc4\x98\x18}82\xedgf \xac\
\x14\x98z\x9c\xbb\xe5\xfc\xfco\xaf\xde\xfb\xdec\xdf(\
\xeb\xef\xdb\x13\x00\x0c/\xa0\x7f\xe7\x9dg\xdd\xa9w\xfe\
\xb72\x0a\x7f]\xa1w\xe6m\x1e\xe2n\x0c\x9fA\xe0\
\xca\xab\xa5\x1fm\x87\x1a\x14+S\xdd?\x19w\xcc5\
\xdd\x8b\xb7oCy\xec8\x82\x8e\xa2\xf8\xf2\x12\xf7[\
\xa5\xd9\xea&7\xc3\xbb\xe2\xc1f\xda:r03\xe5\
\x0d\xc5\xc7.&\x08'\x9b\x81\xfd{\x0f\xc7g/\xc1\
Dg\x19\xf5\xb6\xcc\xd8\x22Z-\xf1\xf0\xdd.^x\
[\x1d\xd5\xf1\x00\xbd\xd56\x82\x88\x81\xd4\xa4\xfcb\xa9\
l\xac\xc2\xf9\x9fh\x11\xa8g<\xd1b\xa1\x1f3\x1d\
4\x12T\xc2\x823'#\x89H\xd2\xc6\xf5B\xf8\x01\
\xad\xc1\xb8\xd78\xf9\xce4\xd9\x12\x98\xb8Y\xf8~\xa4\
\xfe\x86\x22\xf4\x98\xb1\x8c1\xd4i\xaa\x13\xb1\xc5M\xd1\
\x8fd-Ae\xbc\x8e\xf1\x99\x14\xe5\x84\x87rE\xc5\
H\xd9\x07g-o\xef\x81\xa8\x1b\x8b\x86?O.>\
J\x22\xda\xb9\x9e\x8c\x92\xc2\xdbG\xa6\xa5\x8e\x8eZ\x19\
\x18y8X\xa3q!\xd0v\xbe\xde\x07vd\xe2P\
e\x04\x09\x9c\x89=\xb6\xe1\x1bX\xf6\x9fIW\xd5\xcd\
\x89\xe1\xa7\x22\xc3\x98sQ\x15E\xbd\x89reI\x98\
\x9d\xde\xb9\x18+\xf3\x01\xf2\xdd\xfc\x89\x03\xf1H\x10\xd0\
\x8e\x9f7(\x90t\x13\xa4\x83\x14\xdbv\x15\xf0o\xa8\
 \xb9\xa7+\xf7\x9f\x1d\x1c\x1f)*s\x0e\x1exw\
\x86C\xd7\xc7\x98\x9a$\x16\x00$\xab1\xf2\xa5\x12\xdd\
v\x9fo)itF\x0a\xb6a\x81\xca\x7f\x04\xedD\
\x1dJ\x9d\xa4\xbd\xc2C\xebe\xc0\xf4\xcb=\xc9\x16|\
7\x12\xfd=+W/\x00\x9b\x18\x88\xb2\xa3\x93\xe2\xc0\
S\x0d\x1c\xf9<s,\xcd\xe4\xd8\xc4\x11\x81d?A\
\x19\xe6\xc8}\x93\x01\x96\x8e\xe8\xb4\x8eM\xe5\xf0j.\
Z\xd3!\xa6fSL\x0eRT\x16|\xf8\xfbu\x22\
\x94\xcf\xcfo\x02g\x92I|\xf5c=T\x0e\x1b\x95\
\xa0\x12XjM#&\xb6@\xa5\xe02C@\xd7\xa0\
\xcd\x1bQ\xa4\x5cw#\xdd&9HYrW\x5cg\
y\xf1\xa1\xf1{\xff\xe0=\xcb\xff\x0b\xb9\xaf\xefT\x00\
`\x16 \xeb\xa78\x7f\xfa\xf7\xb0}\xe7O\xc0\x09\xae\
$+\x84Y9%\x9d\xf2\xb9E\x84\xadSH\xb6n\
\x83\x93hkP\x01,kl\xa9\xaa5<A\xa5\xbd\
D_\xf4c\xa7E!EG\xde\xcd\x02S[aC\
C\xb5G\x94\x11\xa6\xe4\xd9.)\x11\xd3i\xf6\x89\x8d\
\xc4UY\xa0\xe2\xba\xd83\xbe\x1d\xcd\xc9Mx\xdd\xfe\
e\xf4\xf3\x14S\x0ep\xe8\x81\x0c{\xbe\x18\xe1\x85\xaf\
w\x90u+\x92\x02\x0e\xda\x8e\x9c\xf6\x14\xe7`k\x87\
\x9b\x9co/\x18\x18OS\xc9\x10h\xf4\xc0AB\x22\
\x11\xb6\x0d\xa9\xf6\xde\x14\x92\xa4\xa2\xad\xefE\xa8\x8cU\
\x91\x17\x1d\x14I\x047\xd04\x9d\xe3\xb9\xa2\x00\xcbN\
\x83!\x0e9>\x17\x04\xa7\x03\xb9*\xd4_ M*\
\xc8\xfa\x1c\x8bNPr\x5c1,P\x8f\xfa\x02\xb4i\
\xd8\xb5\xc1\x91\x01\x84\xc3>\x1a\x18\xed\x0e\x16\x83\x10)\
\x0d\xb4\xa4\xe0\xfd\xd0Mn\x18\xae2Bk\x92\xeb\x11\
\x0e\x90\x84\xbe\x92\xbc\x87\xa1@\x9bnrVp\xa8\xa0\
\x90y\x00\xf3\xf5\xd2r\xb3c\xd9,\x15\x94\xa3\xae8\
FE\xd2\xf7\x93a\x05\x9d\xe6\x0cZ+K\xdamX\
\xca\xd0[b\xd6BmE~\x9f\x8a\x8c\x8a\x88\xb6\xe4\
\xf4\xbe\xf8\x08N\x8eU1s\xb3\x8bS_\xec\xa2N\
a\x17\xf3\xb0[N\x89A\xdb\xc5\x85{s,\x22\x17\
\x1d>\x0d9\xeb\x8d7^\x83&\xd9r\xa3LS\xd3\
\x8e\x00\xe9\xa7\x12\xfaP\x9f\x9c\x19\x9e\xf8\xcaR\x85\x99\
\x8d\xa0^\xa0\xf4\xfb\xd9\xeeA\x82\xb0\xc95\x94a\x82\
\x8aFf\xb2S\xdf\xd96;-\x15h\xfd\xfe\x0e\x8c\
\xc2\xc4Q\x96\xaf\xa1\x03\x7fC\x89\xb1\xad\x0e&g]\
\xb46\x16\xa87\x1bX=\x9d\xe3\xc0WV\xe1\x1c\xa4\
\xb7A.Vj\xb5 \xc2\xe1\x89\x8dr \x12b\xf1\
\x93\x18\xc9\xa5;P\x84\x9c/\x90\x87`\x98\x98V\x0b\
T\x86\xed\xd2`\xee\xf4o,\x1f=\xbaj&\xfe\xfe\
R\xa7\xbf\xde\xfd\xbf\xdc\xcb\xf2\x02\xe6\xdd\x99\x1f\xfb\x97\
e\xcd\xff\x03\xe9\x9c\x98.R\x11T\x90\x1d=\x86\xb0\
\xde@1\xc6\xd1H\x82 \xeb}>KL\x91 \xc0\
\x94\x8e\xc0\xd9\xd6\xcd\xc0\x93J\xc9\xa15\x13\x07Rd\
\xf0\xa5TAM\xe9\xf3\x0f\x99FV\x06Km\xc3\xb4\
&$\xdc\xd6\xd3\xd3[F\xa93|nb3\xae\x9f\
\xdc\x89\xb1\x0b\x87\xe4\x83V\xcewq\xf7\xfb=l\xda\
V\xc7\xa6\xdd\xac\xe9\x1a\xe2\x22C\xd4^\xday\x825\
\xf0m\x03\x19f\xca\x06,-R\xa4\xfd\x00\xc1T\x88\
\xeaT\x1d\xc9\xca\x0a\xd2\x94 \xa2\xd2FU\xfb=C\
\x10\xf92\xe0\xb3\xff\x9e:z\x0bd\x9c\xf5\xb1\xb8\x92\
\xa0\x97W\xa5\x91\x11e4\x0f\x05\x9a\x93@\x83u#\
}\xf5\xea\x1e\xaa\x934\xc9\xac\xa02]C}\xca\xe0\
\x0f\x81\x8b\xfe\xb9\x02K\xa7\xc6\xa5N\xae\x0a\x0f\xc2\xc8\
\xab\xf1\xc5k\xe5\xc0\x8a\xcc\xa8\xaf\xebF\xa8\xaa\xb2j\
\xc9\x9bI\x85\xf5\x85+\x14\x8a\x11j\xa0Uk2I\
A*\x9e\x00v\xa4\xb6D\x11\xb0\xbc\xb02\xe0\xc6E\
\x97\x089y\x04\xc4+8\x10\xc47\x97\xa0m\x08\xd8\
E\x81%\xbf\x82\xa5\xe6\x0c\xa6\xb1_~\x8c\x9f\xb2\xf5\
\xe9\xa2\xf4\x13\xf1\xb6\xb3\xee\xc0\xc4\x12\x08\x90\x05\x155\
\x7f\x0d\xbc>\xb6_S\xc5\xa9\x8d!\x823\x83!\x0e\
\xc0M1\xc3\x19x9-y\x0fr\x22\x09\x12\xb4D\
\xf8\xc30\x08\xeb\xa5\xb8\x10\x9a\x8f\xa7\xbf\xaa3\x82~\
(\x22\xec\x99p2\xb8\xecx\xef\xf8\xb1\x09\xf2\xe9\xc0\
1\xaf\x8b\xcaN\x8c\x14\x1e\x19\x90Q\x82)G\x0df\
\x86|/\x13T\xd6e\xc6U\x9a\x96\xe6\xad,9\x19\
\x9ch\xf7E\x8cq\xedL\x8e\xee\x19Q\x900\xd3\x85\
\x1d\xf8\xc8\xd1\x00\xb0\x91\xcf\x82\xb3;(qa\xe6\x12\
<\xda\x98\xd2{\x12\x0fPl\x9cF91n\x1c~\
G\xc8\x11\xfc5/K\xb7Vu\xcb\x0bs\x1f~\xf1\
\x07\xfe\xed\xc7\xbf\xf2-\x9e\xfe\xdfJ\x00P,\xa0,\
\x9d\xc2\xb9\xf9.\xf7\x957\xfeX\xe9G\xdf_\x16\x03\
\xa2\x19.\xfb\xdb\xe2\x8as\xf0 \x9c\xeb\xae\xd5)>\
\xab\x88j\x97\xa4\xac+;\x80#\x06\xd6RB\xd8\x1b\
+\x96\x0f\xb2V8\xe4\x13\xc0s\xb5\x0d\x22\xda\xfa\xc3\
G\x90\x1bW\x1e\xfe\xb1\xaf|yi{q\x1a\xd0\xc1\
\xa2\x17\xe2\x0b\x9bw\xe3GV\xcf\xc8\xa6\xdd\xe4\x03\xfb\
\x1eN\xf0\xd1\x0f\x07x\xf5kCL\xb4\xfap\xe8\x01\
W8\xc8\x06\x11zm\x17q\x9b\xe9|\x82N'@\
o\xa5\x87<q\x91\x0f\x5c\xd4\xa7<\x5c\xf7\xc3]\x8c\
5K\x94mK\x1a6\x1bIt\xdbJ$\xab\x15\x1c\
<\xb5\x8ac\x9f(\x91\x94!\xfc\x9b\x1ax\xd1K\x02\
,u=\x9c:\xbb\x84\xf9\xa3>\xf2{\x0a\xb4\xfc\x04\
QX\x22\x98rP\xd9\xe0cr\xaa\x87\x99\x89.&\
6xhLrq\x06XZ\xa9\xe1\xa9'\x12\x94\x0b\
F~\x8ci\xbbh\xd4)\x09\xc6nve\xa4\xf1\xe4\
7-Ab$RJ\xb1~Wk2\x09\x12\x8c\x93\
\xb6\xf7\xbfN$\xd7?\x0b\xc1r]@L\xc4*E\
\xf6\x8b\x9b\xda\x04\x11I\xffM\x10\xa2\xd2P\xd9W4\
> \xb8\xc7\xa3K\xaf\xb1\xf4=\xf4\x22=\x8f\xf9\x1c\
\x9c\xd4Ew\x8df\xa5}\x04>Qp\x95F\x91\xe7\
H\xff\x01_AE\xae\x84\xd9-9\xfc\xf1\x1c\xe5\x19\
\x8dqB\x8b\x17O\xc3\x12\x93\x5c\xff\xa6\x9d\xd9\xa5\xf0\
\xc7x\x88\xa2\x9d\xa1\xde\xcf\xf4k\x89|\x18\xfc\x97(\
\x88\x9c\x0f\xc4u\x0d\xd3\xb7\xeb\x94\xe8Kv\xa7L\xbe\
\xc2\xe22`&JT\xdeS\x17c\xe1Q\xb0\x0cp\
\x11\x96.*F\xf7O\xbb\xfb\xaa\x05\xc5;\xdf\xf4+\
B\x81\xdf\x18'\x88\xda\x1d\xf4\xf3\x18\x1dz';@\
\xc5)1FR\x1a\x1cp\xfe\xb0o4\x18Iv\xaa\
\xc8\x90\x91\x06\xa7fc\x06\xbf\xb7\xf1J\x91B\xf7z\
=\x04\xf5\x0a\x06[\xb6\xc2!\xf3On\xa0\x01m\x8d\
\x80\xa6\xe3yN\xd9\xe9\xcc\xf9\x87\x9f\xfeW_\x91y\
\xff;\xbe\xa5\xd3\xff[\x0b\x00\xc3\xbe\xe3c\xa9;\xb8\
\xec_\x945\xef\xa5\xa5\xeb6\x86Mf\xcf\x93\xda\xce\
;x\x10\xee\x95W\xa9d7\x8bD\xd3{\x1e\xd5q\
c\x8d\xc6\xb6)\xe9\xab\xb2,Yw\xf795\xc5t\
\xb1.\xe9\xb2\xf2\x8a\x0c\xcb\xc7\xa6\xd2R\xb0\xab\x9d\x13\
\x89\x1aC\xb5bI\x12T\x15\xe6\xe1\xda\x04n\xd9p\
\x116\x9fy\x16\xf5\xc2\xc1tg\x80'>\x94`y\
\x7f\x84\x0d\xb3\xdaK\xa7\xf0'\x09\x17\xbdU\x1f\xed.\
o8\xed\xb9\x12\xa4\xb1\x83\x80\x17Vd\xd8~\xab\x83\
\xdd\xcb-\xb4\xc6\xc9\x110\x84\x0d\xd3[\x96\xce\x00\x91\
\xe1\xa0\x8f2\x1d \xd9\x9b\xa1\xfa\x92\x0a\xde\xf9\x7f7\
1\xb3\x99\xfd\x5c\xea\xd3O`i\xd5\xc3\x93\x0fu\xf1\
\xf8]\x05\x96\xbe\x5c\xc2\xebe\x18x\x03d\xe3%\x1a\
\xb3\x9c|\xcb\xd1\xda\x01\xb4\xc6r\x9c;\x97\xe3\xd8g\
Slgzj\xc7\xa5\xa8P#\xc0\xbdA\xe8e\xa3\
\xb3\xf65\x8e\xb4\xa2\x0a\xa4\x93nLky\xa2\x0d\xc7\
\x813.H\x9d\xa6\xb4\x9bZH\xd7\xa6$c\xc0\xb4\
\x7f\xc7\x9e\xb4\x96@zR\xaa\xb5X\xfa\x1c\xbdAQ\
\x09bK2`-\xcb{V\x81\xe3\xd7\x84t\x94\xb9\
\xba\xa1\x05j \xdc\xc1qg\x8f\x19\x04\xbf\x99\xc8\x80\
m?\x0a[J\x168\xc1\xda\xa9\xe9\x18\x8d+'\x90\
?\xbb,\xd2l\xb6D\xb1\xea\xd0\xd4\xe8\xef\x5c\xde\xc0\
\x95?\x1b\xe2\xa2]\x01\x16\xcf\xe68\xf4\xf1\x1e\x96\xbf\
\x94\xa3\xd5\xefc\x85\xc0\x22\x19\xbb\x82\xa4\xe8\xe0\x1e\xc7\
'D\x82\x8d\x8dd!{\xf1g\xeb,\x03\x8c\xc2\x92\
\xaan\x99\x0e\x0d\x9d\x9c\xddU\x11T\xe5f\x1fj\xd9\
\x0a\xddX3\x85\x0e\xa5\xca\x8a\x0cK\xe1\x06<\xb2\xfd\
\x12L\xa61n\xe8/cgg\x1eS\xfd\x15\x0cV\
\x96\xd0.8%\xa1k\xdd\x06$\x89\x93\xb4\x07\xe3_\
On\xc2\xfb\xb7\xdc\x88'\x22\xea8\xf0\x1e\xe7\xc2\x94\
\x15\x81\x1bY\xecf\x8fH_T\xa10J\xfd\x97s\
\xe7\xfek\xfa'\xbf\xbf\xe7[\x01\xfe\xbe]\x01\x80Y\
\x80\x94\x02\xd9\x9dw~\x0d/\xfb\xa9\xf7 \xaa\xfe\x13\
d\xa4\xe3\x09l\x8e2\x08\x91-\xb5\x11\x1d9\x82\x94\
Ta\x99]\xd6\xb8;J\x14\x12 \xcc\xcc\xf5\x0f\xdb\
N2\xe1&\x18\xa9z\xcc\x0b\xa9\xce\x18\x88\xd8\x99v\
\xf9\x1ef\x06v\xdb[p\xcb\x18-\xb8.VP\xe2\
\xee\xd9K\xf0S+\xa7\x11wW\xb1\x8d\x81c\xb5\xc0\
\xe2\xbd\x03,\x0cS:\x9b2\x9bqN#\x11\xa1~\
\xbf\xea?L)\xa8\xc2\xe7)[7\xfa\xf1\xa4\xa2\xaa\
a\xc90\x98Q\xea\x1b)x\x00F^\x89\xee\xc9\x1e\
\xe7\xc9$G\x0d'\xc60\xe5\xf5\xf0\xea\xdbR\xdc|\
\xeb\x04\xee\xffR\x86\xc7\xffs\x8a\xda\xd3k\xe8/\xe6\
X]\x04z{K\x9c\xa3\xd8\x06'\xe4r\x92i\x5c\
\x91\xda\x92u\x99\x15\xf0r2\x03\xad\x86\x82\xd512\
\xcc?{\xe5f\xb2M\xeb\xc6\x91~hh\xd8i\xc3\
\x1b\xaf\xbf\x15\x8b\x02\x91\xcfZ\xffR\x895\xbe\x1ad\
\x88N\x80e\x08Z8Bx\x0c\xea\xd1(Z\x05\xf2\
8=t=\x1a\x99\xf3\x0e\xe8\x82\x97\xfc\xa3\xc8\x119\
\x05\xc2\x1ae\xc2\xb8%\x8cd\x19\x93a)k\x98A\
\xc4\x12\xb0\x9au\x17\x13\x97\x0ep\x86\xa9\xf2\xb0:Q\
5)\x06\x93x\xcc\xc3\x0d?W\xc3moW3\x0e\
\x06\x90\x1b_\x1e\xe0\xbeO\x15\xd8\xff;\xec@\x0d\xe0\
\x0bGBK\x99\x8a\x09n\x894\xa4\x0c\xf3\x8f\xfd|\
\x19\xe7\xe6\x17\xf1\x1c\xd6\xacS%\xe6X\xe2\x90\x09\xca\
\x8c\x93\x1d\x05\x93\xa9\xf2\x98\xc8\x80^\x0b\xf0{.*\
Y\x89~\x99a\xe2\xf4\xd3\xb8))\xf0\xbe\x8b\xae\xc5\
\xfb[3\xd89{)n\xe8.\xe1\xa6\x95\xf3\xd8\xba\
\xb6\x84\x99\xfe\x9a\xf0+\xb2\xb2\xaf\x0a\xc2\x5caA\x13\
Oo\xde\x85\x8fL_\x8c\x83\x5cut}\xc9\x0ad\
\xbb/FT\xaf\xc1\xe9S\xe5\xda\x02\x0f\xe6\xf4g\xda\
\x17\xf8.V\x96\x1f\xaf\xdf\xf7\xc5\xdf\xea(c\xee[\
J\xfd\xbf=\x01\x80/\xc1\x03K\x07\xdd\x1f\xf8\xf7\x8e\
\xbf\xf1\x0d\xa5\x1b\x5c!\x8dYE\xf9\xe0E!\xd2\xf9\
\x05\xa0R\x01\xb6n]\x970\xb6\xc5\xa81\x0eQ\xc3\
/. \xb2\xd2\x0a$\x9cHK\x0d\xb4#\xde{\x5c\
\x05\x0a\xc8\xe9\xa9\xcb\xd3\x8d\x0b\xc1\xd0>\xc9Z\x1b^\
\x94QV\xa1\x05S\x91\xe3\x89\xb0\x81\xc7g\xae\xc1\xcd\
\xc7\x1e\xc4j\x99a\x0bSI\x8d\x12\xaa\xfbg\x111\
\xb3\xb9\xb8O\xact\x06\xfb\xe3|\xd5\xa2\x08\x05\x09N\
T|!\xcf\x9b\xe3\xb6B\xbf5\x99\x08\xd9eT\xe2\
)B\x84i\x8c\xce\x9e\x18\xf7|\x02x\xdd\x0f\x8c\xa3\
\x11\xc5\xf0\xe6\xcf\xa1\xb6\xad\x02?\x98@+\xca\xf1\xfd\
o\x0ep\xe9\xb5\x03\xdc\xfd\x1f\xeap\xfe\x84e\x05\xcd\
%\xd5i\x97'F\xd3\xa1\x82n!\x1bT\xeaX\x82\
W\x11y\x07\xdc\xac:\xdb\xa8.=t\xf0\xe5\x82V\
\xb4[\xc9*\xec\x8c\xe88\xb0\xa9\x0a\xe4\x1c\x92a\xa2\
\xe7\x8c\x00\x88\x9d\x8a\xa4\xa62^m\xee\x1d\xdf\xdfu\
\xc9\x94\xd3lH\xbf\x89\xe9\xb1\x06\x22\x05sy\xcag\
(RNXd\xc8\x9c\x01.\xef\xcdK\xd91\xbbv\
a(\xa7U&\xa42\xb7T\x80\xa3\xa4m7\xcb\x17\
\x06Q\x9e\xa6\xa4\xd6\x12\xdf\xa8 \x1b$\xa8\xb4|L\
o\x5c\xc3)\x0euq/Z\xce\x92!TDW\x03\
\xd7\xdc\xe4\xa1\xec\xe5\x88\xe3\x04~\xd3A\xb3\x11\xe1\xf5\
oM\xb0\xf1\xa2\x10_\xf9\xcd\x00\xe9}9j\x09\x93\
\xf1\x1cIN?>\x0dr\x5cO\x14hQ\x0b\xb4:\
\x1c9\x1a\x02C\x8b\xa6\x0c9\x9f\x9f\x09\xa8\xd6(\x96\
3\x03e\x8eA\xc5E\xf8\xb6&^\xf8#.\xf6~\
\xda\xc5\xf9\x8f\xae\xa1\xbe\x9c\xa1\x0f\x1f\xd3\xf3\xcf\xe0\xe7\
\xca>~{\xfb\xcd8\xe2\xfb8\x1e\x8e\xe1\xa33\x93\
\x98\x9e\xc9\xb1%\xeea{6@3c\x11\x10\xa0\xe7\
\xb9\xd8_i\xe2\x00\x8dAY\xfeD\x81\x88\x80\xfa\x9b\
f\x90\xcc\xce \x1ep\xf3\xdb(l\x0fI\x83\xf0\xc4\
I\x5c9}\xec]\x9d\xc3\xf7]\xd0\xcc\xfb\xceo\xf9\
\xf4\x97e\xf5\xad\xbf\x05\xb3\x00\xb8\xb8\xf3\x13g\xdd\x17\
\xff\xedw\xe5Q\xf3}\xe6x\x90\x0b\xd7\x0c9D\xe5\
\xf8Id\xec\x0f\xcf\xcc\xeaH\xe3\x08#\x8d\xe0\x11\xb9\
\xe2.\x07q\x04\xf4g\xaf\x97\x04\x13\xb2\xb3\xaa\xca\xa6\
\x92\x0d\xcf\xb9n3\xc5%\xd3q\x9a\xeeJ\x9b\xcd\x22\
\xda|O\xcfA\xc6\x00@\xd3O~W^\xe2\x93\x13\
[\xb0}\xed\x22lZ<\x8c\xb6iM\xda*X\x8c\
\xa0\xcc\xfcE8\xc2\x1e\x8f\xcd\xc9\xa3\x9eD\xc6|!\
g\xcb\x8dA@\x83\x91|TIlH\x8eQl\x98\
\x9f\xb9\xb6V\xe0\xd0\x97\x81\xd9K\x81\x9b_\xe2#J\
2\xb4\x8f\xb5\x11\xb5\x80\xea\x06:\x10y\xb8t\xab\x8f\
\xd6/;\xf8\x98\xeb\x22x_W\x91e&?\xa5\xaa\
\xcf\x8aE\xa0\xbd\xcd$\xeb\x08\xd8d\x14\xf2\xc8\x8b\x10\
\xc2\x11II\xaa\xcf/?_6\xb2\xe9\xa6X\xa1S\
\xb9\xa99r\xa3i?2\x02h(\xb0\xbc\xd7\xea\x82\
+Uq\xa0<{\x9d\xd0c\xa0\xd1a\x1am?\x1a\
\xae\xaei\xe7\x90\x9b@\xbeFg\xd0\xc7M\x07\xee\xc5\
\xcdF\xdc\x99\xf7N\xd0\x01\x1f\x88\x1a|2,\x9d\xa8\
s\xcc\x92\x85?\x85\x99\x1bOc\xc2F1R\xeeV\
\xd7\xc3\xf8\xa6*\xb2\xe6\x00\x05U\x93\xcdG'\xd8\x97\
:\x1ef^\x1aaz\x9a\xaeu\x1e\xba\xe7W\x11\xac\
\x06\x08'#\x84\xf5*n\xb8>\xc4\xccod\xf8\xdc\
\xef\xf4\xb1\xf6\x01`|M\x05V\x0d\x1dH\x11#\x19\
%\xd7\xcf/\x93~06\xf0frOx\x0f\xe2\xf4\
\xc3@\x5c\x83\xe3\x0d\xb4\xe4\xb9.\xc4\x1b~i\x12\xdb\
6z\xb8\xfa\xea\x18\x9f\xd9]\xe2\xc8o\xf4Q\x9f+\
\xd0#\xf7e\xe1\x08~2l\xe17/\xba\x11\xcb\xc4\
b\xb2\x1c\x0b\x05\xb0\xe0T\xf0$Mr\x82\xf1\xe1d\
\x9f\x0a'$\x82\x9d\x14^\x88p\xa2\x85l\xe7\x0e\x94\
}\xed\xf7\x0f\x0dI,\x00\xc8\x0b\xa25\xd6\xc2\xd9?\
\xec}\xf4\xb7>cR\xffo\xcb\xe9\xcf\xd7\x9fe\x8f\
\xf2\x97\x03\x04o\xbf\xdd\xcd\x1fx\xdf\x1f#K~\xd7\
\xf1Cm\x96\xcbz\xd3c5\x0e\x228G\x8e\xc2]\
^R\xe3G\x81a5\xf5T\xc0\xc3\xd8 \xf1Ec\
\x109\xf1\xf9\xe88\xe7\xad-AJ\x86\xd9\x14V\x0f\
f\x22\xd5\x0c\x12\xca\x94\xb2\x03\xabR1K\xd6\xca\x06\
.\xf3o\x1f\xe7\x02\x1f\xbf\xb3\xf3z|\xe1\xb2W\xe1\
\xc2\xf4\xe5\xe8\xd7\xa7Q\x04M\x04n\x84\xc8\x8f\x10\x86\
uD\xf5I\xc4c\xdbqx\xcb58\xbc\xe9JP\
Hj\x98^\xcb\xf5Iei4\xf1\x0cO\x80$\x1e\
\x11\xeb\xa8\x085\xd6s)sM/x\xa0~$\xc6\
\xc1/wp\xe1\x94\x8bpr\x0cnT`\xd0[A\
\xe7\xd4\x12\x92\xb56\xf2j\x88\x99:p\xeb;J\xe4\
WF\xa2\xfck'\x13\xac\x10\xa6}\xd2J\xa5v\x90\
\xc9b5\xb6\xe3r\x9a\x99\x01\x1d^\x22k~N\xcb\
\x91\xc4\xc3l\xc0:\xa8\xf3{|-s\xd6\xdft\x84\
0m|\xea\xf5\xf7\xbaI\xd4\xbf\xc0\xc0^\xe4\xd0K\
\x8b1\x13\x83T\x92\x80X\xfex\xf2s\x18|\xf9\xb8\
!\xed\xd6v\xce1hvU\xf4\xe7d\x17\xd5q\xd1\
M\xe4F\xb0\xab\xc3\xc0\xcf\xc5\xcd\xd3\xd6\xea\x22\xf3~\
R\x08\x83\x81\xb5\x82\x80\xbah\xe3\x06d\xb5\xd9\x0a\xb5\
\x14vT\xb0\xeb\xa5>\x82j\x89<M\xe0\xd1\x9f\xa1\
H\xd09\xbd\x8a\xee\xfc\x00Y\x10b\xcb\xa6\x10o\xff\
\xbf|\xec\xfc\xbf\x03\xb4'8>L\x10N'\x034\
\x08\xb28\xe5\xfd\xa2\x96\x22\x13T\x03\xb0\x0aO\x83E\
\x9f\xc1\x90D6<\x90\xee\xcd\xc0q\xb1\xf1V\x0f[\
[K\xc8\xe2\x14\xf5(\xc5\x0f\xfdH\x84]\xff$B\
\xa7Y\xa2\xe1\xd1\xf9\xd7\xc1\xc4\xf9}\xf8\xb1\xe5\xa3\xf0\
\x05Hti\xcd'\xf7@\xba*\xc2Ze\x00W\x8c\
\x1cA\x84\x92\xfe\x07\x8d*\xf2\xdd\xbbE,\x85\xebK\
f_,0.\x5c\x99\xa2p\xc2\xd0u\xda\xab\xfb\xcb\
}\x0f\xfd\x9aD\xcb;\x9f\xb3,\x9e\x0f\x19\x80\xbcJ\
\xc3\x0d(\xb1x\xfe_\x953\xdb^\x89 \xbcLK\
\x01U\xf3$`\x95\x95!\x82C\x87\x90_~9\x8a\
F\x03eb\xabE\x22\xf7:p\x22/\xe9\x8f\xf3[\
\xa97H\xe2\x10\xa5\x98\xf9`\xb4\xc6\xd54\xce\x10Q\
\x84\xc1k\x86S\x8co\xbb\x0c\x0f\xb1\xefnd\xc7\xe8\
\xf9\xc7P~&\xa8\xe2\xfd\xd5\xed\xa8Om\xc5x\x16\
\xa3\x95f\x18\xa7\xcc\xb3\xe7\xa0\x1f\xfaX\xa3LX\xe9\
b\xc5\x0b\xf1\xc2\x22\xc6\xdf_>\x83r\xb0j\xec\xb2\
\xd6\xebm!b\xd96\xa4P~\x89,w\x84\x93\xc0\
\x91]\x0a\x05\xf3\xab\xc7\x06%z\x8f\xa78yK\x8a\
\xad;[\xa8\xb7\x12\x0c\xbakr\xfd\xdd\xb9\x0e\xa28\
\x15\xc2\xcf\xecx\x8a\xd6\x8d9V\xf62\x81\xb7\x08\xc7\
\xd7=e\xa9Q\xc9w0H\xbfX\x84Y&\xa4\xb1\
/\x17\xd0T'\x03Ea\xc6\xb8'K\x1dM \xd2\
\x02\xb0\xcf\x99\x960\xccK.Z\x9b\x01\xf8\x09B\x9f\
\x8e\xc5F\x08\x95\xf7\x95\xb5\xb1!>\xa9*\x93\xc9\x88\
he&\x1a\x0d\xfaV\xd6^\x94\xf3\x1c\x9dj\x89K\
\xde\xe2\xe1\xd2\xeb\x1a\xc8S\xba\x04S\xf6\xc3<4;\
\x85/\xf7\x91H\xbe\x8e\xf0F\x91'L:;\xe8\xcc\
\x7fNC\x1f\xb5\x97\xb9\xb8\xe4\x12~\xde\x14E\xd2\x97\
9{\xc9\x98\x5c\x17\xf1\xca*\xf2n\x86\xda\x96\x1a\xea\
Q\x0do\xfa\x9b}|\xae\xee\xe1\xd0\xed\x09\xea\xcb\xd4\
|\xe0u\xa9\x96\xe2\xb0x\x96Vd1T\xd5\xe54\
\xa7K\xc0\x99\xa4 \xebR\xc4\xf6\x9dW \x1f\x94\x18\
\x0c*p\xdd.\xb2 \x91j\xf6\x8do\xad\xa0\xbf\xdc\
\xc1\xf9w\x03\xcd\x1c\xe8\x14\x03\x5c}\xe4\x09\xfc\x90\xdf\
\xc4\x87\xc6f\xd4\xb5\x97\x027v*V\xf8\x1f>\xb4\
\x0f\xc9l\xd7Ay\xf9\xe5\xc8\xc9=\xa0\xa1\xacp$\
\xf4\xba\xf4\x92\xb4\xeb_\xf6\xe3\xd8;\x7f\xea\x9f\xe7_\
\xfb\xd4Im\xbd\x7f\xeb\xc0\xdf\xb7?\x03\x18U\x0e\xda\
\xf7''\x90v\x7fE\xcc\xef\x86\xe4f\xf3\x05.\xfb\
\xa4.\x9c\x03\xfbQ\xf6zj\x8d#WaNZ\x19\
\xd5\xd4\xe8\xe71]#\xf3N\xa6\xafx.\xaeC\x06\
d\xdei\xec\xa2\x88\x82\x8e\xa6Jmj\x93[kB\
j\x99\xc7\xd4\x8f3\x82\xa3\xc4\x04\xe8\xd0z\xc6\xf3\xb0\
\xaf\x1a\xe1\x81f\x0b\xf7\xd7[x\x22\xaa\xe3\x88\xe7\x81\
:\xc0\x5cd^\x99!7h\xb6\xfch\x91\x00\xe7\x89\
\xef\x0dOD-\x03\xb4rt\xfc\x8a\xba\x03s\xb2O\
FpE\x1d\x1d\xd1\xfc\x00g\xf7eX\x5c\xe6x.\
;\xc5\xb4\x03c\xfd\xe7\xa0\xbf\x90 Y+\x105\x13\
\xb8\x1e=e\xd6\xb5\xfa\x8c\x15\xea:VZpKQ\
\x81?5\xb5\xb3\x8e\xea\xb2~V\xca\xb21\x08\x91\x17\
\x03\x1e7\x94\x9d\xfe\xb3^\x80\xc3w3\x1f\xca\xde \
\xc5T\xf4_\x1c\x11\xbda\x16\xc1\xf7\xe5\xe9\xc4\xf7\xd1\
\xf9\x08\x1a\xa9\xf2k2\x0d\xd8\xa2\xd1\x00\xf4)d\xf1\
\xca:\xc6\x7f\xba\x89\xc9w8\x18\xff\xd1\x0a\xa6~\xae\
\x89\x17\xfe\xa7\x09\xbc\xeeG\xeb\x08\xa2\x02y\xdf\xf08\
\x8c\x99\xa9h\xd9\xcbL\x81\xd6\xe5\xd2\x0e,\x13$\xb1\
\x19\xb75\xd8\x0cc\xfe`\xac\x89\x8b_\x16\xa19\x15\
\x0ao\x83mZY\x17n\x80 ,\x115\x98\x85\xf5\
\xb0v\xec\x02\xfa\xf4#\xc8C\xbc\xe2u\x0e\x1a\xafs\
\x90\x94\xea:\xa4\x04c2/\x19\xa2\x98\xea\xf3\xb9\xb1\
\x8bc\xb5\x0e\xb4\xd1'\x89Bj\xf8\x04l\xdb\x15\x05\
N>P\xe2\xd4\xfe\x8e\xf0\xff\xdb\xa7\x07\xe8\x0dz\x88\
j\x05\xde\xf8\xb7+\xa8\xbf\xc5\xc1\xc0\xa5\xd5\x9b\x83\xf6\
`\x05\xaf9\xbe\x077\x16\x03\x14\x9ct\xa5q\x07\xa3\
\x05\x07\xde\xc2\x08e\xb5&\xd9/Q\x13\x7f\xf7%\xf0\
\xea\xb5uLl87C*\xb9\x19\xf5\xe5L\xfa\xca\
\xc2\xff\xcc?\xf4\x9b\x1f\xd5\xd4_\xe5\xf9\xbe\x9d\xafo\
W\x06\xf0\x9cR\x00w\xde\xf9\x11\xbc\xf4\x9d\xbf\x8bj\
\xe3\x1fH\x16@^\xea\xb0\x9d\xe2#\xcb3\xf8\x07\x0f\
!\xbb\xe2\x0aqI\x15\x1b)\xdfEI\xf6\x93Y\xb2\
\x195\xaaJB8M8\xde\x92)9\x09\x22\xd9\xd3\
K\x91\xee\x82\x5co\xd9\xa5:5\xa7\x8d\x05>T\x0e\
\xcdX\x9f7\x16\xd6fr\xd0\xf8\xc9I\x0bK\x18\xcc\
\x86\x1a\xab\x960\x92\xba\x91\xb5\x980\xd5\x1dj\xc3\xd3\
\xb0\x81\x22\x1b\xac\x13\x0d\xee |v\xa5\x9f\xaaO`\
\x82<s\xccX\x84\xa6\xf0\x15U\xceF\xb2/\xc6\xf9\
\xb9\x02\x9b72\x05,\x90\xe7\x14\xc5\xd0\xb9\x02\x0e\x06\
\xb5Wr$+\x844\x07j!f>\xe1\xb0R\x97\
\xb2\x90\xac\xc3\x08\x01ks\xa9\xbb\x95&*\xe3\xac\xf2\
2\x1bK\xba\x12}\xe1\xa5\x0d\xe9\xa3\x22)\xa6\xc30\
\xeb\x03\x13\xeb<\x00kE%\x9f\xb7J\x97\x1e\x0f\xbe\
p\xdd\xcdI)\xf8\x06m\xd7\xd7\xed\xd1U\x02\x8b\xea\
\xb4\x19\xd2\xcbC\xfc\xf0\xefl\xc4\x96\x8bJd\x03f\
\x0e,fL\xab-n#]K\x84\x0c&\xa5\x19\x83\
\xbc\xbdfa\x19*\x0e \xfd\x16'@{\xb9\xc0`\
%\x16\xfc@\xd9\x8e\x0e\xfc\x1bVq\xf5\x0b&D2\
\xab\xe8\x13DT[w-\x03\x89\xa7\x00n\x9dCA\
\x1ez\xe7{\x08\xb6\xd4\xa4I\x10\x8d\xe5\x10d\x85\xad\
@7C\xceg+D\xa9\x0c\xb9P\x9c\xa1r\xf2B\
\x8a\xa2\x90\xaa\x8a\xd0H\x83 \xe0\xa4e\x81\x88\x1f\xff\
T\x8c\xbdO\xd7\xb1\xf9b\x17\xd5I \x9e\xcb\xe1l\
\x5c\xc3\xf8X\x89\xd7\xff|\x15\x1f\x9e\xcbQ|\x89\xf3\
\x129\xd6\xd6N\xe1\xad'\x9f\xc1\xe9Kn\xc1<\xd3\
|\x19\x0e\xb3\x0fQ)\x96\xdee\xbbPLL\xa2`\
\xddo\xd4\xa8e\xd2KSJI\x889\xe9\x87\xb5\xb5\
g\xf1\xccC\xffR\xa7\xfc\xbe\xf9Q\xdf\xbf\xea\x0c\xc0\
\x96\x02\x8a\x0e-\x9e\xfdU\xa4\xf1\x13p\x03Q<\xb4\
\xad\x16)W\x09\x80\xa4%\xfc\x83\x07\xc4=V\x95\x85\
G\x18\x0d2B\xc7EF\x9c\x80\xf6\xd3F\xedSz\
\xff6U2\xa9\xb7\xb4\x91hS\xbd~\x82\xb1x\x93\
\x8dj\xb4\xd5%\xf5#\x8a\xce\xf4\x8b\xbak\xdc\x0c.\
-\xc8\xb9\xef\xd9\x11`\x99\xa1U\xa9\x88o\x08\x97\x9e\
{\x5c\xd3b%\x8ep\xd6_(\x1d\xba\x17$ee\
\x9dGz)/\xdaSCQ\x92\x9e\x8c\xd00%%\
\xaa\x1e\x10\xac\x15X\x9bO\x91&!\xe2\x9e\x83\xac\xaf\
VZ\xad\xcdM\xe4\xb1\x83}\x8f7\xb1\xb0\xafb\xd4\
\xe9G1z}Y\x1e\x80\xc8t\xf3\xb3H\xd6Cc\
C\x12c\xacD\x99Q\xb5\x95\x93\x9f\xdc\xfdaS\xd5\
\xccQ\x18\x1d\xc6\xa17\xe0\x08\xcbl\xa4(pHC\
\x16\xb7)\x13,\x85k\xa0\xc8\xb8\xe0\x0b\x82\xdb(\xff\
D\x94\x808\xb6\x91\x95X\xda\xbf\x86\xf8L\x17.\x15\
r\x17\x0b\xe4\xab=$\x8b]\xa4+)\x0a\x0e\xde\xc8\
L\xbe\x1d\xcca\xe06\xa5\x08'\xf0h\xdd\xcdi\xd2\
\xdc\xc1\xea\x9c\x07\xb7\xa7^\x8a\x04\xe7(\xab~\xd1\xcb\
\x9a\x98\xddX O\xba\xc8\xd3\x01]\xeaF\xaeI\xaf\
\x9brZ|\x80\x95\x16u\x19=\xec{\xb4\xc0\xdc\xd3\
b\xe0\xad\x9c\x04f\x94\x89\xb8OhA jf\xa5\
\x11\x95\x0dP\xa4\xc48TTD2\xafT\xd8P\xf2\
\xfe\xd5\xe5\x02'\xf7\x94\x98;\xe7\xc1\x0f\xd5\x80f\xb0\
\x90\x0a\x17`\xc7\xa6\x1c\xaf\xfb\xa5\x0a\x92\x8bC#\x8c\
\x0a\xd4\xcf\xee\xc3\x8f^8\x8cP\xc6\xbc\xa9c\xa8\x22\
.\xa4uW.\xdb\x85lz\x1aE\xdc7\xf2\x7ff\
\x9d\x92#\xa3A@Uf\x92\xb8\xef\x9d9\xfa\xcbx\
\xf0\xd3g\xf0\xaew\xf1P\xfd\xb6\xa6\xfe\xdf\xa9\x00\xc0\
W\x89\xdb\xdf\xe5b\xff\xdd\xe7\x10\xb7ow\xf3Tz\
\x1bR\xae\xda\xde4\x03\x1dO\xfe~\x82\xf0\xc0\x01\xa5\
\xa2\xbaL\x8c\xf4\xa5\xb5!\x17\x0cS=s\xea\x13\x94\
\x92SW\x07u\xd8\xd2\x92\xfbE\x92\x10\xebB\x9a\xc8\
\x19\xd2\x08O\xf1\x98\xf3\xe3^ i\xbc\xf5z\xa3\xf6\
@Y\xad\xa2\xa4;+\xd3\xb1\x88\xffU\xa5\xdemy\
\x1e\xc6\x5c\x07\x93\x050N\x0e:Oj\x19H\xb2S\
\xf5\xc2m\x92\x13\x8cS]R?J\xaf\xd0\xa4lN\
]\xdao\xd2%\xa3a\xab\x88\x93jr\x11V\x1cl\
\xbd4C\xad\x95!\x9a\xf0\xd0\xda\xe2\xa3\xb1\xb5\x85\xfe\
\x9c\x8b\x93\x8f$\xd8\xffd\x82\xf8\xf8*\xb2\x11pw\
\xb4J\xb7\x81\x8d\xe97\x07E\x08kQEx\xddL\
Q\x85*\xb4\x0bA\xebp\xd5\xc4\x93\xbd64\xc4`\
\x01a\xf2\x01%\x96\xad\x17\x18\x1a!\x86\x84*\x1d,\
$I\x87\x13\x9a\x86\x03 \x9fs}V@7^\x81\
\x22pQ\x1c-\xf0\xa5\x8f\xc5x\xea\x19\x17\xbd^\x81\
x\xa5@\x7fq\x19\xf1\xf22\xb2\x84~\x8aF\xbf\xde\
\x5c\x87\x04n9\xcfH\xbf\x1dH@\x8d\x9a\x05\xfak\
\x01\xce\x1d,\xe1\xf5M\xe0\x8a\x5c\x94\xd77p\xc5\xcb\
I8\xf2\x91u\x946\xae\xd2g\x0c\x84\xca\xc6\xe7\xaf\
\xc9@\xa9\xbcA\xb3\x8es\x07\x22<\xfd`\x84\xf6>\
\x0d\x81r\xd2K\x90f\xc0\xa4\xac;\xc1e+\x1c\xca\
_\xd9\x91\xd0Z]\xa6=Y\xee\x89u\x17\xc9V@\
=\x05\x06\x07z8u\x82\x02\xae5Q\x89\xe25\xc4\
K\x81`\x10\xd7^Q\xe2\xc5\xffO\x05\xcbc>\x08\
\xe5\x92\x15x\xc9\x91G\xf0\x83\x17\xceH\xc9\x818\x15\
bQ\xe5\xb2\xddH\xc7&P\xb0\xd7\xcf{l\xf9#\
\x86\xec#\xc1\x80\x00\x04\x1f\xf6\xdc\xb9\x7f\x9f\x7f\xe4?\
}\xd2\xa4\xfe\xdf\x91\xcd\xff\xed/\x01\xbe\x8e \x84;\
\xef\xfc\xa4\xf3\x92\x9f\xf8o\xa86\x7f^\xfc\xa08w\
:\xac\x05\xb8\xc1B\x8a\xe7\xa3\xba\xff\x00\xdc\xcb.\x13\
\xdf\xf4\xe1\x08\x8b1\x9fT\xf2\x0fF\xe6\xb5\x19\x10\xf4\
\xa4\xf3D\x18\xa2\xaf\xe4\xa0\x9cig.\xcc\xafA\xe1\
\xe0\x05\x8b\xc7\xb1\xad\xb7,75\xe5\xbf\xb0\x1fE\xda\
@\x91\xc1#9%KT\x04\xd4\x01\xc6\xfb]4\xd3\
\xb6\xb0\xd8\xfc \x14\xcev\x85\x86'\x04\x00-E\xc0\
S\xf3JM?\x8d\x91\x89\xa9_\x99\x9eS\x9e\x8c\xd7\
\x9a\x90\x07%\xf3_\x86\x8e\xcatrc\x8e\x99\xa9\x1c\
X\xa4\xb4x\x80\x95S},\x9f\xe9ai)\xc4S\
\x87<\x9c\xfct\x1b\xb54\x17*+\x93!9_\xad\
\xd3\xf7\xb0\xba\xcf\x94\x9e;\x84\xc6l&d\xb19\xa5\
\x09k-\xc9S\xcf\x0c\x06\x0d\x83\x89\xb2\xed\x9eK\x04\
\xb2i\x97f\x07\x96\x04\xa4\xf4\xd8\xec9:\xc9*\xcf\
\xaeJGZzX0\xb6D%uq\xe1\xd39\x9e\
\x9c*\xd1\xaaE\xd8\xb1\xad\x90!+\xce9I(\x94\
\x8c\x85X\x82fNR:p#s\xba1&\xa2_\
\x13t\xfe\xcc\xc1\x1cs\xfb\x12T(\x90\xe9\x94\x88]\
\x07\x1b^\xd4\xc0\xb6m\x94uw\x91\xc7\xa9&\x12F\
\xadGU\x8b8\x05\xca\xceZ\x89\xca\xd8\x18:\x8b)\
\xf6?\x93\xe2\xe4W\xba\x08W\xb9\xf1\xc4\xcc\xd8\xdc+\
\xa5\x12kf\xa3lIms\x9a\x82\xc8\x92\xa1\x84:\
\xa8\xd9\xa3\xa0M\xc4\x02N\xbb8\xf1T\x86\xab\xae\xf5\
\xd0\x9c\x88E\xd2-O3\x0c\x96s`\x22\xc3\xcb^\
\xe9\xe2\xfc/\x068\xf8k9Z\xccd\xfakx\xc5\
\xb1Gpt|\x02\x8fV\x1ap/\xdd\x89^\xbd.\
\xba~\x96\xe6\xac\xa6\xbaV!\xdb\x00=a\xc4I\xbf\
/\x96\x9f\xfa\xc0\xbf1\xa2\x13\xdf\xf6\xb4\xff;\x1f\x00\
Ff\x05\xf2K^\xf2\xffb\xcb57!\x0a_\xe6\
dI\xa1p\xb32\x9d$=\x0b|\xa4I\x8a\xe8\xf0\
a\xb8\x1dj\xb0\x9b\x96\x94\xb8u\x1a\x03\x07\xd3\xf2\x92\
r\x01\xeb\xfd\xee<\xe3\xd0?{V\x09J\x9f \x99\
b\xbc\xbd\xac\x8f\xcd\xc7\xf6\x88\xe4\xb7}\xf6\x86\x1f7\
\xfc\xd0\xb6C6\xdan\xe3\xd6\x22pG:\xb8\xf1/\
\x91\xba?cd\x0e[\x08iac\xad\xc8\xa5mD\
E ~\x1f\x819\xed!g\xab\xaeN\xde\xc9\xeee\
\xdb\x0eH\xce\x00O|\xc5\xc1X\xb4\x86\xde \x87\x9b\
\x84X\xeay8\xb9'\xc2\xea=+\xa8\xc9P\x91\x83\
\xbeC\xa3\x92\x02\xd5\x82\x15t\xaa\xca[#\xa4I\xe2\
\x05\x05O*A\xfa9B<z\xe5\xda\x0d\xd0TK\
\xdd{TCN\xef\x800\xdfG]\x5c\x15h\x1f~\
x\xdb@%+\xd0\xcf)\xf4\xa9\xfa\x06\x02x\xca\xb4\
\x1cu\x19r\xa15\xabk\xb0eu\xb3z/0\xb5\
\x90\xe0\xe4\x97\xda8v\x090\xbba\x0c\xaeG\x996\
\xd5\x0b`)'\x83]\xd2\x9b%vC\xde=[\xb8\
z\xda\x86\x13\x01\xba\xc7R<\xfd\xc0\x00\xd9\x01\x19\x84\
\x94\xc7\x9f\xccT\xb1\xeb\xd6\x0e*u\x0f\xd9` \xfa\
z~\xe4\x1bHI\xf1\x171o\xed\xfa\x88\xc2\x86\x04\
\xe1c{\x81\xa7\xbf\x08d\xfb\x0b1\x81\xb5\xfe\x82D\
\xdbs\x0a\x98\x8a\xa7\x80\x11\x92uu\xbc\x9b\xd7\xa0v\
h<\x12|\x11\xb1\xd5{g\xfb\x22@s5\xc7\xea\
\x93.\xe6_\xedb\x8c\x9f\xcf\x8feR2\xe9R'\
\x22C\xbdY\xc3\x1b\xfff\x8e\xd5\x939\x96\xfe\x80\xe3\
0%\xba\xcb'\xf17\x0f>\x80\xeem?\x8a}\x04\
\x039\xdb?D\xfb\xcd\x1d7B9\xbc\xc9\x0eA\xbf\
n\xe7\x9cw\xe8\x99\x7f\x96-\x1d^\xfbvp\xfd\xbf\
{\x01@\x0e\x0a~\x80\x07\xe61\xb1\xf1\xe7\xe1o\xfc\
T\xe9\x07\x9b\x9c\x92t\x0c\xc7\x15\x97 sBe\xbe\
\x8fNR\xa0\x5c\xed\x99\xe5l\x16\xaah~\xe8x\xae\
Z\x1fr\xc1\x18\xd0\xc4\xb8\xfb\x0e{\xda\xa2^#\xf1\
\x5c\xe4\x09\x98 \xab\xfe+\xe5\x1dU\xf2\xcb\xca\x93\xe8\
\xfc\xba\x06\x0bE\xdb\xed\x14\x99\x83$\xd53V\x0e\x01\
\xee'\xce~O{\xb8\xfc\x8a\x1cc\x9b\x02\xc4\x8b\xda\
\x19\xe0u)\x11H\xd5K)xYk\x84\x88Z\x0e\
\x16\x0a2\x08Y\xd6\xe9\xcf\xeb=[\xe2\xbe;\xda\xc8\
\xc6<\xd1\xe7\xe37d\xf1\x00a:@c{\x89\xc6\
\x95\xc0\xec\x0d!jSu\xd1I\x99\xdf\xe3\xa1\xf3\xc9\
5\x8cuc\xb9\x06\x9b\x09\xd0\xb5V&#\x8do\x9d\
\x8c\x00\x0f\x87\xa2lZL\x0d;fE$\xd3X\x13\
t=\xd53\xd3\x19\x19a\x02\x9bq\xe0u\x9f \x9b\
R\x0f\xef\xb1\xb5\xb16\xf6\xecJ&2\xd8\x8a\x99\xc7\
`\x7f\xbbN\x0a\xf4\xbe\x14\x07\x1e\x18\xc7\xae\x8b\x13l\
\xbc\x18\xc8Vm\xe0\xd6\x9f;$+\xd1\x1e\x9b\xee6\
E\x84\xda\xd6\x1a\xf2\xc5\x12O?\x1a\xe0\xf0gS\x84\
\xcb\xcc\xead\xee\x10\xb5[|\x5cv\x0d'\x7f:H\
\xda*\xf5\xa5\x1f\x86\xd7\xa4\x80'\x89Y$G\xf9\xad\
\x08'\x0fxx\xfc\xcb}\xac>Tb\xb2p16\
\x12\xfcE\xe8\x93\x9a\x11v\x22J:(\x9eL\x8d\xda\
\xf9\xbe\xa1\x17 \xb3\x03v#$t$C<\xa7}\
8\xc7\xc9\xc3m\xec\xbc|\x5c0%\xae*?r\x91\
\xae\xe5\xe88.\xc6ZU\xbc\xf5\x17:x\xdf\x9a\x8f\
\xf8c\xc62\xef\xf4\x01\xbc~\xff\x838u\xcbm\xe8\
\x8a\x9c\x98z9H\xda!\xb8\x85\xe4[r\xd2\x15I\
\x92\xbas\xa7~9\xfb\xfc\x1f>j2\xe8\xef\xe8\xe6\
\xffN\x07\x80Q9\xf1\xc7\xf1\xe2\x1f\xff'\xa87\xff\
g)\xb66\xe6(\xb2\xa0\x14\x9f%\x1d\x85k5m\
\xee\xb1\xf6\x0eH\xf4h\x08\x7f\x80\xfdW\x0d\x18V\x02\
[\xed\xb7$\xe5\x15N\xb8\x0f?\xd0FO:Y\xc1\
\xf8;\x22\xdcr\xab\x8f\xc5S=\xac,\xb8\xe8\x9cw\
Pt\xd5\xda\xaaLr\x94\xbc\x04\xbf+-Y\xd6\xe7\
\xd5\xa6\x0boL\x91}Rq\x1a\xe3\x0e\xaa\x1b&\xe0\
VY{\x0e0=\xe3a\xebV\x82|12\xf6\xb3\
UES\x16\xbe\x8c\x99\x04\xeaR\x5c\x9f\xad\xe0u?\
\xdb\xc4\x91W\x17X<\x95\x0a*\xedd\x0e\x12\xf2\x19\
\xa4i\xa1\x03:~\xa5\xc0\xec\xf6:\xea\x1bK\xccl\
)\xb0ac\x8ez\xb5\x0a\xd0z\xac\xcc\xd0Y\xca\xf0\
\xb9\xebC\x1c{w\x8e\xb19\xf5\x1dd\xb0\xe1\xc8\xac\
\x16\xe8\xd4\xb03|\x093\xfe+\x9bC\xb0\x00\xfe\x9e\
m\xc0\x9e\x80\x9cJ\xed-\xe5D\xf2e\x03\xd9c\xdf\
PmM\x8a!\x8c<\x13\x14\x8a\x1a\x83\xaeZ\x8f\xcb\
\xc4\x9e\x8cm\x13\x83!\xa2mSV\x9e\xad\x1c\xa7\xd5\
\xf7`\xc0\x9b\x18\x00K\x0f\x00Go\x006l\x9f\x84\
\xebPHuUg&\x8a\x5c\xec\xcf\x5c\xe252D\
\xb4\x01\xf5m\x1e\xd0\xcdq\xe0\x01\x07\x0f|\xa4\x8b\xe2\
P*@(\x7f@\x5csq\xfd+\x81\xb1q\x1a\xad\
\x06\xc8\xfa=1r\xb5f\xb4\x22,\x93\xd7\x90\x0fR\
T\xc7\x1d\xcc\x9f\xcb\xb0\xe7\xe1\x0cg?\x95`\xac\x9b\
bF\x96\xca\xfa \x91O\xae\x01\xef/MNx\xed\
d\xfd\xe5*\x1ffOa\x19K\x97o\xf3\xc4\xeaL\
\xba\x13\x163e@Z\x04\xce\xed\xcd\xb1\xf6\xd2\x18\x13\
\xd3\x81p\x1bd<\xb9\x0e\xa4\x9d\x0e:Q\x80\xe9f\
\x847\xff\xa2\x87?>\x0b\x84_K\x908..z\
\xe6~\xbcf\xeb\xa5\xf8\xe4\xb6Kd\x1ef\xc8C0\
#\xf2R\xf5\x07\xbe\xeb\xcc\x9d\xffw\xe5\x07\xff\xdd\xef\
\x7f\xbb\x06}\x9e\x07\x01\xe09x\xc0\x07\xf0\x8a\x9f\xba\
\xdc\x09\xeb\xef*\xb9\x0b,\x1e0\xccJ\x0b+og\
\x08\xf9\xebS\xdd*A\xcd\x7fPx]\xf4\x00\xc5D\
\x81\xa9\x1bO<\x12\xc7\x85\x0d\x0f\x5c\x01|\xff\xcf\x06\
\x98\xdd\xc4\xbf\x18\x03b\x0f\xfd\x8c4Xi?h\xf7\
@\xd4t\xaafc8\xc2\xb4\x94\xbd\xc4UL{&\
\xb9\xf7\xd1s\x8a\x87\xa2\x1b#YT\x190OZd\
\xc6\xa3\x8e\xd3\x84\xbc\xeeA\x1f^\x14`\xd3\xc5\x016\
\xed\x1e3\x8c.nX\xce34\x87b\x95\xf2\x19\xb8\
\xe8D\xc1\x87r6\x1d\xd9\xd3\xc9\x0a\x85$\xdb\xf0\xc6\
\x5c4j\x01\xde\xfc\x8e\x1a>\x9a\xb98\xfd/;\xa8\
\x8b\xa1\x0dOZ\xdd\x8cZ\xef\xf7\x95O\xcf\xd3\xd5H\
h\xc9g\x10@\xc9\xcc\xfe\x8aD\xb5\x15f-\x91\x8e\
Z\x05Y\xad\x15\x0b\x00\x9a\xc5_\x06&\xd0J\xc3\x9f\
\x19\x8ee]\x9an\xba<\x08\x1d\x04\xe2\xb3)\x06<\
Y9~-\x12\x0e\x08N\xf5p\xe8a\x17\xbb\xaem\
bfk\x89x5\x07*\xb4\xed\xe2O\x09\xe1U}\
T\xe8\x90T\xf3\x11\x9f\xc9q\xf0\xde\x12_\xf9t\x17\
\xab_\xeb\xa3\x99\x95`'\x98\xa5ots\x80\xcb^\
 \xf2N\xc8\x97\x128>\xcb,A\x8fU\x07\xa1t\
\x90\x0e\xfa\x88ju\xf4:9\xf6>\x02\xec\xffT\x02\
\xf7|\x8a\x09\xf3\xd4\x84\xdbg\xeam\xa5\x00\xb3S\xa2\
F\xaa\xaa\xb1\x96+\x1e!\x88\x9cq\x9a\xe2\xe1\xc2\xd2\
Dn\x8cN$J\x97\x984\xf1\xd4\xc1\xda\xe1\x10\x17\
\xce\x15\x98\xde\xd8\x93\xecL\xca\x11\xa7DX-\x91,\
\xac\xa0?[\xc7\xc5[]\xbc\xea\x97\x1d\xdc\xf33%\
\x9ag2$\x9dE\xbc\xf4\xf1/\xe2\x99\xa9\x8d8\x1a\
\x99\x8e\x95\xb1\x02\x97\xe8\x1eU=,/|\xaa\xfc\xdc\
\x7f\xff\x97\x86\xa0\xf0\x1d\xad\xfb\xffj\x03\xc0\x08\x1e\x00\
\xc7\xf9\x97x\xe5\xdf\xbb\xdc\x89\xaao/95X:\
\xae\xa4\x98\xc2s\x17\xe9E\x13\x0b\xb4\x9f\xa2\x0a6V\
z\x8b\xed6\xad\x1b\xf5{\xac\x01\xb4.RN\x14r\
\x09\xc7\xfd\x02\xfd\xb3\x19\x92r\x80\xd4\xf3Pm\xd5P\
\x0d5E\xb6\xbek4\xf8\xe0\x09.\x02\xa5\xac\xf1\xa9\
3\xc5\xbbN\xb6!\x1ddy\xd2Q\xcaA\xcc%\xa8\
\x80S\x81\x93Q\x0d\x88\xa9\xb1*\x02q\x11\xc9\xb0\x0c\
\xbd\xf4\xb2L\xbe'[\xcbD\xf3\x9f\x8bU7\x0aO\
n\xd6\xaafz\xd1\xf0\x9e\xb5FW\xbb0*\xd4\xd2\
X2\xe9\xb1\x1d\x05\x94\xf3>\xca\xddMT\xfd\x04\xaf\
}S\x81?z\xd4E\xf21\x93\xe2\xcb\xcc\x1d\xef\x09\
\x13dj\xedg\xc8EXC\xef\x87\xb0\x03e\xa3\xaa\
\x7f\x22e\xc6\xb4\xd1\xc5\xb5\xc6\xc1\x16c\xd3n'\x0a\
G@D!\x0a\xf1f+\xf0\xa1\xf5\xbf\xd0f)\xe4\
\x89\xa18\x88&o\x06o\xe0\xcf\xe5\x9c\x06\xa8\x8aT\
\xc8\xf8m-I\xb0\xf8H\x80\x93/\xe8a\xeb\xeeq\
\x04\xd5\x0d\xc8\x06)(\x8a\xec\xd2N\xce\xaf!^\x1c\
`y\xcf<N<Z\xc3\xfd_K\xb1\xf0\xb5\x01j\
\xb9*\xf1\x8b\xb0\xd9&\x07\x17\xffP\x0d\xb3\x9b\x12\xe4\
\x03\x07i\xd7P\x9b\x8d\x1f\x02\xaf\x97\xa3\xda~\xc8\x11\
\xdf\x06\x0e=\x9db\xdf\xdd1\xca\xa7J4]G\xc0\
T\xd9\xba\xb3[\xe0\xac\xcc\xa3\x1cP\xe8E\xcc\xbd\x8d\
\xdf$?\xb7>\x17\x06\x13\xcf7\x02\xab\xa6\xbd,\xe8\
T\x92#(]\xf8B\xdf\xe5x\x16\xd7c\x0a\xcc\xc7\
\x98?\x11\xe1\xf2\xeb]\x04\x95\x08i\xcc\xb2B\x14\xba\
\x05\xe3\xe8_h\xc3\x9d\x09q\xd35\x0eN\xff\xa2\x8b\
}\xefJ\xd1\xe8\x01\xe1\xb1\xa7\xf1\x9a#O\xe2\xd4\x95\
/F&\xc2\xa2|\xfey\xe1\x84\x91Wv;\x07\xb1\
\xf7\xb1\x9f\xc7\xdc\x5c\xf7\xdb9\xe8\xf3\xfc\x09\x00C<\
\x00Iy\xee\xc4?\xc3\xa6\x1dW#\x08\xae$\xd2R\
JOG\x0bD\xbb\x08)\xae(\xea5\xae:\xdd\xca\
I#\xad)\x05\x06\xe5\x90\x93\x9aT\x011\xb1\x1e3\
\xdd\xad\xee\x19\x17\x07\x9eH1\xbb!\xc1\xea\x99\x12\x9d\
 APa\x801=v\x87*?|\xce\xea~\xab\
\xa4\x16%\x8b\x12DR\xb2KU\x05>M\x8d\xaf\x12\
|=\xddD\xa2\xdek\x98c\xea\x81&\x7f\xcf\xefK\
9\xf5E\x15Z\xd10\xd4M)3\xf5\x86\xa3/5\
\xa6\xb8\xd0\xaa\xd6\xa1\x0c3\x91\xfc\xeb\x0d\x10T\x19o\
(\x9c\x91\xa3s\xa4\x0bww\x8e\x89F\x1b\xd7\xfdH\
\x1d\xf7\xdf\xe7!Z\xa5\xe2,\xdf\xd7\xcc#\xb0=j\
N\x7f\xbe\x94K\xa2m+qI\xa6\xd0\xb4\xd12\x14\
\xb0_\x14hU\x8a\xdc\xc2\xdd\xeb\xe6L\xca\xaf\x90d\
L\x08q9\x0a\xf1>\xb0\x19\x98v=,Q\x85\x1b\
\x824m5SQa\x0d\xd3L\x10W\xa0\xd53)\
\x0e<Qb\xfb\xc5\x17\xb0\xe9\xca\x08\x95\xd0G\xce\x09\
\xbe\xb9\x14\x9d\xa5\x1e\xce\x1duq\xfc`\x13\xfb\x1fY\
\xc62\xbd\x0fz\x05Z\x1cW09\x97\x7f\x8b\x87\x1b\
_^\x91dl\xb0\xc0\xcdK\xd2\x0eEDU\xda\x9c\
\x81\x8d\x1b\xd9\xabUpt\xcf\x00O>X`\xe5+\
mDY)-\x5c\x06\xa9xr\x07\x1e\xdfz\x1d^\
\xde\xbb[\xdd\xb42-\xef\xd6\xa5c\xd5\xd1I\xc4\xc3\
L\x87\xc0\xaaA\xd3\xd4\x95CB\xc2\xd8\xa3f\xdf\xc4\
F\x04i\x8af\xe7\xbc\xd8\x9e-\x1c\x1f\xa0\xd7\x8f\xd0\
\xa8{pb\xa3\x9aT\xba\x08\xaa\x05\xe2N\x8e\xfeJ\
\x09\x7f\xbc\x82W\x7f_\x86\x0bO40\xf8\x83\x1eW\
0\xaex\xe6~\x5c\xb9\xf5r\xeci\xb4\xe0R\xc5\x96\
d\x9f\xc1\xe0<\x8e\x1c\xfa\x19\xdc\xf7\x91\xa3\x7fUu\
\xffw#\x00\x8c\xe2\x01\xc71\xfe\x8e\x9fr\xc2\xa9O\
\x94\xbe?\x83L s\xe9\x0cXR\x94\xa6F\x0a\xc9\
\xf05tx\xe6\xa6!MS2\x80\x91V\xb6d\xe9\
l\x02\x16\xf0\x96s<}\x8f\x8f\x1b^\xe8\xa31\x93\
\xa3\xb7\xc8\xe8\xced\xc3\x0e\x1492\xb0\xc1|\xc1u\
{\x86\xd7n\x8d+\x94\x17O\xc5\x1d\xb5\x1f\xe7fW\
\xa2\x88\xf0\xebe\xc0F\x8fL\xa9.eS\x90\x93\x90\
)\x99Cp\x1d\x0e\xcbh\xcf\x5c]u\xc8\x94a\x80\
\xe3\xe9\xa3\x1csmCQ\xb4B\xa5\xc8\x99\x090\xa8\
x\x5cm\x9c|K\xda\x88\xe7<\xf8\x13U\xec\xd8\xee\
\xe0\xb1\x9b\x80\xfc\x8b*\x18*\xbc\x06\xa9\x81\x95`)\
\xe3\xc8\x0c-\x01Ox\xb6\xc4\xe86\xd4F\xc1\xba\x9b\
\xd8\x81\x01\x9ai\x91\x95\x09#R\xfd\x15\xf5\xc6\xda*\
G\xfd\x06\x0d\xd3_e\xd8\xc4\xf5W\xe9\xb2\x9a\xe1\xf0\
\xa44\x1cG}H:sa\xca\x0b\x91V1\xf5r\
%\x06\x8e?\x08\xdc\xbf\xb9\x82\x8b\xe7\xba\x08\x13r1\
<,v{\x98?\x09\x9c}<\xc4\xeaa\x07\xc5R\
\x89jQb\xc2v;|\x17\x83\x0d\x0e\xae\xfe\xbe\x10\
\x1b\xb7\x94\xc8b2\x0b\xfb\x22\xfa\xca\xb2\x8d\xf7\x89\x01\
\xb2\xcc<T\xa7\xc6q\xfa\xd9\x01\xf6<\x12\xe3\xc4\x1f\
\xa7\x88\x06%\xc6\xc5(\xa9D\x14\x8d\xe1\x8f.\xbeI\
f@n\x8bu\x18\xa8tYf3X3\x08\xa8\xff\
\x1f\x84\xf4\xa5\xadS\x0e\xeb\xc8\xd0\x99\x19\xf0\xca)e\
&\xfe\x04@?ja\xa1\xe6\xa3\xd5\x99\x83\xd7)\xb1\
v\xb2\xc0\xf2b\x80f\xd3\xd0\xcdy?e\xd2\xd0A\
\xa5\x19H\x10\xe8\xc5\x05Z\x0d\x17\xaf\xfa;>>\xf1\
D\x15\xde\x81\x01p\xee\x14n\xdd\xff\x18\xf6\xde\xf4J\
\x8648i\x9a\xf8\xe7O\xfdR\xfa\x99\xff\xf2E\xbc\
\xedC\x1e\xee|\xbbmT\xfd\x95\xbd\xbe\x13D\xa0\xbf\
\x18\x0fx\xe8\x83\x0f9\xdd\xee?vH\xaf\xb3\xd3\x18\
<\x9f\x0c\x9f_\xc02\xe6q\xf2R\xd9+\xd5\x14\xe5\
\x06\xd4@a&z\x8d\x81\xa5\xf1\x0d$\x0b+N1\
\xbf'\xc6S\xf7\xf9h\xb6hLi\xdaX\x9c^\xf3\
9)\xc7\xf7\xa0\x08h)#\xb9\x1e\x15cE\xdfO\
\x87m\xec\xc9/2[\x92u\x90\xa2J\xa2\x88\xa8r\
\xa0\xcc\xd5\x08To\x9d\x9e\xc6\xc6wKu\xe0\xad)\
\x08q\x0a\xfe\x0c\xb6\x15\xa91\xe1\x92\x22\xeb\xeaF\xa5\
l\xb5\xb4\xf2X\xd7\x8ay\x97^\x97[\x11\xad\xc1\xa8\
\x0e\x0c\xda\x19\x06\xdd\x14cu\xa0\xb5=G*A\x8f\
AGM(\xd7\xf9\x14\x9c\xf3\xa7\xd4\x96\xc16\x98\x8d\
\x94t\xacU\x98E\xffg\x84T\xad\xf1\x89\x09\xaaC\
2\xb0\x90|l\x1f\x80E\x86\xb0\xf0\xd5\xbf\xc0\xcal\
K\xf7\xca\x90VD8C}\x01\x8c\x8f\x93u\xc93\
\x96\xea\x0e\x9c#\x05\x1e\xff\x9d\x14\x1f\xf9M\x17\x1f\xfa\
\x8d\x0c\x1f\xfb\xd7\x0e\xbe\xfa\xaf=<\xfb\x9f},?\
\x98\xc0]\x881U\x94\xa0`\x92,D\xc1U\x0b\x04\
/qp\xfd\xcb\xd4\xf4#m\xf7\x0d\xcei\x94\x0a9\
\xe3\x15;\x88\xc6C,\x9c,\xf1\xec\x93\x1e\x0e|\xaa\
\x80?\x9fc\x9cu8u\x1c\x9c\x08\xfb6^\x89\xcf\
\xd7\xa7P\xe5')t\x16@\xd6\x80G\xd0\x8e\xefG\
\x10P\x0dN4+2\xa6)\xc6e\xa8\xa0\x9d\xb8\xf8\
0\xba\x92\x01\xa4n\x88\xb9\x89)\xd1\xaa\xa4@Tr\
\xca\xc5\xe2\x1c\x07\xd8\x22U\x8f\x96g\xad\x98\x10\x17\x0d\
'\x15\x93eN\x09\x16\xb8\xf4\xa2\x0c\x97\xbf\xd3G\xdc\
\xa8K&s\xe9\xdeGp\xfd\xca\x02\x03\xa2\xe3]8\
\xf7\xcb\xe9\x87\xff\xfd\xfb\xf0\xa1\x0fy\xb8\xeb\xaf~\xf3\
\xcb}\xff+\xff\x89f^\xa0\xf8\xda\xef\xbd\xdf\x19t\
\xff\x85!\x9d\x1b\xb7\x03\xcb\xd7P&`\xc9\xf4_X\
_\x06\xcc\x12\xea\xa6\xd2\x5c\xb5\x8b\xa2\x11[\x84.r\
\xce{\x95\xf0\xdd\x12\xad\x85\x02_\xfdX\x88\xf3'\x02\
\x8cm\xab\xc8\xaa\xa4\x04\x01\xdbr:\x06\xaa\xe2D,\
+x\xb2\xf1\x84S\x8e\xbb\xa2\xf4\xc3\xad!(0O\
\x1e~\xaf\xca\x8es\x14UN\x88\x8c'\xa3q\xa8E\
\x22\x1b\x90\x87I\x96\xba(hP\x91zH\x06\x81\x9a\
\x80r\xdaS\xa4\xc3\xc9]\xd0\x13_\x11u\xed\xe5k\
I\xc3\xafa\xe6a\x90z\x96*b\x89\xdd\xd3r(\
\xe5\xa9L\x06\x9a\x96$\x22\x03.\x199\x89%Zr\
h\xfe\xaf\xbfg\xbc\x12I+s\xdb\xb9\xa0\x05\xb3x\
\xce\xce\x1f\xa1\x1b\x0b\xc3\x90\xaf\x029y\x15rJ*\
\xdfB\xa5\xc7\x8d\x95\x99\x9cv\x14\x04\xd5Y\x036u\
-T\xca\x97\x18\x84:\xc0\x98W \xec\xf4\x91\x1f\xcc\
\x90\x9f.\x91\x9d\xe9\x22[\xa1O^\x81\xa6\xe3b\x93\
\xeb`\xc6\x04{\x02\x88\xd5\xc8A\xbc\xcd\xc35?\xdc\
\xc2\xe4F\x17i\xa7D.nEF\x00\x96\x19@\xea\
\xa16\xd1Bg\xb9\x89\x83{\xfax\xe6\x8b]\xb8\xfb\
\xfa\x18\xf3r\xd4\x1d\x99\xeeGov\x07>4{\x91\
8D\xfb\xc6\xe5D\xf6|\xc8)\xc3\x00\x11\xe9\xb9,\
\xebr\x0d\xf0JO\xb6k\xcc\x94H\xfc\x95\xb7\x97K\
S\xfcf\x5c,V\x1a\xe2k\xe8\xf1=OeX:\
\xc1V&\x9f\x17q\x15{\x9f\xf4>\xf2<\xf1\xbc\x0e\
\xbasl,\xf9\xb8\xf1\x15\x19*\xd7R\x95\x99\x12\xef\
g\xca\x17\x1fy\x06\xf5\xf6\xea\x7f\xcf\xfe\xe8\xdf\xfcG\
Y\x04o\x7f\xfb_i\xda\xff\xdd\x0d\x00v^\x80A\
\xe0\xbe\xdf\xfbu\xc4\xdd\xdf\x80\xe7\xbb\xd4;OKU\
\xc9\xd7\xb5\xcc\x05\xc7D\x89\x9bS5\x01\xa4\xf55$\
\xc6\xb2\x13\xc0gg<i\x8d\xdf=\xbf\x7f\x22\xcb\xd0\
~v\x19\x9fy\xbf*\xcf\xd6&\x03\xe1\x82\xcb\x5c\x12\
\x1b\xed|\x88\x99'\xeaeL\xf5\xa4>\x96@\xc0\xb6\
\x97'e\x860\xc1d\xf2/\x86\xe7\x052\x98\x15D\
!\x82\xa8\x89\x90&\x10^\x09?\xa2\xd4\x15\x10\xd5#\
I\xfd*\xf5\x0a*\x0d\x88\xb9DT\xaf \xaay\x08\
k\x11\x5c\xbf\x22\xc38~P\x81\xeb4\x85\xb7.m\
7A\xa39\x0b\xcf\xf9\x02^\x03\xd9nT\xc3)\x10\
\xba!\xc2j\x888\xa6\xe3JU\x08:\xaeG\x97\x1a\
\xa2\xd7\xb6\x81\xa2`\xe4\xe8fVT\x9f\xc3S\xaaS\
`5\x12d\xb2\xd1\xfa.\x98 `9fR\xdd\x1b\
\x8b5\x91=\xe7P\x93\x0c\xe2\x10\x10S\x1d\x00\xf9y\
\x9cY\x97\x5c\x9d\x19\x00\xb1\x05U b\xb6 9\x91\
\xe3H\x0dN\x11\xcfj\x0elp\x80\x0d.0\xe6\x96\
\xa8\xb9\x8e\xa4\xfa\x9b\xf2\x02\xb3\x14\xc8\xe4\x8c?\x1c4\
\x1c\x07u\x87Z\x02.&^\xdb\xc2\x0d/\xaa\xc8\xbd\
\xc8{\x14\xf7S\xda/\x03Q\x16'\x08\x22\x17q\xbf\
\x81#O\xc5x\xf2\xa1\x0c\xbd\xaf\xa5\x18G\x89\x89\xc2\
A\xbf(\xd1\xac\xb6\xf0\xf1\xadW\xe3\x90\xba\xbe\x88I\
)IK\xca\x5cd\x00 Y\x8c4j\x86FK\x8c\
2\x1a\x05\xb2\xe3\xb5\xa5*%\x15m\xc7\x0cu,\x0f\
\x02\x9c\x89\x9a\x18\x94\x13\x1a\x5cWb,\x9e\xec!\xe9\
\xaa\xc8\x07\xcb0\x99\x125\xa0\xb5\xf8,\xd0v.M\
\xd1])0;]\xc7\xa5\xdf\x1f!\xf3\xdd\xd2+K\
g\xd33\xf7v\xff\xc6W>\xf2_\x19\xedo\xb7~\
t\xdf\xa5\xd7_!\x06\xf0g\xe8\x078Nq\xc5\x97\
\xff\xc7?\xdf\xfb\xea\xbf\xb7\xb1\xac\xb4~\xact\xb5\xf9\
\xa2m\x12\xde\xfc\x86\xe8\xec\x95%\xd5Y\xba\xda\xca\x91\
\xd3[q\x00\xb9\xf12\x19\xa7\xed9\xed\xafjM<\
\xdb\x07\xf6~\xd5\xc3\xbe\x17Wp\xd5k\x5cT\xc69\
C\xdfV^\xa81\xbaP\x06\x18\xffL\xbfyk5\
NcH\xb6\xe9(\xcb\xcc4W\x85#4U4\xa9\
\xb7\x99\xab\xe7\x0c\x82H\xf8H\x07\x81X\x01K\x0a\xb6\
\x92XS\xab\xff\x9b\x18y\x08X\xa9\xb6Z\x22\x0e\xc1\
\x19p\xb6\x1e\xc9T\xa35\xb5lLZa\xab\xca\xb1\
\x04\x88`\x1c\xf1j\x86\x93O\x0f\xb0|\x9c\x0cs2\
\x10\x99\x8aWU\x90\x84(\xbd\xf0\x03\xf8w\xd6#\xc0\
\x8cFK\xbaL\xe7\x5c\xcb\x9b`}M$\xdd\xe8\x08\
\xca\x8e\xb7.Lzzs(\xca\xfc\xd1t\x03,G\
Rg\x01\xd4j[\xf1Zu\xca5p\x80o\xb1\x0d\
 \xa9\xb6\xf0\xec\xc6Kq\xc9\xf2\x02\xa6W\xcfQ\x94\
K\xb2\x1d\x7fX,\xa9bq\xdbc\x06E\xe0\xb5\x14\
\xae\x02\xb3\x88\xc1\xae\x10\xafx{\x89z\x83=u\xf2\
-\xba2t\xc3\x1f\x9c'\xa1\xf05r'\xc4\xf1=\
\x1d<\xf3d\x82\x0b\x9f.1\x1e\xfbh99ze\
\x81ZX\xc5\xe7\xb6\xdd\x84{\xa2\xa6\xe01\xb4-\xa7\
\xf1J^\xe8\xe4$\x83\x1aK0\xf57\xa4\xc5\x97%\
3\xf9&\x80\xa9t\x05=\x22P\x04H\x07<t\xb4\
\xfa\xc8\xfc\x1c\xe7\xa3*\xd6*M\xd4\xd6\xce!\xc8\x80\
\xee\x5c\x84\xb5U\x07\xb3M3J\xcd,TJH\xd5\
e\xe0\xf7\xfa\x91\x87A\xbb\x8f\xfa\x18p\xf9\x0b=\x1c\
\xd8\x05\xa7\xdc\x8f2\x5c[\xac\xef\x1c\xf4\xae\x07\xca\xc7\
\xeeX7\xde\xfek\x15\x00\xf8*Q\xbe\xcb\xdd\x87;\
\x13\x9c?\xfe\x0b\xfe\xd6+\xebE\xd8x\xab\x1cl\xe2\
g\xc54\x96V\xcf\xe6\xa1\x99TSR:\xca\x8e\xe7\
\xeb\xdcwI\xa1yJ\xa2c\x15\xaed\xb0g\xf9D\
\x17_\xb8;F\xd5\x89P\x9b%s+\x04\x1d8\x07\
m.L\xd6w\xb9\xcc\xd3\xe4\xf4]'\xaaN\x8d@\
\x0ee\xf5\x09\xe4\x11/\xc8\x91\xf24\xa4h\x08\x1d\x7f\
\xe4D\x18\xac\x03\x87l=r\x81\xd1F\x8c\x8e\xb22\
\xb1g\x00?\xb2\xce\x84\xd7oG\x9cc\xd1\x9b/\x9d\
\xbe\x88L\xd0\xe3\x8f\x9f(\xf0\xe9\x06\xe3Kc\x80\xd9\
\x04\x8d+\x0a\x8f\x81\xa2\x8fs\x0bu|\xed\xde\x02\xdd\
G\xd6P\xa7\x01\x09G\x92\x0d\xff\x9e+\xd3\xe3x+\
\xafO4\xee\xb9\xa9HJ\x12\xfa\xa2\xd474\xa1\xb4\
\xa9:\xaf\x84`\x98|\xa5\x90yl\x0b@\x81J;\
\xf3 \x7f\xe3g\xf0\x8d\xfa\xb2\x06\x02\x96\x5c\xe4\xf2\x1b\
Kr\xa3\x98(\xed\xc0X\xe9\xd9\xfc\xffJ\x10\xe1\xee\
\xcd\x97ai\xcb\x15x\xe1\xda\x226\x0f:\x98\x8d;\
\xf0\xf3\x1c\xbd\xb0\x86\x9e\x1b\xe0L\xbd\x81\xab\xb2\x15\xec\
\xde\xff\x10bf]\xb4\x13kUp\xc9O{\xb8\xec\
\xf2Dd\xd8\xb3^\xaa-Z\xd2\xbd\xd3\x02\xd5Z\x0b\
E\x98\xe3\xf8\x03=<s\xb0\x82\xa3\x7f\xd4E}\xad\
D\x83\x99C\xc9\xc1-\x1f\x8f\x5c\xf4B\xbcob\x9b\
b\x14\x9c\xfc\xe4f\xce\x0b\x01&%\xc0\xa9\x9b\x16\x02\
\xb6\x84%\x80\xc6:TFWi\x96\x94\x82-\x99\xf6\
&;:]c\x13\xe71vDX\x0d\x02\xa4\x15\x1a\
\xb2\xa8e{\xff|\x86\x95e\x07\x1b\xb7\x8c`+\xb2\
\x16l\xb3\x84X\x13\xd3\xfe\x12\xc9 \xc1\x86\x99\x12\xe3\
7{X9T\x96a^\xb8\xad\x1c\xb7\xc1q\xff\xbb\
\xab\x91\xe8\xbb\x96\x05|7\x03\x80t\x06\x048\xde\xfb\
\xb9\xa5Vc\xc3;\xbd\xc5Sc\xbe\x83\xd7\xb0\xca\xe4\
\xf0z\xce\x93Zj\xc0\x5c'\x86\x85\xeajU\x5c\xf5\
\xf4\x93\x03\x8eta6\x13\x0c\x17^`\xc1\xa2\xc4\xa6\
A\x86\xa3w\xbb\xf8\xe3~\x84\xcbv'\xa8\x06d\xe4\
e29HM\x02\xd2~{=G6\x1cq\x04~\
\x8f\xb0`E\x11\xd6G\x1a\xa7\x02:\xb1\xa6O\xbc\x5c\
\xccdd\xed\xf3\x8b\xb8\x01cs\x0aFl3j\xe7\
\xa0\x1c\xd4\x90\xb3}\xc9WX\xca\x00\x0f\x17\xb1(\xf4\
\x10G\xe0\x14\xa3\xc3\xc5\x9b\xa2\xde\xaa \x8a\xaa\xf0\xdc\
>\x0a\x02\x86\x9cg\x90\x16^\x86^\x9c\xe0\xcc\xc1\x14\
\xed\x87SlJ9QG\xc2\x8d\xaf\xd9\xaaX\xa3\xf3\
4\xe5\xc2\xa6\xf3\x90\x12X\xc8\xb8\x13sP\xc9\x8a\xd4\
\xddW\xc7_%\x8fU\xfd[;\x89\xc2\x97\xd9\xf1\xbe\
i\xbf\xc8J\xd4^\x98\xa9\x8d\x95\xb3\xe0H\xdf\xdar\
\xe35\xe8J8&?@\x93\x0e\xfdf\x91w\xcf0\
\x17D\xf8\xe4\xf8,\xe0n\x16e^\xca\x98e\x0c\xb6\
Q\x80W\xf7V\xb0\xed\xd9'\xd0\xc9K\x042\xff\x00\
D\xaf\xf7\xf1\xd27\x07p\xbd\x14I\xa7\x8f\xa4\xcf\x96\
\xa7\x8f\x22\xf1\x10\xd5\x5c\x94A\x81\x13_rq\xf0d\
\x88\xa7>X \x9a\xa7c\x90Vi5\xc7\xc5\xbe\xed\
W\xe0\xbf\x8emA\xcak\x94a\x0e\xfax)aH\
\x14Dx\xd5>\x95\xa5\xab\x22\xfd&\x19\x81\xd8\xb4A\
\xff\xad\xcc\xe0I\xb6\xa4&3B\x84\x0a\xf8\xb05x\
s\xe2\xb1[\xbaX\xabT1a\xa6)\xb3e\x17\x9d\
6\x03'\x03-9%\xca\xd6\xd4\x1c\x968\x03\xdb\xb4\
\xca\xaf`\x99Y\xadF\x98\xbe\xac\x859o\x11\x95,\
\xa6\xe1\xed\xee7\xb6\xb6N|z\xf5\xe42\xbe\x8b\xaf\
\xefr\x00\x90Wy;\xe0\xde\xf9\xf0\xfb\xd6\x02\xe0\xa4\
\xd0{\xdc\xb2,\x08\xb7\xbaT\xd9\xd59w\xa6\xfbZ\
\x03\x8fJ\x8a\x93\xe1\xa5\x5c\xed\xb8\xaf\x1c~\x19\xe8a\
\xa5\x9c\xeb\x09\xb1e)\xc1\x81\x8f\xcd\xe1D\xc5\x81\xc7\
\xd5\xc8\xc8,\x04\x1fU\xac%\x09GQl\xc5\xb1U\
7\x86?\x823\x84ry#g\xa8h\x00)Q\xc4\
\xfc=[\x86C\xf0R\x88&\xabC\xee\xbeRf\xac\
_\x81\xc5\xdf\x95\x9c\xa3\x1f\x81zz\xf1\x88\x9c)\x01\
$e>\xe6\xc5\x00!\x0aa\xb5E\x9c(%8h\
\xec\xbf\x04\x9d\x17\x19.\xbe\x13\x91zU\xbeW\x93K\
~\x1d\xd1s\xca\x96\xeb\xc4\x83\x16\xfb\x06\x12\x1c\x02\x80\
&\x08\x90\x8c$i\xae\x15\x07Q\x86\x9a\xaa&s\xe3\
So\xd1t\x09\xa4#b\xed\xb18ZIWhe\
\xd1\xeb(1\x85VL\xa7\xc6\xb4\x1a\x06bi\xad\xc0\
\xe6Mi\x82\x9f\xda\xff \xd6V\xcf\x0b\x03\x93\xd7\xdf\
\xb9\xb6\x82\xd7\xff\xdd\x1a&'\x18lK\xc4\x1c\xf9e\
+5\xf1Q\x1d\xaf\x88\xa2\xca\xb1/\xb4\xb1\xf7h\x80\
\xc7?\xe8 :\x11c\x82'\xb8\xe8N\xbb8\xb4\xfd\
Z|l\xd3n\xcc\x14\x09\xean\x80\xb0\xa4}\x98N\
\x1cn\xea/\xa3g\xd4\x8e\x0b\xaa\x12\xb5r\x04Q6\
2S\xe2\x0c\xcdQ\xc5\xb2\xc2%w\x82\x0a.<\x10\
\xc4JI2\x87\xbe\x17\xa2\xe7\xf9X\xae4\xb1U\x98\
\x18%\xf2N\x81\xa5\x0b4\x14\x1d(\xa5_\xe6>\xf8\
\xec|\xf5\x18\x90\xcf\xcd5KN\x81\xda\xa15\xc7c\
\x14\x95\xccq\x13\xe9&l\xbdt\xf5$\xe7\xd5\x96o\
\x07\x9c;\xffzf\x00\xfa\xba\x03(\xef\x94\x9d\xe9\x07\
\x1c\xb1M\x0aN\xd9\xb1f33\xe42\xdcB\xf4|\
]hQ\xe7\xd1U:\xb7H\x03\x14=r\xb9\x12a\
\x81\xb1\xc5''O^b\xd2spe\xe9`\x8d\xac\
[v\xd0\xccb\x1dr\xe6,;\x8f\x8b\xc2\xf8\x0b\xd8\
\x04\xf7\xebg\xf2\xb5\xb5o@\xc8\x91\xbdd\xf0G\x1d\
`4\x19ahl\xb7m{L\x1a\x8b&\xcd\xd6a\
$\x0d;\xebc\xa8*B\x22]\x01\xfe\x91@\x12\xf9\
\xe7F\xd6:\xb3\xd4h:Q\xb2^\xc0\xaa\xe9hP\
\xa8SEI\x14\xd70\x06\xaa\x1c\xc1\xcd\x09\xb3\xb1\xd5\
h\xc5TF\xc4@\xec\xfc\xaf\xf9;K)\xd2\x11_\
\xe3\x05 _\xc3\x9f\xa1\x01\xca\x1ah(`\x98I\xc6\
\xc2\xe9@\x8b\xbbxT{\xa2\xce\x03/\x86\xd9\x10\x05\
2M\xebp\xc2u\xf1\xe3\x87\xf6`m\xe9\xb4\x04\x97\
\x8a\x03,\x8ey\xb8\xfa\xef\x06\xb8\xear\x92o\x0a$\
k\xb1\xe8\xf1\xb9n\x84\xca\x8c\x8f\xbc[\xe0\xc0'2\
\x9c\xee\x07\xd8\xf3I\x17\xee\x89>\xa6<\xe1\xec\x99\x84\
\xc3\xc7\xd8`\x11\xef<t?jY\x8c\x80\x98\x88\xf0\
4\x02!E\xa1\xdbA\x87\x1d\x062\x07\xab\x1e\xa66\
U\x05\xac-\xcb\xb6\xd14t\xadk\xad\xf28\xd8b\
\x15\x1aJ\x01w\xc0\xaf\xa3X\x0d\xbb\x00\x01r\xcf\xc1\
\x802\xde\x14\x92)J\x84\xa9\x077\x090(RD\
\x9co`\x0b\x92\xd4\x02\xa1_k\x9f\x9a\xd8\x8cH\xe0\
\x99q\xf5\xe9\xa9\x10\xfet\x1fXK\x10x>\x9ad\
\x89Sx\xe8\xbb\xf8z^\x04\x00}\x093\xdf8\x86\
\xb1g\xa7`\x8a\xd2^\xcd|\xa8\xd1\x93\x13\x02\x8c\xf4\
\xedX\xa7sT\x94\x8a\x0dz\x16\xf2a\xd3\xa5\x8a\x8b\
\x84\xcf\xb6W\x94\x22\xb1=k\x1cb\x86\x9bV\x9e\xbb\
\xe1\xb9\x9b\x0d0\xdc\x1f_\xa7\xb0\xf7\x1c\xce\x8c\xf9w\
5\xc3Xo\xa3\xd8\xa1\x11C64'\xa5\x06\x14\xbe\
\xac:\xe2\xbar\xe1:\x0bo\xd8\x9b\x1f\x1av\x1aS\
\x0d\x13\xa8\x84\x8c\x22\xac\x14\xd6\xb0\x0a\x00\x8ac\x8f\xa7\
\x1bG@J%E(P\xc8\xc0BpMFu\xf5\
et\x91\xcc\x07\xb0\x06\x08\xe2\xb7%\xb2W\xd5\xbeN\
\xaf)\x03 \x10\x97c\x93\xedj\xb9%\xa9?\x09A\
l\x8b\xea\xe8\xb3~\x03Q\x09+\xf6Q\x22\x11\xb2\x11\
3\x05\x06\x00}^\xa5\x1f\xe1\x1d\xabg1q\xf6\x19\
1c\xa1\xe9G\xb7Qb\xe3O7\xf1\xca\xb7TQ\
\xf8\x03\xc4\x0b\xac\x953\xe9\xb8T7L\xa3}\xa6\x8d\
c\x9f\xee\xe1\x947\x8e\xa7?\x9a\xc2\xdb\xbb\x86\x09\xd7\
A\xc5\x04H\xc1\xef\xf3\x04\xad\xf3\xa7\x8ce\x97\xfeg\
\x9f\x89\xfd5\xaa8HS\x17\xe5\x8e\x10\x97_\x05\x04\
\x0d`\xb0\xc6`\xcf\xe0\xa4b\xa6\x02\xf4\x0a \xc8\x8d\
[C\x91\xae\xa0\xcc8\xf4\xc5$\xc0Eb\x04X\xe9\
.d\xbb*N;A{\xd5A2\x08Q\xad\x18\x82\
\x97\x94\xa8\xcc\x96,\xf3\x9d\xeb\x94xDfh\xdb\x94\
7WU,\xb2\x0c\xc3\xb0\xf1]\x8f\x00\xcf\xa3\x00\xb0\
N\x05\x15\xf9$\xe9\xc7wT(T\xdaY\x5c\xf0\x82\
v\x0d7.\xed\xb1\x84_\x1c\xab3\xa9\xb6\x05u\x03\
\x8a.\x077\x81Y\x184cT0\xd1\xe8`\xd8\x0d\
;\xb2\x89G\xe6dFFpG3\x81\xe7\x0av\xd9\
i\x84\xd1\x0dm\xffd\xa9\xc9\xfa=\xb6\x1fol\xcb\
\x86R\x13\x7fz\xdc\xdb\x961\xc6qO\xc1=\x19q\
v\x10\xa7\x0e\x8205\xff\xca\x16\xa5:-\x11\xf8S\
:\x15Qz\x06\xcb)8\xf9\x0a\x5c\xcaM\x9b\x12\x80\
\x92\xe4\xa3\x19\x8d\x5c\x8d\xb9\x97\x9a\xf1\x98)5\xbeD\
\xf2\xcc|\xb2\x9c\x82\xaa\xdaN\x93!$\xb9(\xd5\xfe\
e\x9d+C::q\xaf\xe3\xcf\xcc\x0e\x98\x89\x0c\xa9\
\xdd\x1e.C\x8e\x17\x9dy\x06\x0by\x0fUq\xe1\xcd\
\xe1\xbf\xb2\x86\xdb~z\x0a\x95z\x8a\xc1\xe2\x0a\xf2~\
\x86\xb0VA4Q\xc3\xc2\x9e>\xce|-\x13\xc0p\
\xcf]9\xd2=\x09&\xfc\x125\x93\x1a\x0d\x1d&]\
\x17\x99Xp\x09\x0dD\xe2\x19\xb3%\xc9\xb0\xe4g\x0b\
\x00\x81\xf2\x05\x01^\xfa\xf3Ul\xb9\x92\xd8\x0f[\xae\
F>\xcd\xd5,\xcd\xea\x8a9t\x87\xa6\x13\xb41%\
\xd4\x9f\xe3\xaa\x1a<\x1d\xde\xb8\x16\x1d\x1e\xdb=d\x83\
\x12\xdd\x15\x0a\x83$`\x1fSx\x1c\x9493-Z\
:\x10\xd1kAJ<\xf6\xff\x9d\x12Y\xdb\x87\x9bS\
\xf8v\xf0]l\xfc=\x8f\x03\x80$\xc6r0\x19\x95\
\x9d\x80)\x17\xffE\xeb]\xb2\xe9\x88F3j\xb3%\
\xa54L\x07e\xdd\xc5jX\x88Du\xd2w\x90F\
$\x07\xe5\x12\xb1\x99\xaef\xc4\x85\xe2\x12\x9e(\xc08\
p\x08\x0eX\x83\x0d\xd6\xc9\xb9\x0b\x97'+\xaf\xc0\xa5\
\xa0$#G[u\xf1\x98K\xf8\xd4\x0dL\x84\x8b \
R\x9e\xdcwle\xa5t\xe0)\x11\xd4\x98N\x96\xa4\
\x16H\x0b\x8fh\xb3pz\xc8\xdd\x1f\xd0\xe7\x90\x8b(\
\x13\xb3\x00\x01\xec\xf8\x1e\xb1#\xd3\x83\xc5\xa0+\x1b\x8e\
\x96\xd2\x5cl\xfc2\x87\x08\xbe\xb1\xa3B\xd3C4\xe3\
 \xd8\xe5a\xd7\x8b\x224\xa6\x08\x8c\x92\xc2\xac\xb5\xad\
X%\x18F\xa4\x9e\xca\xaccy\xaah\xadk\x18\xc9\
\xc8S\xfa\x15\x8cN_j\x10\x15\xb8\x8f\xee\xbc\xe4\xb4\
\x9b\xe7\x90:\xb1 \xe8\xfc\xec\x1c\x80bF!\xf7Y\
6 OO=\xe1J\xa7&\xd9\x1a3\x00;\xd9\x9d\
\xcaH\xb2\x11\x07\xe7_\x04\x1e^\xbc2\x8f\xf4\xfc1\
9=\xc3(D\xe7\xd2\x1c/\xfb\xb9\x103\x1b\xfb\x88\
\x17b\xe4\xdd\x01\xc2\x0dc(\xcb1\x9c\xfc\xd4\x22\xce\
\xef\xcb1?U\xc1\xe3\xef\xeb#yf \xc2\x1e\xe3\
\xf9\xban\x01\xab\x0e\xa6\xd5E\x08d7\xd7\xb0\xf3\x95\
\x15\xd4gt\x0e\x836\xec\x14\x5cey\xe2\xd4\x224\
\xa7s\x5cr]\x0b\x9b6G\xa2\x1c\x9c\xcf\xafI\x06\
9\xb4\xa9wt\xe5\xf1Zs\xb2\xc3\xc2\x0cq\xe6\xc0\
\x91C\x85A\x86\xe9?\xc9>\xc0\xb2WA\xee\xd2\x0d\
JE\xcb\xfd\xd8C\xe9\x8d\xe9\xe1\xc2\xdcFN\x7f\xa5\
U3\xfd\xcf\x12rL\xe8\xfeSE\xda\x06\x16\xce\xa6\
(\xbb\x14\xaf\xa5[\xb2\x88\x17\x7f}L\xfe\xeb\x1d\x00\
\x86%)M\x14Dt\x96)\x19\xf5\xda\xf5$\x94\x94\
LXi\x8a8\xf3\x95\xf5\x81\xedW7\xf0\xc6_v\
p\xf8\x8d]\xe4q\x03\xa9\xd7C\xe9\xd2(S\xc1'\
\xa1\xc7\xca\x90\x91\x87\xc0\x0f\x11UI\xc9%0C\x99\
/2\xde<xt\x17v|\xf8!\x81F\xeaHI\
\x02\x09'\xa7\xa9e\x06'\xf4\xb4\xe7M\xf4\x98}^\
\xb7\xa1x\x9cK\x10\x88$\x10\xadLy}J\xa21\
\xb6\xe6\x92\x96G\x82\x16\xd3\xe5XU\x89\x13\xa99y\
J\xa8\xbc7\xbb\x03\x14\xfb\xf0\xe1dd\xa9\xb1-\xc9\
h\x92\xc3\xabx\x18\x9f,05^E-\x8a\xe5s\
\xc5\xf3\x0c\x88*^!\xf7\x8cx\x9c\x9cf\x126D\
\x9b@\xdb\xa6FyX\x80\xd5Do\x99d\xf6f\xe5\
\x9b,\x85\xa0\x96\x9fZ\xd0\x93\x8b\x9d\x9d\x05\x12\xa6\xea\
\xf4\xbbU\xf1\xcfr\x9d\x08\xa4\xfa~\x8a5\xb0\x14\x1b\
\xc6\x14\xe1e\x18\x07\x1c\xe1\x0c82\xde\xbbma\x09\
\x9d\xd4\x15\x0b\xb26\x12lxC\x13\xd7]\xef#]\
ND\xef5\x9cj\xa0s*\xc6\xf2\xbe\x1e\xba\x99\x8f\
\x83\x95\x00O\xff\x8f\x02\xce\xd1\x04M\xc7\x11 \x94\xc5\
\xe1\xb8\xe7c\x855\xb6\x0d@\xb7\xd4\xf0C\xefn\xe1\
\xa2Y\x8a%\xd6M]\xc6\x82_R\x18\xe5|\xf0\xd9\
\x93\xa2\x9du\x90/\xf5\xd5\x9f@\x86\xb9\x0c\x1ac\x94\
\x9e\xd3\x82w\x9f\xf73\xc5\x1a!')\xff\x95C!\
\xedS\x89\x94>\xdc\x80lPVC\xd40\xcc\x11\x0f\
2\xb8S\x01\x9cA\xa8 \xad\xf5`\x10\xfa1\xbf\xa5\
@Ps\xb1zp\x80\x0b'K\xf8KIY\xf1J\
\xc7/\xdd\x85\xe3yu\xe9{%\xc0\xc8K\xf6\x9c\xac\
W\x0f\x81\xb4\xb5\xf8\xb0\x03Um\xf18\xc3\xcf\xfb\xab\
\xa9/kQ?,PPI(\xcd\xb1\xeb\x86\x00\xbb\
n\x22@\xc6\xef'\x17\xbe&\xf2\xd8:\xe7\xcd#\x96\
\xf5\x96\xa1\xa4\x08\xcf\xdb\x98\x88\xd8d[\x1cck\x06\
s\xb0\x81\x99\x1c\x7fEvE\x8c\xce2\xf7D\xceZ\
\xa0_\xa0l\xad\xb3\xc9\x84c\xcec\xd9\xa0\x0d%\x89\
L\x02W\xa9\xbf\xe1\x10~\xac\xae{\xee\x09\x8b\x91\x9b\
\x8d\x98\x87e\xa4\x19\xfd\x00\xbe\x84z\xab\xa9u\xee\xa6\
H\x17)\xacaf\x0d(\x8aA\x85\x19\x0a\x99H\x99\
\xcaH\xa9\xef\x95!B\x16\x88e\xa7\xfe\x94\x9c\xf5\xe7\
\xc8\xe3\xb6\x83\xee9\x85\xcd2Dn\xa6\x95<\xaf=\
\xa4C\xb0\xd6\xaeV\xc1G\x0dC9+o\x98\x94\xe2\
\xc6\x14\xa0\x0c4?fZK\x00\x97\x9bH}\x1e\xb4\
\x18b\xbd\xdf*\xfa\x92\xa23\x16&\x13.\xae|1\
\xe7>x\xd7B\x11n]}b\x09\xddE\x0f+\x15\
\x07\x8f=\xea\xe2\xc8\xef\xf6\xe0\xad\xa5\xa8{\x056Q\
\xe9\xb7\x04\x1a\x8d\x0d\xf8\xf2\xce\x1bp\xf9\xb1'\xe0u\
/\x88\xedv4Qb:)\x90\xf5\x06\x8a\x85pJ\
P\x5c\x8cu\x86\xa1\x14\xfb\xb4\xdc \xfb\xec\x08R\x91\
\x89';\xd7\x13\xd3rE{X\xa7\x8b\xba3\x01\xe5\
\xcc\xc7\xa0KCRM\x11r/\x97N\x86\xb4\x0d\xd9\
z\xe4=0\x8d\x95\xcer\x80\xf8B\x0f\xe5\x8e\x16\x8a\
\xbc*\x066\x92\x99\xba$!\xb1\xd4(P\xdb\x18\xa1\
\xbf\x9a\xe1\xf8\xe1\x00\xe7\xf7\x84h\x14\xcb\xd4<,\x13\
'|\xf2\xf7\x17\x17\xce\x9b\x90\xf5]\xa3\x02?\xaf\x02\
\x80ZQ\xebD\x17k\xd9\xc2k\x19n;\xe7\xeb\xf9\
\xa0\xc49t(\xae\x91%.r\x926\xce\xac\xa8\xf2\
\xaf\x14n\x01\xdc@{\xca\xf2\xe0\x058\xe4 \xce@\
\x88\x19\x82j\xcb\xda\xe4\xbfS!V\x87\x8c\xc4\xac\xd1\
Kd!\x91$\x22VUe\xcf\xb0\xeb\xd8bc\xe0\
\xe1\x82\xe2(\xae9\x81\xc4O\x8e\xf9\xa0\xce\x84\xab\xc3\
\xac\x19\xf4\x11$\xdd\x80aV\xba[\xbe\x87\x9c\x01N\
\x07\x99Z\xd9\xb4\x8e\x08\xd7\x11(b\xbb\xd3\xca\x9f\xcb\
{\x1b\x87@\xa1\xf6\xd2\x03A\x84,\x8c3\x92\x91\xaf\
\xd2\xf4\x9c\xef\xcd\xc5\xae\x0dH\x99\x9b0e\x82\x82\x9e\
\xda\xba\xe4K\xd3u\xdbG\xa5\x89\x89\x8eD+#\xb0\
D\xd4\xf4\xc5\xe1X\xc5WG\xda\x86\xa2\xd1\xa8\xba\x0a\
b\x15\xc6 \x10\xb0\xa6\xd5tY\xb0\x1b\xfb\xf5\x86-\
)x\x0b\x87\xa7\x04D\x03\xdcF\x86\xa9\xe9\x00N5\
\xc0\xe0X\x86\xb5\xa3)\x96\xfb\x11\xce\x9cK\xf0\xd4\x97\
\xbbXx\xd0\x83\xd7\x8b\x85\xe2\xbb\x89*\xebp\xd0l\
\xcd\xe2\xbf\x5cr\x0b\x1e\x9f\x98\xc6?Y>\x8e\xe9\xee\
\x05\xf8\x8e\x87\x0b\x8f\xc5\xf8\xf8\xff\xa8\xe2%o\xf20\
6\x19#\xf2=dY\x0f\x08Xc\xf3\xd9\xd8y\x06\
fo&\xd6\x0aa\xc71\x1d\xa5T\x19|C\x97\x22\
\xd5\x9dt\xb3\x10^\xaa$\x01>\xef\xdc\x94\x8b\xcbR\
\xdf\x93\xceM\xac\xa1Dg\x1eX]\xf4\xd0Y\x00\xaa\
\xe39VN\xb9\xf0\xc4H F\x999\xa8\xb6H\xea\
*q\xfe\xd1\x02\xfb\x9e\xf6\xd1\x7fj\x19\xb3\x14\x85+\
]'\xc9\xb2{\x0c\x1f\xe3\xaf%\x15\xf8\xcf~Y\x91\
\x0aR[\xe5\xe2\xfa\xaaHc$Y\x08vI*]\
h\xdbK\x07l\xd4\xd4\x92\xfawjOE\x86\x17\xe5\
\xc4\xadr\x10\xd3\xd4ukl\xb1\x88\x1a>x\xfe\xbd\
N\x80\x89\xf4\x15]<\xc4\x13\x8fH7\x03\x01\xddx\
\xd9#\xd6\x13O\xc7\x86\xf5$\xd7\xef\xa7I\x85b\xf5\
\xa2)o$vT\xe5YE5\xe4}x\xe2\x08\xc2\
)\x92\xb6(9](LF\x1d=U\xb9\x1c#\x08\
\x22\xccG\xca\x8f\x19\x05\x1c~\xbf\xb5%\x13/>;\
\xd0c)\xbft\x05V\xa9.)A\xc41\xa7\x05\xd7\
m#t\xc83\xd0\xf5E\xed\x00\x92t\x9e\x83~\xaa\
\xe3\x81\x82f\xf2~*\xa3\xd5p]\xf8\xe4#p\x03\
I\xd0\xe4m\xe1\xcf\xb2\xbe\x05:\xb7@\xd2!S\x5c\
\xf96\xde\x05\x8f&\x1dv\xa6[\x8f\xc9\x8e\xeba\xbe\
V\xc7v\x09\xe4\x00\xe6]\xdc\xfd\x079\xae\xbf\xbe\x87\
\xeey\x1f\xa7\xe62\x9c\xde[`\xe5\xa9\x04\x835\x0e\
\x06\x95\xd2\xb1\x99\x16d\x9e\x14\xee\x1d\xf8\xcd\x9d\xd7\xe1\
\xab\xd5\x06&\xd3\x0c\x9d\x5c\xb5\xfe\x22\x14h\x9e\xf5\xb0\
\xef3m\xf4\xf2\x16n~i\x88\xad;\x80\xeaD\x0b\
y\xcc\x12\xad/\x19\x0b[z:|\xc5\xe0%4G\
-\x81\x04\x03q\x0c\xc1I\xc49D\xe4\x95B\xb3Y\
/\x84\xc7\xce\x12\x8dh\xa8\xa5H\xea\xb6S\xe0x\xbd\
\x86^s\x0c\xde\xea9\x99\x80H\x0e\x178|\x18\x18\
\xafe\x98\xb96@k\xf3$\xbaK\xb4\x88\xef\xa3:\
\xd3BV\xfa8\xfd\xf9E\x1c\xedU\xb1\xef\x9e\x02W\
e\x14\x15\x87\xdb\xa9:G\xf6\x8f{\x9f\xc5\xd9\x94-\
\xf0\xef\xea\xeb\xf9\x15\x00\xec0\x0b\xebc\xa6snS\
\x067\xa8-G\xe0I\xe9\xa1\xa696\xec\xc7\x9bS\
IZU\x0a\xb2q\xd3\xca\x10\x88\xaawj[\x8cu\
\x9f\xf1\x82\x93M&'$S6\xfe\x99\x9b\xcb\xa0\xbe\
\xc6B[\x06\x0fe3g\xf0\xc8\xe8+\xacm\xa7\x19\
\x88\x91\x96\xcf\xba\x0e\x1f\xafAx\xff\x02\x9e\xa9\x90\xa9\
:\x14Y\xef@\xd5\xa7\xd6\x13\x9b\xd3t\xc2_V%\
\x99!1\x87\xef\xa1\x19\x8e\x10\x91\x86\x02\x09\xfao\xa2\
\x87 \xc0?i\xc0L\xfd\x95\xb1\x97g\x85v\x02\x04\
\x98\xb3\xa6bU%Q\x19Y,?J\xe1\x9b\x81\x1f\
9\xcc\xf5\x02\xe56r\xc2-3\xf6k\x14;\x0d\xdd\
\x00>\xed\xd4\x1c\xa5\xe4jya\xba\x17r\x1f\x15\xe0\
\xe3@\x94~\x979-#r\xe9\x0d\x8b\xc2\x04\x99\xb8\
(qhb\x0a\xbb\xa3*:q\x1b\x95\xd5\x12\xc7\xfe\
\xdb*\x9e\xad\x97\xf0\x1a\x01\x8a\xb5\x14\x94:\xe43\x9a\
rJL\x89\x88\xab\xb6/\xb3\xcd\xbb\xf0\xef\xb6_\x83\
\x87i\xb8Zd\x18\xb8\x01z\x91\xd2q\xf9j\x91x\
t\xa6\xc0\xf1\x8f\xb6\xb1v\xca\xc5u\xaf\x04.\xb9v\
\x0cS\x9bX\x1a&\x88{:5J/Z\xe56\x18\
oI\xae/\xb1\x22s\x8d\x1c\x82R\x80EP5\xf7\
\xb02\x1f\xc3Mh\xc3F\xc0\xd1C&\x04+\x17g\
=\x1f\x077_\x82k\xcf\x1f*\x93<\xc7\xec\xa0t\
\xf6|(Es\xbc\x81,M1\xb59Ec#\xb3\
\xbb1\xac\x9dq\xb0\xf4t\x82\xf3y\x1d\xf7}0\xc5\
\xf6\xb3\x09\x9a\x91\x8b^\x5c\xa2S\xfa\xbf\xf9\xef\xcf\x0e\
Ni\xfe\xf5\xddK\xff\x9fw\x01\xc0\xea\xe1\x13M\xcd\
d\x07\xf6\xe1z\x1c\xce1\x8dw\xd1\xdf\x97\x0e\xbf \
\xb6r\xba\x9a\xfe\xb78\xc3\x18!\x11\x99\xaa\x93\x93\x97\
AC\xbd\xedm\xf7\x98'\x82n\x00\xa6\xe7\x94\xb2\xd2\
\x11P\xfe\x99\xe4\x11]Z<\xed\xf4\xc4\x931O!\
x\x13C 8gjz\x06&3\xac\x22v_b\
3\x9d\x1b\xc5!\x95\xe4R\x17a3(\xc4k\x14\x05\
\x1d\xce\xef\xf3\xbd\xda:\x94$u<OjU\xec\xb1\
`g\xc9\xd6\x85\x045v!\x98\xcaj@\xe3\x80\x8c\
\x9e\xb2\xc4\x1d\x8cF\x82\x04$k\x98\xaa\x83@@\x1d\
l\x7f\x08\xed\xd5 \xfd5C\xac\xe2\xcb\x9e\xe6dE\
RE\x99=j\xb9\xff\xc4\xccD\x8bAy\x00\xdc\xfc\
\xbc\x1e\xba\xda\xc0\x94\x12\xe4\xd0\xab\xbe\x8aG\x19\xfb!\
\xd0\xc8\xf6\x9aG\x80p8X\xa4jM\xf7\xd7&p\
\xcb\xf6\xab\xd18\xfc\x10\xba\xc8\xb0\xc5q\xd0\xe9\x01I\
7\x11\xad\x14j6TKG\xa6\x08\xf9\xa4\x1aQ\x05\
'f\xae\xc4{\xb6^\x86#\xf0\xe1\xe7\xac\xc5=\xf4\
<\x0f\x8fOm\xc5\xd5\xf3'\xd0\xeb/\x22\x0c\x1cL\
RF})\xc6\xe9\xaf\xf8\xf8\xf2i\x07s\xaf\xea\xe1\
\xba[\xab\xb8\xe4\xea\x09qs\x8e\xfb\xcb(\xf2\x81\xea\
8r\xfeC\x8c\xa9\x95\xa5W\x1a\xd6\x83\x1c\x0a,7\
B\x07\xab\xe7R\xac\x9e\xa6\xbf\x84\xf9W\x1a\xca\x18L\
!.\x8b\xf2\xcb\xd3[q\xf5\xe6]\x8esr?j\
^Y\xce\x9e\xc8\x9c{\xde\xbd\x88\x0b\x7f\xa3\x85\xdd\xab\
9Z\x07\xd9b\x8c\xb0\xd6\xef\xe2\xc4b\x03O}\x84\
&!)\xb6\x8dS\x14)\xf3r'\xf8\xec\x97\x1a\xad\
\xdf/\xfb\x17\xbe\xab\xa9\xff\xf32\x00\xd8;\xc2\x05M\
\xe6\x9b=\xf1\xe5\x14\x92Mk)\x9c\xa4\xc4j\x1a\x1c\
P\xd9\xb7\xe1\x8b\xdbj1\xc8\x85\xb7/\x12b\x82B\
{\x08\x8cj\xb0\x1bp\x13\xd1\x99U\x05\x88tC\xa7\
C\x9a\xac\x1a}\x1aH\xdd\x9e`<M\xd9\x04\x16\x9b\
r\xf5\x8a\xa3[\xae\xd2`\xf9u=\xc3\x8b\xe7\x84\x1e\
\xff\xaci\xbb\xb2\xe9\x14{\xe0@\xd3\xd0\xe9\xde\xcc\xa7\
\xc3Y5`\xa2v9\xf4t\x0f\xcc\xe65\x1euR\
\xc2\xf0g\x01\x19\x03\x0a\xb5\x04\x12\x08Y&\xa3\xa9\x09\
A:\x19j\xd1\xf6\x9c\x0a\x91(\xee\x00\xa7\x03\xb7\xa4\
\x99\x86\x95\x03a\x8b\xcb\x18d\x88S\xf3\x08+\xc9\xf4\
\xad\xe9m !\x92\x18\x86/=L\xf5\xed\x13Y1\
\x06B\xfdy\xc2%\x12]\x05G\x90pn\x10\xebN\
H\xdd~U(\xb6\xda\x87\xaa!\xb0\x80\x1c\xef\xdbr\
9~:\xed\xa3u\xe2)\xf4\x8bB\x98\x80c\x86\xcf\
\xc1\x0a\x8b\xcd\xcd\x96\xebb0\xb9\x19\x1f\xdbv5>\
\xde\x9cE\x9f\xfa\x8aDI\x98U\x90\xe3\x1f\xb8x\xb0\
\xd2\xc2\x8e-W\xe2\xb5g\x9e@\xaf\xdf\x11\xd9U\xde\
\xa5\x8b\xfb)N\xefs\xf1\xac\xc7>C\x8a\xdc\xf1q\
\xe5Uc(\xc2\xba\xf8N\xf0\xb0PYr\xebtd\
]\x8eK\xd1\x86\x08k\x81p\x1e\xce\x9c\xf2\xd0>\xd4\
\xc64\x99\xa7\x0cN\x81\x87DS\xa0\xc2q]\xf7`\
\xd0\xc4\xe7\xb6^\xfb\xdb?<\x7f\xe8%kI~\xc3\
\x06\xf6\xae\xe7r\xefk\xef^\xc6\x93\xd7\x06\x98\x9c\x09\
\x91\xaf\xa5\xe8\xae\xfa\xa8\x9e\xe8\xe1\xa6z\x8aZ\xc5\xc9\
;+\x85\xe7V\xdc\xa3G\xeb\xce/\xdcu\xe1B\xe7\
\x0e\xd2\xdf\xbf\xcb\xa7\xff\xf3.\x00\xd8\x10 <l\xa6\
\xd3\xb1.zU\xcf\xb1\xc0\x95\x8e\xf3rB\x8fb\xaa\
\xf5\xf11\xf4\xfb1zgc\x84\xee\x18J\xb7\x87\xc2\
\xe5\x14\xa1@\xb6H9:\xcc\xda\x9e\x02s\x09\xd9_\
]m]\x95\xcb\xc8\xd9r\x13\xb6\x00\x01\xad\x18y\xca\
z_TBtN \xa7\x88%\xa7\xf5:\xca\x00\x13\
\xd5\x17v\x144\xf8\xe8\xb5\xb2\x84\xe0\xe8*OgU\
\x97)R#\xd0\xe1\xb1\x06\xb5H\xba!\xea\x09\xb6@\
ir\xb5\xef\xb4S}nM\x8d@\x90\xf74\x93a\
\x1f\x9b\x00\x1du\x04B\x95\x15r\xab%j\x93\x15\x14\
\xfd\x10\xfdv\x0f^H\xb0K\x05H\xb5M\xa7i9\
\xbcH\xc6`\x03a\xcd\xf5\xccp\x94f\x16\x1a\xdb\xd6\
\x19\x90\xe43\x10\xec\x1f\x8e\x07\xd3\x17#\x09d\x94\x96\
\xd9G\xce\x96%\xb3\x12\xa9\xa1\xad\x8e\x80\xca_\xf5c\
\xa0\xd3)P\x91\x19E\xcd.$\x88J<Uz%\
\x03\x05\xcb\xac\xbd\xae\x8f\xff\xb8\xed:\xbc=jb\xc7\
\x99\xc3\x88\xfak\x88<NHVP\x06U\xac\xb4\xa6\
\xf0\xd9\xf1\xad\xb8\xbb5\x8d\xf3TnJx\xdf]\x14\
\xac\xbf\xa9\xdf\xce\x00P\xa4\x88}\x1f\xef\x9f\xd9\x82\xa5\
F\x15?x\xea\x00\xeaK'\xd0f\xe6\xe0:\xd8\x9c\
\x178\xf9\xb4\x8f\xe3\x8e\x8bj\x04l\xde\x91c\xac^\
\x80\xbe\xa42$%\xf7\xc9R\xabT\xe9(K|x\
y\x0dQ\xa3\xc0\x85\x83\x0e\x8e\xefw\xe1\x9d\xe5\x9a\x10\
\x125;C\xe5\x9ax\x87F\xae\x97\xa5\xabI\xbf\xfb\
\xeb\x1f\xbaz\xfc\xdf\xdez\xd8\x7fe\xb3]\xbc?\xcb\
0\xbd%w\xb3)\x94\xde\xe9\xa7r'E\x17Mx\
\xb8\x14E95\xc1>T\x89\xb5\xd4\xf3*Q\xb8\xe7\
\xd9 \xfb\x87\xb7/&\x07n\x7f\x9el\xfe\xe7W\x00\
 \xf7]\xda0*\xb5L\xc1\xcf\x88\x07p\xe2p6\
CF0\xf9\xe2\x02g\x8b\x85\xab+\x88|\x9c=\x1f\
\xe2\xd9/\xa4\x88\xd7\x02\x04U\xea\xc5\xd1\xb2K\xc65\
\xe0P\xf8\x81\x91\x9f\xb1\x80<q\x12l\xb8\xf9)q\
%Hu\xac\x0e8D\xf8Y\xd7\x92\xc9%-/\x05\
\xa0\x84\xc5EZ\xab\x88m\xb2\xf4 0\x14\x9a\x9d\xcc\
\xd2\x80\xd7\xca\x85D\xf6\x98'\xa3\xa7\xec`\xf8\x86\xbd\
\x98sJ\x8c\xe3\xc5B\x9f\x15\xb3.5\x82\x10)r\
\x12\x9f\x1d\x018\xe9z\x1c\x84\xdc\xf3J\xf7Ue\x19\
\xb6%\x09B\x15B\xccq\x11\xa3\xd6,Q\xdf4\x85\
\xadW\xd4\xd0$\x83\xaeK\xc4\x9b6Z\xda\x7f\xb7\x96\
\xe5\x05\x9a\xe8w\xf8y\xb5\xc7,\xacIb\x22\xd6\xed\
f\x88+\xe8t\xa0\xa4\xf9\xc6+\xc9M\x5c\xac\x9c*\
\xd0_\x0d1\xb6\xc5\x17b\x95b\x17j?\xc6\x92\x8a\
{\x92\xc0\xe8\xdc\x85\x1a\xb2\x15\xc2d\x03Y\xcd,8\
\x5cfBr\xff\xccc\x95\x22W\xf1\x89\x93E\x89\x7f\
;\xb9\x03\xdbZ[\xb0%\x8d\xd1pS1<?\x13\
Tq.\x0c\xd1\x91\x81\x89\x0c\x0e[h\x14Q\x0d\xed\
\xc9Oeb\xd3#&\xf5\xdb\x0d\xf1\xc9\xea4\x9e\xdd\
\xd1\xc0[\x1b\x1bp\xf3\xdc>\xe4\x83\xaeH3\xecD\
\x8e\xc3O\xf6qd\xaa\x81\x1b_\xe3bb\x9c\xc2%\
:v\xcc\x80\x22\xe2\xac\x86\xe5\x97\xa7\x09\xf2\xd8Cs\
S\x13\x8b\xe7Vq\xf4\xf0*N\x7f\xa1@e\xa5\x10\
\xfdD:\x97\x9d\x9e\x98rO\xd5[\x8e3\xe8\xdd\xeb\
\xad,\xde\x11\xdf\xfb\xde/\x9a\xd6\xdd=\xffa\xc2\xfb\
\x89\x8dy\xf9\xdbY\x1f;\x83\xa2\xc4Un\xc9K\xa6\
\xe9\x1dz\xa5\xe3\xae\xac8N%\x00\xc6\x02\xef\x93\xcf\
Nm\xfd\x87\xb7\x9f9|\xfa\xf9\xb4\xf9\x9f_\x01\x80\
\x0b\xc8\x03b\x01\xb6\x1c\xf8I\x00Gf\xecS\x1d\xf6\
q\x07\x92nr\xf3\x0f\xba\x0e\x1a\x8d\x86Xv?u\
\xef\x0a>\xfb\xbe\x5c\xb2\x85\xc2\xeb\xa1\xe8z2\x1aL\
\xc6\xa6W\xd1A\x18&\x00\x99PY\xeb\x0a\x94\x054\
\xce\xf4\xd51\xd6\x94\x01\xaa)\xe0 \xef)\xa1\x86<\
v\xd7\xcf\x11\xa6\x0c%\xea\x18,U2\xfb\xc14\xa8\
\x18p\x03\xb3\xd4Pn\x82\xf0\x0dDt\xd2\x17\x1e\xb2\
x\xd8G\x9c\xd1\x97c\xd6X\x8f\xf3T\x93*_\x14\
j)R!\x198WZ`\x94x\xa8S\xc8\x16'\
\xcb\x1d\xf2Z\xd9\x11\xa8\xb1/\x9f\xa3\x16\x86\xd8\xb0+\
\xc3U\xe7\x97p\xd5\xcb\x5c\x8c\xd7\xd9\xb3NP\x92\x0f\
\xc1\x13Z\xb2\x09\x0f\xe9 \xc1\xf2\x85\x1c\xdd$\x93a\
\x22a\xf2g\x8e\xccE\xac\x0f-h\x06\xc3\xcd&P\
!\x83\x15\xd1u\x0e\xe9,\xd7q\xfaT\x05\x13;(\
\x5cK\xeb\xb6\x18NH\xec\xa2\x90\x89\xbd\xeat\x1dK\
\xe7\xfb8y\xc0\x01\x164\x93\x11J\xb6[E\x97\x01\
\xd3NkI`\x12\x16\x92\x112U\xbc\xe0T5\xc4\
\xa9*u\xffD\x0d\xc4\xf028;O\xb4R\xc7y\
\xc5\x0e\x8e\x1c\x03F\x1b9\xb9\xf9\xfd\xfc7\xed\x8c\xf8\
Y\x8e\xa3\x8e\x8b\xff0\xbd\x03o\xa9\x8f\xe3\xad'\x9f\
\x82\xd3YD\xc5)qQY`\xe1l\x0fg\x0ey\
\xd8\xb1\x8b\xfc\x11\x0e\xf0\xe8\xd88\x03\x9d\xfc*\x818\
\xc2\xd8v\x0f\x8b'\x97q\xfa\xd1\x04{\x1f,\x10?\
V`\x82YP^\x96\x91Wu\x1f\x9c\xda\xde\xeeg\
\xbd\xdf\xbe\xf4\xa1{\xfe\xd5a\xdau\xdd~\xbb\xeb\xdc\
y\xa72\xd1\x97\xf3?y\xf7T\xf8\xfamE\xfa\xcf\
\xb3\xbe\xf3\x86\xb4p&x\xa1n\xc5E\x909Y\xa3\
V>\x5c\x8cy\xff\xedW\xa6\xc7\xefz\xea\xa9\xc3\xdd\
\xe7\x03\xe8\xf7\xfc\x0d\x00zz\x0a\x0cG\x82Fr\xa1\
\xc4\xa9\xc5\x12\x9bQ\x81\xcf\x19zn\xa8\xc4\x95\x19~\
\xdfK\x11\xb5\xea8}\xb2\x8ag\xeeK\x91\xef[\x1b\
N\xf9Q\xc6\xc9\xd2m\xec\xaf\xfa\x1f\x97\x9ez\x0fj\
\x95n\x99o|\x91\xc0\xb2\xfe\xbd:\xabgd\xa3\xc4\
\x90\x8b/\x9d\xf1gbh_\x9a\x93\xac;\xea\xe8\x19\
\xaamI)V\xe8ln\xfe\xce\x0e\x13\xad\xbf\x94z\
k;\xf3V\x01\x99?[\xab\xd4\x91\x1e\xbe\xc1\xd9{\
\x18\xe0\xe8\x93t\xc2\x0d\xd0\x18\x03*\xb7TEO\xa0\
\xdba\x09R\x22$@XMq\xe1\x08p\xe1\xc2\x18\
\xca\x13\xbd\xe1`L\xbfV\xc7j\xa8\xd3\x16\xda}6\
@X\x01\xac\x94\x0e\xdaaK\xdak\xc4L\xb2C}\
\xec\xdb\x97b\xc7E-\x8coo`\xe5L\x8c4\xce\
\x90\xf5]46\x84H\x8a\x02g\x9fq\xb1r\xd4\x81\
\xdfIP\xf2g\xe7\xc0\xd9\xd68N\x1a\x91\xcc\xe1\x95\
K\x87\x86\xde\x8a4\x84\x22\x10\xc1\x81\x1a\x01\x12TF\
X\xaeH?}!N\x9e\xdc\xf0\x9c\xe7\xe7\xef\x15}\
\xb7\x1a\x06B\xdc\x11\xabmR\x97\x98\xe9Q\x83q\x80\
\x8f\xd4&\x80K_\x887\xed{\x08E|\x01\x0d\xd7\
Ag\x19\xb8p8A\xa7\xed\xa0\xd1t\xd1[!\xb5\
<\x15m\x83<\xa5\xa6\xbf\x8f\xdaL\x13g\x1f\xedc\
\xf5`\x1f\x07\xcf6q\xfc#mlu\x0aNr\x16\
\x03\xd7sW\xc76|i\xbf\x1f\xbc\xcb\xf9\xcc\xef\xdc\
w\x98\x17:\x22\xdb\xcd\xb0\xce\xd3\xfc\xe7\x16\x93\xfdp\
\xf0\xa3\x1f\x1c\xaf]]_\xce\xaf\xab\x95y\x14\x87\xae\
\xb3\x5c\xc5\x89_\xdd:\xfe\xc0SO\xcduqv\x0e\
\xb7?\x0f7\xff\xf3)\x00\xe8\xf4y\xe1?C\x02\x90\
\xe7xn\xb1X\xe2\xd0\x9e\x01.\xbd\xcc\xc5\xf4X\x84\
d\x95\x22\x0d9\xa2(@c*\xc4\xea\x5c\x1f{\x9f\
tqn\x0f[\x84\x8e\xa8\xc2n&\x98d\xb0C\xe9\
\xb6\x19~\x1eW\xba\xcew\xe8\x82\xb3\x1b\xd4n\x0e{\
\x01\xf2\xf7\xe6/F\x0fJ;`d\xdbO\x1a\x16\xf4\
%\xcd\x0a\xfbu\xeb\x1f\xc5\xcc\x9a8r\xe2\xdbi\x7f\
\x1b\x04\xac)\xaf\x99\xd2\xd5\x93XE\x8f\x0c\xd7\xc0L\
\xf4\x0d9\xb6:Q\xcf\xfd\x91\xe6\x05\xce\xde\x1dc\xef\
\xce:\xaac\x1e.\xba.B\xabI\x1b\xb2\x04\x95\xb1\
\x16\xd6\xce\xc7\x98?\x1c\xe0\xe4\xde5x\xcb\xc6p\x85\
\xac57\xc2\x0a\xe12SJ\x99\x9f*\x80\xe8jY\
\xe2\xc0\x86-x\xc5\xd9\xa7A\xe8p\xba\x9f\xe2\xd0=\
\x01\xb6m\x89q\x8d[\xa0\xb9y\x1c\xc9Z\x8e\xc6d\
\x95R%8\xf2\xb9\x0cG\x97+8\x7f\xef\x00[E\
G\x9f\x94\xdf\x10\x8f\xb66\x98\xf9\x7f\x06q;oo\
6974%\x8fdt\xd6\xba\xe28p\x12\x967\
T\x81&@k\xa4\xd7\x98\x05\x08\x95W\xdfC\xee\x9d\
5\x96\x96\x00\xa0\x0f\xa8\x08C\xddUE\x86/\xd7\xc6\
p\xd9\xc4$v\x9f\xbf \xa4\xac\xb0\x9da\xe9\xac\x87\
\xb3\x87\x1b\xb8\xec\x0558\xf9\xaa\x99\x82vP\x9d\xa8\
#\x1b\x048\xf2\xd1\x02\xbd\x8e\x87}\xf35<\xf2\xde\
U\xec\xccr\xb4\x5c\xa7X)|\x92,\xe7\x16\x83\xf8\
\xe7\x8e>t\xd73o{\xdb\xdb\xbc\xbb\xee\xba\xab\xf8\
z\xcd~\xa6\xf2\xdc\xd8\xbfZ\xa2x\xc7r\xf7\x19\x00\
\xfc\x8f\x93\xda\xfaZ\x9a\xc3\x87\x00\xef\xed@\xf1|J\
\xfb\x9fw\x01\xc0\x92!\x92\x08\xf7\xb9\xb9\xd7)\xd2\xb8\
>\x11\xa3<\xf5%\xcfyvw\x88\x1b_\x14`z\
\xcb\x14\xfc\x80\x83\x14\x0eV\x8e\xc58~\xdc\xc7\xc3\x9f\
\x1a\xa0w\xb2\x87\x9d\x8e\x83\xcd\x85HsHC\xbe\xc1\
z\xde\xa3\x0aMH\xbfv\xe6\xe1\xdcBe\xee(m\
\xc7PYL\xab\xcb\xfc\x8d\xa8\xcaV\xe0\x0aj\xcfi\
2\xa6\xb6l3z\x22r\xa1\xc8\x16\x17n`\x8c\x8b\
52\x10;\xa0\x04\x057\xadWpH\x87'\x93\x0e\
\x04e\xa2\xcb\xc7Of\x04\x22\xa4\xc7\xaf\xef\xa5AA\
\xf3\x16mh\xb0\x82\xd6\x0c\x835\xab\x95\x12\x13\x8a+\
\x07\x8d\x98\x83\xe4\xe2\x94\x85\xad\x03\x0f\xfb>\x96bj\
K\x00o\xa9\x8d\x0d\x97\xe6\x88Z\x01\x96\x8f\x17X>\
\xe2\xe1\x99\x93\x15,~n\x15\xbb<\x8am\x96\xa89\
\x0e\xf6W7`U\xdc\x81\xac\xd1\xaa\xd1\x0f\x90\x22=\
\xc3\xd7j\xe3xIk\x03\xd2\xb59lp\x1d\xac\xec\
Ip\xdf\xa7X\x13D\xb8t\xa5\x86\xb1\x09\x1f\xedS\
]\xcc\x1f*q2\xa9\xe0\xc1\x8f&\xd8\xb6\x94\x09\xd6\
\x97\x15%\x16&7\xe3\x81\xd6\xb4>H\xe3}9\x1c\
\x19\x96\x97\xd9\xd0\xcc\xa7\xf8\x98\x12\xde\x9b\x0c\xfe\xc48\
\x8a\x0d\x1bd\xd3;\xa7\xcfh}\x1e\x1aM\x03\xfb\x9d\
\x12\x8c\x8d\x0b\x93$\xdf\xa6-,\xf7M\xdb\xbc\xab(\
p\xd4\xa9b\x87\xe0\x8f\x0e8\x9fu\xeaY\x0fs\xc7\
\x1dLT\x12\x8c_\x5c\x81\x9bS\xa5\xb9\xc0\xf2\x01\x07\
+\x07b\xac\x94\x01\x1ez<\xc2\xc1\x8f-aW\x9e\
c\xc6u\x8a\xe5\x9cZ\xe0\xc5`\x90\xb9\xff\xf4\xce\xb9\
\xb9gn\xc7+\xfc;\xef\xbak\xbd\x7f\xfau/\xbb\
\xb1\x19\x08\xae\x02\x9c\xb7\xad\xff\x93\xb0\x0e\xde\xbenJ\
\xfd\xbc|=/\x02\x00\xd5P\xb8\xf8\xef\xb9({\xfc\
\x0d'\xf0\xc5n\xee\xbe%\xccQl<\xe7:\x0f\xde\
\xddE\xa5\xde\xc6\xf6\x89\x10u\xd6\xff\x9d\x18s\xbd\x08\
_\xfat\x89\xd3_\xed\xe3r\xc7\xc1\xc5%\xca\x05V\
tn\xe9\xd4\xaa\xc1\xe3n\x99\xffq99\xb6\xb7\x91\
\xd6\xf2\xc77\xec~\xeb\x99\x0d\xb3?\xd9wJ\xa7\xc8\
(\x16\xed\xba\x85\xef;\x14\xc1\x14}~\x22\xfal\x09\
\x91ih\xd8nb\x12I4>a0 \x1e\xecK\
[R\xbe\x88\x9bPl\xa6\x08\xe0q\xd3\x97\xd2\xd2\xa2\
\x80\x06\xd3Q\x02\x98\x1e{\xff\xf4.\x1c\x92\xfc\xd4l\
S\x9d\xbb\x14K`\xc5\xcd\xcd-$\x13\xba\xca\x08\x09\
\xa8\x80G\x8a\xb21\x19!lA\xa1\x8b\x89\xa4\x87\x1d\
\xfd.f\x96\x8f\xe1l\x96`\x0a9\xb6\x9fv\xf1\xd5\
?L\x91\xbc\xa9\x8bl\x10!\xcac\xc4E\x1f{\xe6\
C<\xfa\xfe\x1e\xae\xea\x10\xfc\xd4\xa9\xc8\xa0\xb1\x01w\
Om\xb5\xec\xa6\xf5\xf4\xdc\x0c\xf90h\x1dr\x03|\
u\xfb\xb5\xb8\xed\xe0CXL\xd7\xb0-\xc8p\xec+\
9\xee\xc9\x0a\xb4_\xe3`\xac\xec Is\x9c\x5ci\
\xe2\xa9O\xbbh\x9d\x18`\xdcw\xd1\xcd\x1c\x8cyU\
|v\xdbn\xcc\x87t9\x12{\xcfaP\xd5\x97Q\
b\x22&@\xaam\x91\xc1oV\x91m\xdc\x88\xa4\xd9\
\x92\x9a\xdem\xb7\xe1Ps\x8d\x1eb\xa3lE\x11U\
\xb1}\xfbu\xfa\xb2\x04o\xdfG\x99&\xf0{\x1d\x94\
\xf5\x0a\xe6\xae\xbb\x05\xbd\xf61\xe4\xddUL\xe6>*\
G\x12<\xfa\xe5\x00\xf5\x10\xe8\x9e\xef#\xf4\xaaX]\
\x1a`\xad\xef\xe3\xc4B\x05\x8f\x7fa\x80\xfc\x996\xae\
\xf2\x8ar\xccu\x8a\xc5\xbc\xf4\x82\xc8\xed\x07\x88\xfe\xe1\
?\xcaz\x7f\xa0?\xe9+\xd97\xb8\x86\x9f\x97'\xfc\
_\xf4\xfa\xae\x8f#\xda\x97\x05H~?\xaa}_\x92\
\xc6\x1f\xef\x16E09\xe98's8\xa7/vq\
\xf3+\x22\x8cy).t\x0a<\xf5\x15\x1f\xd8\x9f\xe0\
*\xa7\xc4\x16\xa0X\x22\xb7.\xf0\x9dFY\xfd\xf5'\
j\xab\xff\xfa\xceU\xac\x0c\xdf\xf8\xf6\x0f\x85x\xea\xe1\
w\xc2\xc5?\x83\xeb^$\x22\xfd\x22\xf9\xc2\xe9\x22;\
p3\xd2\x1f66e\xb2\x08\x07\x035\x14 /\x5c\
\xd0D\x82V\xc6\x1cc]B\xc7\x16\x1a\xeb^[\xb6\
~\xb0\xc2\x9aV]d\xa8\x1eb\x0a\x0eIBL\xaa\
l\x8d;\xe5\xfdM\xbb\xd3\xfam\xb9\x0e\xeaE\x81\xbf\
\xb7r\x1a/>\xf18\xe6z\xcb\xd8\xc4\x1c5\xc9\xf1\
l\xd5A\xf5\xea\x00\xd4\x96H\x96\x1dt\xf7\xa6\xb82\
)0\xe9\x00\x17J\x07\xdb\xc3*>\xbd\xed\x05\xf8\x9f\
\x13[\xe0\xd0\x9c\x82\xb2\xbbV\x10\xc4\x9e\xb2lMv\
V\xd0\xcc\x0b\xfc\xcc\xb9\x03\xb8\xec\xd8#\x88\x9d\x12\xad\
\xd2\xc1\x99\xb2\xc4\xb1\x09\xce<\x95p{.\xca\x0b\xc0\
\x0e\x14\xd8\xe4\xb8X#O\x1f\x1e\x9e\xbe\xe8&\xbc{\
\xe6bU\x03\xaa5\x8d\x15\x91!\xd8\xd8\x15\x96dp\
9qX\xaf\xa0\xd8\xbc\x09\xce\xf8\x84\xa2\x1c\x22\xb4\xe8\
\x228zD\x86z8[0|&\x96\x85$]\x17\
s_\xed\x1c/\xbb:\x0c\xd0\x9e\x83pb\x02\xe9\xd8\
\x18\xa6\x1c\x0f?\xfb\xd0\xa7\xd0z\xfa^\xd4<\x17\x13\
e\x81g<\x17\x9d\xcb&\xb1\xf9\xb2\x04\x15\xaf\x8b\xe5\
e\x07\xf3\x07<\xe4'3lD\x8e\xcdT\xf5.]\
\x97\xc1\xb8\x08\xdc\xe3\x99\xe3\xff\xd3_H\x93\xbb\xc4\xae\
\xf2\x7f\xd3M\xfd\xbfe\x00\xb0\xcaX\x5c:\x1f\xa8y\
\xbf\xd5\x8d\xf3\x7f\xb0V \xdb\xd8t\xbc\x85\x9e\xeb\x1c\
s]\xc4\x1c\x10\x8a]lts\x5c\xe6\x95e%w\
\x8aU\xa7\xf4\x9a>\x10\xf9\x8d_{S\xaf\xf3.\xd3\
\xcf\xf6\xee2o\xfa\x0e\x93\x82\xcd\xdc\xf0\x86\x1d+3\
\xdb\x7f)\x8d\x82w\x22\x8c\xeaN\xa9\x5cA6\x88\x85\
I'\xfc~;\x84g\x06r\xa4\xb5V\xc0MR8\
\x83\x1e\xcaXSw\xa9o\xe50\xb7g\x9d\xa9\xf3\xed\
\xdd\xd4\xa1\x04\x83~kp\xb1\x1a\xfcC\x01M\xf1*\
\xe4\x97\xa8B\x8c\xfa\xeb\x18\xcc\xc0\xfc'\xea\xbdff\
\x97\x9d\x8dJ\x96\xe3\x17\x96O\xe0\x85g\xf6\xe0\x1cI\
5\xec:8\xc0y\xd6\xf1\x03\x07\xf5\xb2\xc0\x06\xce>\
\xc0A\xa7(\xb0\xc9\x0d\xf0\xe0\x8e\x1b\xf0\x1f\xc7\xb6!\
\x0bC\x94\xad1\x94\xe2\xd2i\x815\xab\x0aR\xc2\x1d\
\xf4P\xf4:\x98-r\xfc\xfd\xb3\xfb\xb0\xe3\xec\xd3\xe8\
\xe7\x05\xe5\x08$\xab\xe9\x9b\x8f$\xb2\x05\x12\xa7J\x8c\
;\x01\x1e\xbb\xf4F\xfc\x97\x99\xddhs\x04\xb7\xda@\
\x19\xf1\xfd\x19\xd8\x94$\xecR|\x83\xf7\x90\xa8\xff\xec\
\x0c\x8a\xa9i\x95 O\x09\xc8\x91[\x11\xc0?~\x14\
\xf9\xc22\xca\x0a\xc56,\xf6b%\xc8\xac\xd2\x91\xb9\
\xb7y\x06/\xe3\xbc\x87\x07wr\x12)K\x08>\xc6\
\x84\x86-\x05nZ]\xc4?\xf8\xda\xa7\x91\xcd\x1d\x92\
\xf7\x99\xac\xbbX\x8c\x0b\x9c\xc88\x9cM\xd1w\x07\x13\
^YNQ\x1e\xa0\x0f7!\xeb\xdcCY\x0b\xdc\x8f\
\xce\xd5\xfc\xff\xe7W\x96\x92\xbd\xcfG\xb4\xfe\xafC\x00\
\x18\x96\x8e\xbf\xb1{\xd3\xf4E\xa7\x96\x7f\xb7\x93eo\
Z,sL\x94(\xc6\x8c{\x93\x0c\xcc\xb8%\xfa\xa5\
,\x01\xb4*\xe59'p~\xed\xcdK\xe9\x7fq\x1c\
\xa7|\xd7\x9f\xee\xb3:x\xdb\xdb\x5c\xdcu\x97\x04\x02\
\xef\xd5?\xf5\xaa\xa2\xd9\xba\xbd\xacT^A\xf1\xca2\
g\xcf\x90/\xe5\xaf\x0e1\xbd!\xf1\xc8x\x01\xb2\xbd\
EBB\xaf\x8b\x22\xa6d\x99\xf1\x00\x1b\x02]\x06\x02\
4'\xab\xdd\xb8\xc3\xcd>,\x87\xcdO\xb0<\xff\xa1\
W\xa7\x16\xe7JT\xb1Sk\x06\xcd\xe4\xff2\x03\xf4\
\x95%~f\xf5<\xbe\xef\xf4cX\xeaw\x91\xb8@\
\xe4\xb1\xdc(D\xa1\x9b8\x01y\x8b\xd3\xd5\x08\x9f\xdb\
t\x13~g\xc3N\x15\xa9\x0c|\x94\xf5&J\xdf\x00\
\x81V\xb5\xd4^N\x9e\xc0\xeb\xb4\x91g\x198\xe0\xfc\
\xb7\x17O\xe1e'\x9eD\x9a\xaeI\x7f\x9d\x04C)\
o\xb2\x92$c\xe4\xe33\xf8\xe4\xa6\xab\xf1\x91\x89\xad\
\xc8D\xc0\xc4A\xd9h\xa20\xf4h7\xa5B\xaf\x83\
\xa0\xd5@6\xb3\x01e\xab\xa5r\xabd\xe5pCs\
\xb6\xde\xf5\xe0\x1f?\x8ela\x01\x05\x01B\x1b%G\
\xf4\x93\xd4\x8cX,\x97\x94f\x1cx\xf0&'\x91M\
NH\x8b\x90%\x80\xb6\x115`\x06y\x82\x9b\xe6\x17\
\xf1\xa3\xfb\x1eD\xfd\xd4\x13\xe8d\x05*\xbeSV\x8a\
\x92p\x8dS\x04\x0e\xe8h\xce\xfbT\x92l\xe6\xb9O\
\xc4A\xf1\xeb\xbf\xf4\xbb\xc5\x87\xf1v\xc9\xbf\xfe\xdal\
\xfe\xe7]\x00\x18\xa9\x1c\xcb\x7f\xbc\xb55\xf9\xaa\xa5\xee\
\x1d@\xf1c\xddA9.\xd9\xf2H\xe6\x1cU\x9c\xb8\
\x12\x94\x9f9\xed\x06\xb7\xff\xdd\x95\xf4\xa9\x91\x8a\xf3\xcf\
\xe1W\xdf\xee\xa2\xbcC\xa7\x876\xddTso\xb8\xe5\
\xef\x94\xf5\xe6\xcf\xa1\x12]\x22\xcc?\xd5\xfba+\xda\
\x0e\xbc\xe9k\xd8& aFA\xbc2\xcdPv\xfb\
p\xfa}\xf2tux\xc7lh\x9d\xf0\xd4\x16\x84\xfc\
nD\x81\xe79Wf\xcc9\x86\x04\xe8\xd1\x9f'\x15\
\x84\x15\x084z\x00Y\x06?K\x91f\x9cy\x07~\
\xa0\xb7\x84\x1f9u\x00\xe3\xab\x0b\xc8\xca\xae\x8e\xda\xf2\
\xe7\x87\x0d\x9c\x9b\x9a\xc1\xc7\xc6/\xc5\xe7\xab\x93*P\
\xea\xfbH\x02\xa6\xe7\x0d\xed\xab\x9b\xcf\xb3\xde\x86P\xbd\
\x01\xa7\xdf\x857\xe8\x8b\xcc\x16!\xc9[\xfam\xbc|\
\xe5\x0c\xb6v\x16\x11\x89\x94u\x8e~\x14\xe1\xe9\xe6v\
\xdc\xbda3\x8e\xf9\xda \x95\xf7\x10)n2\x1f]\
\x84\xb5:05\x81tr\x02y\xad6\xdc\xc0\x8a\xd1\
z\x92\xe6\xbb\xdd.\xbc\xa3GPtc\xe4\xd5\x9a\xe5\
2\x9b\xfb\xa6\xad`>\x17\x875>\x7f\xadU\x80\xc9\
)d\xe3c\xc2\xd1(\x13NT\xda\x91]\x1e\xe3d\
s*7\xc3\x8b\x07\xd8\xdc\x19\xe0-\xe7N\x94/=\
\xf2@\xe9\xac\xce\xb9=\xd7A\x92\x17H\x08\x16\x97\xfe\
\xf9(\xc0\x83\xa8\x04\x9f\xbc\x7fb\xfa\xa3\xef?yr\
\x99?\xf6\xcf8<\xfe\x7f\xffz\xde\x05\x80\xd1 \xc0\
\xdf\xff\xdexp\xed\xe6A~\x9d\x1b\x06\xd7\xf8y\xd2\
 H\x9eG\x98_lx\xf7\xbc\xfd\x5c\xf6\x80\xa9\x9a\
\x0dY\xf8\x1b\x18\xae\x18\xb5`~\xf1[wx\x9b.\
\xfa\x85\xb2V\xfb\x09\x04\xd1D\x99\x0dx\xea\xaa\x85\xf0\
st\x7f\xcdU\x19\x15\x1d\xeb\x1c,\xe6\x1bq\x0a\xf4\
\xfb(\xf8+\x11{\xdb\xb7\x96o\xb1\x0d@\xfb\xfd#\
\x1fp\xe4o\xb5\x14\xd0\x12DK\x84u\x0bo\xf9\x02\
\xf1<`\xf3 \x86\x1b\x0f\x94\x98\x04\x17\xe3y\x8e\x17\
\xf4;\xd8\xd5k\xa3^&Xv\x03\xec\xa9\x8d\xe3\xc9\
\xa8\x86\x94\xe0\xa5\xd0\x82\xc5\x99\x14NXA\x11\x99\x0d\
+\xd3\x89*\x835\x0c8\x0c\x82\xdch\xbd\x0e\x1c:\
\xf0\xca\xd8\xb2b\x22U\xa7@\x93\xad\xb5\x12X\xf5]\
\xb4en\xa1\x80\xc7\xf9\x04\xd2p\xd9\xdf\xafT\xe0M\
L\xa2\xd88+\xa5FN0\x90<n\xc9\xe1\xd9\xc2\
eHq\xe0\xd0\xed\xf7\xfcY\xe0\xfc\x1c\x0a\xfa\x1c2\
\xed\xd7\xb1M\x13\xec\x94\x18D1\xb2\x92F\xaa\xcd&\
\x8a\x89\x09\x14\xcc.,f \xc6\x8ezs4\xe12\
\xb8\x0cq\x01\x96[iV\x16k\xab\x9c\x19woN\
c\xdc\xb0xtp\xf9\xca\xf1\xdf\xdbv\xe2\xc4\xbd\xed\
\xc1 i\xd7jO\xfeB\xa7s\xc8b \xdf\xd4\xfa\
\xf9\xff\xd9\xeby\x19\x00\xf8\x1ai\xc3\xff\xb9\x0f\xe5[\
\x88\xda\x0en\xbf\xdd\x19\x06\x827\xfc\xbd[\x9c\xf1\x0d\
\xff\xa4\x0c\x82\xb7 \x08#'eCQP9\x85\xae\
\xbf.\xcd\x1fz\x93\x8b\xbc\xab:\x03\xf3\xa4B\x1c\xc3\
\xa5\x19=\x0d@\xf9e\xca3\xd6\xf1fK\xc0\xb1\xc0\
\xdb0E0b\x9d\xc6\xf2x\xd8\xef\x1ef\x05\xc3B\
X\x17<]\x8c\x08\xa6\xc9\x04\x1f\xff\x9d\xefo\x07\x0d\
L\xba\xccl\xc5we\xd2P$\xba\x99\xb9\x84\xac\xcd\
\xad5\xd8z\xae$\xa3\xbd\xb6\xd8\x16\xfb]\x82\x9e\xfc\
/S\xda\xb4m\x99\x12\xac4\xc2\x18\xecN8\x0cJ\
E\x8e\xb0VC\xbeq#\xd2\xe9I\xe4\x95\x9a~-\
\xd3|\xa1\x05\xb3mG+\xc1\x18\xe1\xca2\xbc\xa5%\
d\xab\xab*p\xc4\xafe \x22\x0e`\xa5\xda\x89i\
\xf0\xef\x9bu8\xcd\x06\xd2jU0\x02\xc9\xb2\xf8\x9e\
\xf69X0p}FY?\x0fi\xa2EY\xb0#\
\xeb\x10\xafY\xbe\xc0\x12\xffsp\xcb\xf7\xe0\xa6\xff\xfc\
i\xdci}\xd1\xf5\xdb\xfe\x08\xf0\xde\xa6\xf4\x8b\xbfv\
\x1b\xffy\x1f\x00\xeck\xa4\xbf:\xfa\x90\xec9\xf9-\
F\xed\xdb]\xfe\x00\x1b\x08\xbc\x1f\xfa\x85W\x17\xb5\xd6\
?D\x14\xfc u\xb1\x99f\xf2(t\x5c\xd7)U\
H\xc0 \x95zzZEY\x151\xd1M,5D\
\x1c\xa3\xe8v\xa5\xd7-\x12\xd1\x06T\xb4*9\xcfq\
\xe8\xb5\xcc\xa0a90\xf2!% \xd8\x19\xe9\x119\
c\xa6\xbe)u\x05uZN^\x06%\x97?\x09\xfb\
Nq\x8b\xc2d\x002Pco\x9d\x5c\xaf\x0d0\xc3\
\xa6\xbd\xba\x17Q\xd4\x92\xac\x03\x9e\xb4\x96:,%\x82\
\xb5\x06\xcfQ\xa1\xaf\xe1\xf88\x8a\xa9\x19d\xcd\xa6\x8c\
\xea\xea\xd7\xd8\x96\xb7\xe9\x020\x93X[E\xb44\x0f\
/M\x91\xf9!\x0a\x8e?S.\x9bYT\x14\xc2\x0f\
#\x91\xe7\xcajU\xd6ur\x9d2\x97!LA\x9e\
\xf4\xa6;2|\xd2V\xd3\xc0\x5c\x9b\x00\x1c\xc35\xe0\
:\xfc\xbc\xfdn\x1f\x9d\xf6'\xbc\xf9s\xbf\xf3+_\
\xfe\xc3{\x7f\xd5p\xac>h\xc8\x9a\xcf\x8a\x0f\xc5_\
\xafT\xff\x7f\xdb\x00\xf0W\xf2bYp\x87\xc1\x07\xc8\
\xf6\xff\xc1_xK\xd1\x18\xfb\xf92\x0c_\x05N\xe2\
\xa5B\x03\xe6P\xbf\x92\xdaU\xa5\xf4\xb9}n{J\
\x8b\x98\xa7!\xfc\xb0^'N0\xa0\xc0\x04\x19pL\
\xad\xcd\xf7XW_\xa3g\xb0\x8e\x06\x8e\xb4\xe8\xec\x7f\
\xa3kUu\xd1\x8c\x0b\x8f\xe9\x1d\xc8\xdf\xd9\xa1c\xf3\
\xfe\xbcF\x9e\xfe\xdc\x88L\xc7\x85\x84\xb3\x1e|F+\
\x0d\xc9T\x86\xe3\x8a#\x9fG\xc4E\x0b\x01 \x03b\
\x07\xf5\x06\xd2\xb1q\xb8\xe3\xe3\xc8\xb9Y\xf95\xcc\x16\
\x94\x7fe\x04F\x0c\xcb\xcf\x94B\xdc\x90r\x8a{#\
\x98\xc6\x10\x0f\xd1\x1b\xa0l>\xe2\x04\xebV^\xeb\xb9\
\x9f\xdd\xf9#\x99\x8ef\x02\xea\xacB\x16\xb5P\x86\x01\
\xaf\xdf\x9fG\xd2\xff\x98\xb3x\xfe\x0f\xb3O\xbd\xe7\xbe\
\xe1\xfb\xdc\xfe.\x96}\x7f-S\xfc\xbf\xe8\xf5\xbd\x00\
\xf0\xf5\x81\xe0W\x7fU8\xb8W\x02\xe1\x81\xb7\xfd\xd2\
\x1b\xcbZ\xe3g\x10\x04\xaf-iOK\x99.v\x0d\
t\xb3\xea\xd8\x1e_\xfc\xa3\xcc\xc8\xaf\xa7\xa5J\x87U\
N\x81T\x11<\xcd\xe2\x01\x9c\xc1\x00\xf9`\xa0\x9as\
\x86\xe4\x22\x14X\xcb\x07\x90\xd7\x08(8\x1a \x8c\xb1\
\xa7U\xb5\x19>\xbd\x91\x19|\xedL\xe8f\x94/\xb0\
\xb4Zy\xb1\xe5\xa8\xdf\xa7\x81\xc8\x962\xb6\xfe\xa6D\
:\x89:\x06\x03\xf0\x028\xf5*\xbc\xb11\xe4l!\
\x86\x91\xecmq\xdd\xc9\x8c\x91\xa6\x09>\xc3k\x95$\
\xc7\x90\xa6\x99\x1dI\xe0\x19\xf9,F\x89H\xc7\xf3F\
\x01P\x03\x80\x88\xb0\x89\xc9\x9a\x86\xdbuD\xbb\x80\xf2\
G\x12?=\x97\xfe\x81%\x07\x95\xd2d\x0f\xba\xfd\x0f\
L,\x9e\xf9\xf8\xd2\xdd\xff\xf3\x80\x9du\xc0\xbb\xbe\xb7\
\xf1\xff\xa2\xd7\xf7\x02\xc0_\x80\x0f\xbc\x02\xf0\xef{\xeb\
?\xbe\xadhM\xfc-7\x0a\xdfX\x06\xd1\xb8\xd8?\
\x89\xaa/\xb3\x02*\x94\x98\xf5n\x07V\xec\xa6\xe2\xcb\
\xa0\xdbf\xeeX7\x87\x9c\xde\x19\xdc8A\xd9\x1fh\
\xa9\xc0\xe0B\x85_3\xd2\xa4\x0e!\xe6\xad\x87=D\
C\x1f6VVCf\xdcs\x8a#;>d\xbe\x7f\
\xf8\x1e#$%\xab5h6=k}\xb2\x17\xc9\x15\
\xf0\xa2\x10N\xad\x86\xa2ZEVaJNb\x8el\
<\xf5T\xb4\xef5L\xcdu\xd7k\x85dOg\xc3\
\xa3\xd0K^\x0f\x02\x96ha\xf1\x86aR`\x83\x90\
\xcdxF>\x87\xfe\x8cR$\x9eHm\xf4B\x95U\
\x1b\xf4\x97\x9cA|7\xda+\x7f\x94\x7f\xe9c_\x02\
'\xf5\xf4g8\xb8\xe3\x0e>\xbf\xefm\xfco\xe0\xf5\
\xbd\x00\xf0\xe7\xbf\x9e\xc3\x1f\xe0+x\xcb\xcf\xdeP\x8c\
M\xfdHQ\x89~\x00~pU\xc9Yu\xedC\x17\
\xb29\xb4w72m3r\xc2~\x1dAH\xdaq\
V\xe3\xc0\xd6\xcfq\x8a\x82f\x93\x83Dt\xfa\xf9\xde\
\x1c\xfe\xb1\x1bA\x95\x87U\x01xh=f\xdc}\x86\
\xe4\x193e \x0a\x89\xe6d\xa7\x0c\x8a\xeca\xf35\
L\xf9\xc5t%d\xdd\x1d@\xca\x1c\x02n\xac\xbf)\
\x81e\xb2\x0c\xcbF\xd4\xcff\x19\x92v\x93\xafw9\
l \x18\x96 \xd2\xe24\x0e9\xfc\xadm=\xca=\
0\xf2e\xa6h\x19\xf2-l\x96b\x93\x1d\xc7a\x13\
\xc2|d\xcf\x95\x8e\x04[\x7fY\xf1\xb8\xd7m\x7f\xd4\
={\xf2#\xc9\x17\x7fw\xef\xf0}o\xa7\x8a\xcc\x1d\
C<\xe7{\xafo\xec\xf5\xbd\x00\xf0\x8d\x06\x82\x0f}\
\xc8\xa8\x81\x02c\xd7\xbdb\xbc}\xc5Kn+\xea\xcd\
w \xf0_\xed\x84\xc1\x98\x9cb\xd2\xa2\xe21n\x1a\
\xf9\xea\x92\xf1\xdc\x1e\xff0u_\xdf *\xd3\xb5\x9e\
%h\x13@A\xb9\x92\xca8d\xcd\xe5\xb9\x10n<\
\x96\x12lwI\xcbKO_i\x0a\x0e\xf7\x9d\x0e9\
\xe5\xbe/\xda\xfe)K\x10\x11\xd5`G@\xebq\xd1\
\xf2\xb7\x98\x80\xfc,\xcb7\xe0\xe0\xc2\xfa\xe9\xbdnh\
6\xeca\x98\x1a\xdc\xd8~\x99\xd2d\xd4\xfcl\xf89\
\xed\xaf\xd2r4\xa7<\x03\x0f\xcb\x1dSE\x0d;\x1c\
\xc3\xc0(\x17\xafi\x86\xeb\xb9\x0eg\x0b\xd8\xdf\x8f\xfb\
\xe7\x90\x0c\xbe\xe8.]\xf8\xd0\xf8G\xdf\xfb\xa5E,\
\xb6\x87\xa7\xfd\xdb\xdf\xce m\xdb$\xdf{}\x93\xaf\
\xef\x05\x80o\x16#\x90Sf\xbd\x9d\x14\xfc\xc0\xffq\
M96\xf9\x03yT\xfb~x\xde\x0dN\x18\xd5\xc4\
\xb8\x94\x9eq\xca2\xd4\xe9\x1f\xc9\xdeGk{Q\xda\
\x1c\xb1\xd1\xfa\xba\x9fej\xe9\xf5\xb6\xdd\x88\x85\xaf\xbe\
\x81\xf9;\xe3Ph:\x96z\x82\xdb\x0e\xc2\xfa\xe9<\
\xfc\xb9B\xa5\xb4\xbf7B\x9f2nk\xd2t;\x1f\
1\xe4=\xac\x07,}+{\x01\xe6\xcf#\x09\xcf\xfa\
\xb5s\x04\x99mJ\xbd\xe6!\x17b\x88E\xd8`\x22\
 H\xe9\x88\xc8\xa0\xe3\x94aHYa-7\xe2x\
\xc9\xc9\xf3\x07\x82N\xf7\xe38u\xf4\xf3\xf1\xbd\xef=\
\xb6\xfe\x1c\xbew\xda\x7f\xbb^\xdf\x0b\x00\x7f\xb9\x97\x83\
\xb7}\xc8\xc5\x87\xff\x06\xe9g\xf6\xefB\xff-\xff\xc7\
\xb5\x98\x9c\xb9-\x0f\xa3\xdbJ\xd7\xbd\xc9\xf1\x83\x86R\
Y)ID\x9d+cm,Mr\xb3sT\xa9R\
\xdf\xc1\xda\x03\xdb\x97%\xd1XR\x90\xa5\xab\x0c\xd9\x83\
\x06\x1d\x1f\x06\x0b[n\x8c\xd8\x0c\xdb\xe6\x82t&(\
\xbab\x90~A\xeaG\x01F3\x98d\xc1\xc3\xd1\xbd\
j\xda\x9dbr\xc2\xe39\xa7Q\xc9\x10\xf90\xa4(\
-\x0dT\x07\xc0d0\xb6lX\x07\x1d\x0d\x99A\xc9\
\x07N\x99\xbb4t\xd1s?\xa7\x82\xf0\x02\xd2\xf4\x01\
\xf4{\x9f\x09\xe7\xcf\x7f)\xfd\xdc{\xf6\xaf\xe3\x80\xdf\
;\xed\xbf\x13\xaf\xef\x05\x80o\x07`\xb8\xf7*\x07w\
\xbd}t\xee\xdb\x0f~\xf8\x17\xaf\xc9\xab\xcd\xd7\x15\xa1\
\xffJ\xf8\xe1\xf5\x8e\xe7mR\xcc\x80\xbdm\xa6\xf1\xe2\
!-\xbbF\x1d\xa3mc\xce\xd2t\xbf\x8e\xf6`|\
\x11\xed\x80\xa0\x96\x09\xaao8\x04\xf9\xcc@\x92\xce\xc8\
\x9b/|\xcef\x1e\xb6\xcbu\xb3\x13W\x13/\x10\x13\
\x84\x86\xf8\xe1\x9fQ\xb6\x0c\x87\x06\x14\xe4\xb4\x1c\x04\xf6\
\xf4m\xd6 \x9f\xc0\x06\x11\xad\xf3E\x89OT\xd65\
Eq\x1d\x96 \xe2\xeaR\xc0\xe9u\x07e\x92\xecu\
\xb2\xf4a\xa7\xdb{\xb0\x98;q?\xbe\xfa\x81C\xeb\
\x1f\xdb\x01~\xe4\x8f<\x5c\xf9l\xf9\xbd\xd3\xfe;\xf3\
\xfa^\x00\xf8\xce\x07\x03D\xaf\xf8\x89\x9d\xd9\x96\xcd7\
\xe6a\xf5V\xf8\xde\x8b]\xcf\xbb\xbcp\xfc1U\xb7\
\x11\xef,;\xd0bJ\x06\xebWmp\x04{\xd2\x0e\
\x050\xecf4\x9b\xda\x22\xfd6\x99\xb0-6\x994\
\x5c7\x08\x1d\xba\xd0\x09\xab\xcf\x00z\xacRD\xbf`\
$h\xd8\xf7\xb3\xedE\xfb~\xd290\xf4Y\x83e\
\x88\xd0\x093\x83\xb2PEti{\x96f\xa6\x89\xe2\
\x1aT;\xb5\xfe\xda\x83\xdc)\x9d\x13e\x9e<\xed\xf6\
\xfa_q\x97\x96\xee\xcb>\xf5n\x02y\xaa\xd5\xf6\xa7\
7\xfd\xf7\x90\xfc\xef\xf0\xeb{\x01\xe0;\x1d\x0c\x9e[\
&\xf0\x15\x85\xdf\xff\xf7/\xc9Zc\xd7\x96\x95\xda\x0b\
J\xdf\x7f!\xe0\xed\x82\xeb\x8c;a \x8dvA\xc5\
% H\xbd\xae\xff\xa3E/_C\xde\xdbP\xbc\x8c\
9\xf8P\xff_\xfe\x96i\xbe\x09.b\x82i\x98\x81\
\xeb\x0c\xc4\xaf+5\xf4}\xd73t^\xc3\xe8\xa9?\
LP$\x18\x94l\x1f\x0aja%\x7f5\xd8\xa8\xbe\
\x82\xa5\x1e[\xfanY\x9cr\xcb\xe2\x11\xf4\xba\xf7\xbb\
\xed\xf6\xa3\xd9\xf1}\xff_{W\xcf\xd2@\x10Dg\
\xe6\x8ex!(\x06\x22\x97(H\x02Z\x98B\xb4\x11\
,\xad\xac-\xfc\x03\xfe\x12\x7f\x8ep\x85\xad\xad\x08\xb6\
\x1a\x88\x81\xa0\x90\x22b4\x16F\x89\xc9\xc5\xec\xdd\xc8\
\xce\xdd\xe6\x03\xd42\xa6\xb8W-\x5c\xb1\x5c13;\
3o\xe6\xd5\xe0\xf6\xe2u\xean\x9d\xd3\xd7<L\x8c\
~\xf6H\x1c\xc0,\x9dA\xf9\x98'\x0b\x881R\xce\
\xc1I\xc1_\xc9\x15H\xb7\x16\x9d\x85]D{\x9b\x11\
\xd7\x99\xd0\x05\xdbvb\xfd\xefq4\x96]\xe3\xe3\x81\
\x98h#\xc9\xe8\xb6q\xc4F\xc3\x06\xd4\x1fD\x9eW\
8\xccq\xf1.\xe23\x1bVc\xac\x14$\xa1[\x9c\
\xd0\xa8W/\xd5E\x93\xffG\xf3\x001\xccY\xbf`\
\x86_Cbns\x08MV\x83:(U\xb1\xfa\xdd\
\xea\xc2s\xa3\xda\xbb:oM\xfd\xb1\xe4\xf3\x1e%\x06\
\xff\xffH\x1c\xc0\xfc9\x04\x0d\x82\xfd\xa3\x1c\xe4\x8b\x05\
pR\x1b`9kH\xd6\x16Y\x94\x0d-k\x93\x19\
\xb2H\x98\x97\xbe\x19\xa1#l?\xd3[\x17in\xd3\
e\x88\xcf\xf1\xb5\xa3b\x9e\xd9W \x8a7\x13\x93\x15\
\xb2\x03\xd1P\x84'\x98\x8d\x81R\xc8\xac8P\x01\x12\
=\xa1\xa8\xa8p\x03C\xd5\x0e\x94\xba'5h\x86=\
\xff!\xddn=\xee]\x9f\xb5/E\xfe\xe87\x83?\
\x8d\xf3\x8a\x04\xf3\x80\xc4\x01\xcc\x8bC\xd0\xf8\xdb)\x08\
\x5c\xd7\xcd\xbc\x94\x0e\x97\x9d\xd5\xa5\xa2o/\xea\x00^\
\xa2T\xaa\x18\x22)F\xad\x86\x80;`Y\x99h\x95\
\x11b4\x0d(\xbb\xf1\xd3Hd\x07A\xf8)K\x87\
\x013\xc0\xa2c\xdd\x8f\x1e\x05\x11CQK\x85\x87\xac\
e?\xa8\x82Ju\xc2@\xef\xf2\xa2;\x18\xf8\xef\xf6\
G'Po\xdd\x06tnzX\xafK/\xfeGK\
6Oz\xf0\x00\xbc2\x03$\x05<\x98S|\x03\xa1\
N\xecA\xec\xf9:I\x00\x00\x00\x00IEND\xae\
B`\x82\
"

qt_resource_name = b"\
\x00\x08\
\x08\xc4\x90\x82\
\x00l\
\x00a\x00u\x00n\x00c\x00h\x00e\x00r\
\x00\x05\
\x00o\xa6S\
\x00i\
\x00c\x00o\x00n\x00s\
\x00\x16\
\x037\x0f\xff\
\x00p\
\x00w\x00_\x00l\x00a\x00u\x00n\x00c\x00h\x00e\x00r\x00_\x00i\x00c\x00o\x00n\x00_\
\x003\x00.\x00i\x00c\x00o\
"

qt_resource_struct = b"\
\x00\x00\x00\x00\x00\x02\x00\x00\x00\x01\x00\x00\x00\x01\
\x00\x00\x00\x00\x00\x00\x00\x00\
\x00\x00\x00\x00\x00\x02\x00\x00\x00\x01\x00\x00\x00\x02\
\x00\x00\x00\x00\x00\x00\x00\x00\
\x00\x00\x00\x16\x00\x02\x00\x00\x00\x01\x00\x00\x00\x03\
\x00\x00\x00\x00\x00\x00\x00\x00\
\x00\x00\x00&\x00\x00\x00\x00\x00\x01\x00\x00\x00\x00\
\x00\x00\x01\x99\xcbGr3\
"

def qInitResources():
    QtCore.qRegisterResourceData(0x03, qt_resource_struct, qt_resource_name, qt_resource_data)

def qCleanupResources():
    QtCore.qUnregisterResourceData(0x03, qt_resource_struct, qt_resource_name, qt_resource_data)

qInitResources()
